2025-11-14 09:12:27,902 - INFO - Testing extraction on: 2023 PPs/SIMD20230101AQU_USA.xml
2025-11-14 09:12:28,125 - INFO - Extraction results:
2025-11-14 09:12:28,125 - INFO -   Horses found: 69
2025-11-14 09:12:28,125 - INFO -   Trainers found: 41
2025-11-14 09:12:28,125 - INFO -   Owners found: 51
2025-11-14 09:12:28,125 - INFO - 
Sample horse data:
2025-11-14 09:12:28,125 - INFO -   registration_number: 18009698
2025-11-14 09:12:28,125 - INFO -   horse_name: Igottahaveit
2025-11-14 09:12:28,125 - INFO -   foaling_date: 2018-02-06
2025-11-14 09:12:28,125 - INFO -   year_of_birth: 2018
2025-11-14 09:12:28,125 - INFO -   foaling_area: NY
2025-11-14 09:12:28,125 - INFO -   breed_type: TB
2025-11-14 09:12:28,125 - INFO -   color_code: CH
2025-11-14 09:12:28,125 - INFO -   sex_code: G
2025-11-14 09:12:28,125 - INFO -   breeder_name: E. Siobhan McCormack, Gregory A. Byrnes
2025-11-14 09:12:28,125 - INFO -   sire_registration_number: 09015548
2025-11-14 09:12:28,125 - INFO -   dam_registration_number: 08000931
2025-11-14 09:12:28,125 - INFO - 
Sample trainer data:
2025-11-14 09:12:28,125 - INFO -   external_party_id: 494
2025-11-14 09:12:28,125 - INFO -   first_name: Bob
2025-11-14 09:12:28,125 - INFO -   middle_name: G.
2025-11-14 09:12:28,127 - INFO -   last_name: Dunham
2025-11-14 09:12:28,127 - INFO -   type_source: TE
2025-11-14 09:12:28,127 - INFO - 
Sample owner data:
2025-11-14 09:12:28,127 - INFO -   external_party_id: 2116693
2025-11-14 09:12:28,127 - INFO -   first_name: None
2025-11-14 09:12:28,127 - INFO -   middle_name: None
2025-11-14 09:12:28,127 - INFO -   last_name: McCormack, E. Siobhan and Byrnes, Gregory A.
2025-11-14 09:12:28,127 - INFO -   type_source: O6
2025-11-14 09:12:28,127 - INFO - 
Testing database insertion...
2025-11-14 09:12:28,133 - INFO - Inserted 69 horses
2025-11-14 09:12:28,137 - INFO - Inserted 41 trainers
2025-11-14 09:12:28,141 - INFO - Inserted 51 owners
2025-11-14 09:12:28,145 - INFO - Database verification:
2025-11-14 09:12:28,145 - INFO -   Horses in DB: 69
2025-11-14 09:12:28,145 - INFO -   Trainers in DB: 41
2025-11-14 09:12:28,145 - INFO -   Owners in DB: 51
2025-11-14 09:12:28,145 - INFO - 
Sample database record:
2025-11-14 09:12:28,145 - INFO -   registration_number: 18009698
2025-11-14 09:12:28,145 - INFO -   horse_name: Igottahaveit
2025-11-14 09:12:28,145 - INFO -   foaling_date: 2018-02-06
2025-11-14 09:12:28,145 - INFO -   year_of_birth: 2018
2025-11-14 09:12:28,145 - INFO -   foaling_area: NY
2025-11-14 09:12:28,145 - INFO -   breed_type: TB
2025-11-14 09:12:28,145 - INFO -   color_code: CH
2025-11-14 09:12:28,145 - INFO -   sex_code: G
2025-11-14 09:12:28,145 - INFO -   breeder_name: E. Siobhan McCormack, Gregory A. Byrnes
2025-11-14 09:12:28,145 - INFO -   sire_registration_number: 09015548
2025-11-14 09:12:28,145 - INFO -   dam_registration_number: 08000931
2025-11-14 09:12:28,145 - INFO -   created_at: 2025-11-14 14:12:28
2025-11-14 09:12:28,145 - INFO -   updated_at: 2025-11-14 14:12:28
2025-11-14 09:13:53,210 - INFO - Starting horse data extraction from 2023 PPs
2025-11-14 09:13:53,210 - INFO - Using 45 workers with high-memory optimization
2025-11-14 09:14:06,355 - INFO - Found 5925 XML files to process
2025-11-14 09:14:07,257 - ERROR - Error processing file ('2023 PPs\\SIMD20230101AQU_USA.xml.zip', '__MACOSX/._SIMD20230101AQU_USA.xml'): 'utf-8' codec can't decode byte 0x80 in position 37: invalid start byte
2025-11-14 09:14:22,870 - INFO - Performing batch database insert...
2025-11-14 09:14:56,407 - INFO - Processed 100 files. Horses: 6776, Trainers: 2043, Owners: 3984
2025-11-14 09:15:32,070 - INFO - Processed 200 files. Horses: 13663, Trainers: 2828, Owners: 6737
2025-11-14 09:16:05,312 - INFO - Processed 300 files. Horses: 18424, Trainers: 3163, Owners: 8357
2025-11-14 09:16:40,338 - INFO - Processed 400 files. Horses: 21596, Trainers: 3329, Owners: 9448
2025-11-14 09:17:14,847 - INFO - Processed 500 files. Horses: 23921, Trainers: 3516, Owners: 10197
2025-11-14 09:17:49,091 - INFO - Processed 600 files. Horses: 25527, Trainers: 3618, Owners: 10757
2025-11-14 09:18:23,750 - INFO - Processed 700 files. Horses: 26963, Trainers: 3715, Owners: 11252
2025-11-14 09:18:58,140 - INFO - Processed 800 files. Horses: 28655, Trainers: 3998, Owners: 11873
2025-11-14 09:19:30,722 - INFO - Processed 900 files. Horses: 30059, Trainers: 4102, Owners: 12473
2025-11-14 09:20:05,297 - INFO - Processed 1000 files. Horses: 31840, Trainers: 4273, Owners: 13109
2025-11-14 09:20:38,877 - INFO - Processed 1100 files. Horses: 33133, Trainers: 4365, Owners: 13617
2025-11-14 09:21:14,650 - INFO - Processed 1200 files. Horses: 34361, Trainers: 4478, Owners: 14119
2025-11-14 09:21:50,407 - INFO - Processed 1300 files. Horses: 36011, Trainers: 4652, Owners: 14745
2025-11-14 09:22:18,973 - INFO - Processed 1400 files. Horses: 37393, Trainers: 4765, Owners: 15180
2025-11-14 09:22:40,343 - INFO - Processed 1500 files. Horses: 38956, Trainers: 4945, Owners: 15857
2025-11-14 09:23:11,152 - INFO - Processed 1600 files. Horses: 40318, Trainers: 5073, Owners: 16417
2025-11-14 09:23:40,274 - INFO - Processed 1700 files. Horses: 41919, Trainers: 5235, Owners: 17068
2025-11-14 09:24:09,342 - INFO - Processed 1800 files. Horses: 43312, Trainers: 5398, Owners: 17731
2025-11-14 09:24:34,697 - INFO - Processed 1900 files. Horses: 45135, Trainers: 5580, Owners: 18496
2025-11-14 09:25:03,812 - INFO - Processed 2000 files. Horses: 46415, Trainers: 5676, Owners: 19012
2025-11-14 09:25:31,993 - INFO - Processed 2100 files. Horses: 47896, Trainers: 5786, Owners: 19594
2025-11-14 09:26:02,617 - INFO - Processed 2200 files. Horses: 49313, Trainers: 5872, Owners: 20115
2025-11-14 09:26:27,682 - INFO - Processed 2300 files. Horses: 50620, Trainers: 5962, Owners: 20609
2025-11-14 09:26:52,916 - INFO - Processed 2400 files. Horses: 51691, Trainers: 6042, Owners: 21007
2025-11-14 09:27:21,852 - INFO - Processed 2500 files. Horses: 52572, Trainers: 6115, Owners: 21371
2025-11-14 09:27:53,104 - INFO - Processed 2600 files. Horses: 53597, Trainers: 6217, Owners: 21802
2025-11-14 09:28:17,700 - INFO - Processed 2700 files. Horses: 54468, Trainers: 6302, Owners: 22172
2025-11-14 09:28:46,666 - INFO - Processed 2800 files. Horses: 55752, Trainers: 6425, Owners: 22725
2025-11-14 09:29:18,038 - INFO - Processed 2900 files. Horses: 56616, Trainers: 6501, Owners: 23045
2025-11-14 09:29:46,947 - INFO - Processed 3000 files. Horses: 57250, Trainers: 6533, Owners: 23289
2025-11-14 09:30:12,821 - INFO - Processed 3100 files. Horses: 57824, Trainers: 6577, Owners: 23505
2025-11-14 09:30:42,446 - INFO - Processed 3200 files. Horses: 58406, Trainers: 6623, Owners: 23761
2025-11-14 09:31:11,693 - INFO - Processed 3300 files. Horses: 59056, Trainers: 6669, Owners: 23993
2025-11-14 09:31:38,525 - INFO - Processed 3400 files. Horses: 59729, Trainers: 6701, Owners: 24247
2025-11-14 09:32:03,681 - INFO - Processed 3500 files. Horses: 60337, Trainers: 6739, Owners: 24470
2025-11-14 09:32:32,913 - INFO - Processed 3600 files. Horses: 61065, Trainers: 6767, Owners: 24737
2025-11-14 09:33:01,921 - INFO - Processed 3700 files. Horses: 61641, Trainers: 6789, Owners: 24924
2025-11-14 09:33:30,509 - INFO - Processed 3800 files. Horses: 62164, Trainers: 6818, Owners: 25110
2025-11-14 09:33:56,291 - INFO - Processed 3900 files. Horses: 62891, Trainers: 6874, Owners: 25333
2025-11-14 09:34:24,544 - INFO - Processed 4000 files. Horses: 63398, Trainers: 6910, Owners: 25511
2025-11-14 09:34:52,056 - INFO - Processed 4100 files. Horses: 63894, Trainers: 6934, Owners: 25703
2025-11-14 09:35:20,365 - INFO - Processed 4200 files. Horses: 64375, Trainers: 6959, Owners: 25903
2025-11-14 09:35:47,305 - INFO - Processed 4300 files. Horses: 64938, Trainers: 6982, Owners: 26098
2025-11-14 09:36:17,572 - INFO - Processed 4400 files. Horses: 65444, Trainers: 7011, Owners: 26290
2025-11-14 09:36:48,599 - INFO - Processed 4500 files. Horses: 65946, Trainers: 7055, Owners: 26481
2025-11-14 09:37:18,398 - INFO - Processed 4600 files. Horses: 66466, Trainers: 7084, Owners: 26641
2025-11-14 09:37:45,775 - INFO - Processed 4700 files. Horses: 66871, Trainers: 7115, Owners: 26817
2025-11-14 09:38:15,053 - INFO - Processed 4800 files. Horses: 67475, Trainers: 7162, Owners: 27038
2025-11-14 09:38:45,236 - INFO - Processed 4900 files. Horses: 67944, Trainers: 7184, Owners: 27226
2025-11-14 09:39:14,159 - INFO - Processed 5000 files. Horses: 68576, Trainers: 7211, Owners: 27449
2025-11-14 09:39:40,026 - INFO - Processed 5100 files. Horses: 69119, Trainers: 7230, Owners: 27600
2025-11-14 09:40:08,482 - INFO - Processed 5200 files. Horses: 69659, Trainers: 7251, Owners: 27758
2025-11-14 09:40:40,168 - INFO - Processed 5300 files. Horses: 70180, Trainers: 7285, Owners: 27896
2025-11-14 09:41:10,506 - INFO - Processed 5400 files. Horses: 70705, Trainers: 7302, Owners: 28066
2025-11-14 09:41:39,631 - INFO - Processed 5500 files. Horses: 71276, Trainers: 7327, Owners: 28245
2025-11-14 09:42:10,107 - INFO - Processed 5600 files. Horses: 71868, Trainers: 7353, Owners: 28422
2025-11-14 09:42:38,122 - INFO - Processed 5700 files. Horses: 72377, Trainers: 7369, Owners: 28614
2025-11-14 09:43:09,499 - INFO - Processed 5800 files. Horses: 72912, Trainers: 7386, Owners: 28792
2025-11-14 09:43:30,182 - INFO - Processed 5900 files. Horses: 73532, Trainers: 7430, Owners: 28955
2025-11-14 09:43:33,432 - INFO - Inserted 73941 horses
2025-11-14 09:43:33,681 - INFO - Inserted 7435 trainers
2025-11-14 09:43:35,134 - INFO - Inserted 29070 owners
2025-11-14 09:43:35,563 - INFO - ============================================================
2025-11-14 09:43:35,563 - INFO - EXTRACTION COMPLETE
2025-11-14 09:43:35,563 - INFO - ============================================================
2025-11-14 09:43:35,563 - INFO - Files processed: 5924
2025-11-14 09:43:35,563 - INFO - Horses extracted: 73941
2025-11-14 09:43:35,563 - INFO - Trainers extracted: 7435
2025-11-14 09:43:35,563 - INFO - Owners extracted: 29070
2025-11-14 09:43:35,564 - INFO - Errors: 1
2025-11-14 09:43:35,564 - INFO - Duration: 1782.35 seconds
2025-11-14 09:43:35,564 - INFO - Files per second: 3.32
2025-11-14 09:43:35,564 - INFO - ============================================================
2025-11-14 16:40:21,845 - INFO - Starting horse data extraction from 2023 PPs
2025-11-14 16:40:21,845 - INFO - Using 45 workers with high-memory optimization
2025-11-14 16:40:22,275 - INFO - Found 5925 XML files to process
2025-11-14 16:40:22,455 - ERROR - Error processing file ('2023 PPs\\SIMD20230101AQU_USA.xml.zip', '__MACOSX/._SIMD20230101AQU_USA.xml'): 'utf-8' codec can't decode byte 0x80 in position 37: invalid start byte
2025-12-16 08:06:55,958 - INFO - ============================================================
2025-12-16 08:06:55,958 - INFO - STARTING FULL RACING DATA EXTRACTION PIPELINE
2025-12-16 08:06:55,958 - INFO - ============================================================
2025-12-16 08:06:56,188 - INFO - Starting horse data extraction from 2023 PPs
2025-12-16 08:06:56,188 - INFO - Using 45 workers with high-memory optimization
2025-12-16 08:08:06,799 - INFO - Found 5925 XML files to process
2025-12-16 08:08:06,807 - ERROR - Error processing file ('2023 PPs\\SIMD20230101AQU_USA.xml.zip', '__MACOSX/._SIMD20230101AQU_USA.xml'): 'utf-8' codec can't decode byte 0x80 in position 37: invalid start byte
2025-12-16 08:08:17,492 - INFO - Performing batch database insert...
2025-12-16 08:08:36,505 - INFO - Processed 100 files. Horses: 6782, Trainers: 2043, Owners: 4056
2025-12-16 08:08:56,031 - INFO - Processed 200 files. Horses: 13643, Trainers: 2837, Owners: 6783
2025-12-16 08:09:13,320 - INFO - Processed 300 files. Horses: 18434, Trainers: 3195, Owners: 8414
2025-12-16 08:09:36,508 - INFO - Processed 400 files. Horses: 21569, Trainers: 3345, Owners: 9491
2025-12-16 08:10:02,069 - INFO - Processed 500 files. Horses: 23853, Trainers: 3512, Owners: 10213
2025-12-16 08:10:26,114 - INFO - Processed 600 files. Horses: 25481, Trainers: 3637, Owners: 10801
2025-12-16 08:10:49,615 - INFO - Processed 700 files. Horses: 26898, Trainers: 3724, Owners: 11297
2025-12-16 08:11:13,758 - INFO - Processed 800 files. Horses: 28484, Trainers: 3999, Owners: 11861
2025-12-16 08:11:34,500 - INFO - Processed 900 files. Horses: 29965, Trainers: 4110, Owners: 12514
2025-12-16 08:11:56,803 - INFO - Processed 1000 files. Horses: 31758, Trainers: 4277, Owners: 13154
2025-12-16 08:12:20,527 - INFO - Processed 1100 files. Horses: 33059, Trainers: 4369, Owners: 13665
2025-12-16 08:12:46,375 - INFO - Processed 1200 files. Horses: 34280, Trainers: 4482, Owners: 14165
2025-12-16 08:13:15,390 - INFO - Processed 1300 files. Horses: 35942, Trainers: 4656, Owners: 14789
2025-12-16 08:13:43,599 - INFO - Processed 1400 files. Horses: 37323, Trainers: 4766, Owners: 15221
2025-12-16 08:14:08,707 - INFO - Processed 1500 files. Horses: 38894, Trainers: 4948, Owners: 15900
2025-12-16 08:14:37,064 - INFO - Processed 1600 files. Horses: 40270, Trainers: 5075, Owners: 16459
2025-12-16 08:15:05,382 - INFO - Processed 1700 files. Horses: 41877, Trainers: 5234, Owners: 17106
2025-12-16 08:15:33,687 - INFO - Processed 1800 files. Horses: 43280, Trainers: 5398, Owners: 17774
2025-12-16 08:15:58,311 - INFO - Processed 1900 files. Horses: 45112, Trainers: 5587, Owners: 18539
2025-12-16 08:16:25,506 - INFO - Processed 2000 files. Horses: 46393, Trainers: 5681, Owners: 19056
2025-12-16 08:16:53,442 - INFO - Processed 2100 files. Horses: 47860, Trainers: 5783, Owners: 19627
2025-12-16 08:17:22,681 - INFO - Processed 2200 files. Horses: 49307, Trainers: 5876, Owners: 20172
2025-12-16 08:17:41,906 - INFO - Processed 2300 files. Horses: 50584, Trainers: 5960, Owners: 20651
2025-12-16 08:18:01,360 - INFO - Processed 2400 files. Horses: 51655, Trainers: 6039, Owners: 21047
2025-12-16 08:18:21,348 - INFO - Processed 2500 files. Horses: 52536, Trainers: 6112, Owners: 21412
2025-12-16 08:18:43,496 - INFO - Processed 2600 files. Horses: 53575, Trainers: 6216, Owners: 21847
2025-12-16 08:19:00,608 - INFO - Processed 2700 files. Horses: 54448, Trainers: 6301, Owners: 22213
2025-12-16 08:19:20,929 - INFO - Processed 2800 files. Horses: 55724, Trainers: 6426, Owners: 22766
2025-12-16 08:19:41,394 - INFO - Processed 2900 files. Horses: 56593, Trainers: 6503, Owners: 23079
2025-12-16 08:20:00,834 - INFO - Processed 3000 files. Horses: 57227, Trainers: 6534, Owners: 23329
2025-12-16 08:20:19,287 - INFO - Processed 3100 files. Horses: 57801, Trainers: 6576, Owners: 23546
2025-12-16 08:20:39,067 - INFO - Processed 3200 files. Horses: 58380, Trainers: 6621, Owners: 23802
2025-12-16 08:20:58,552 - INFO - Processed 3300 files. Horses: 59056, Trainers: 6666, Owners: 24044
2025-12-16 08:21:18,809 - INFO - Processed 3400 files. Horses: 59710, Trainers: 6697, Owners: 24288
2025-12-16 08:21:38,178 - INFO - Processed 3500 files. Horses: 60318, Trainers: 6735, Owners: 24511
2025-12-16 08:21:59,489 - INFO - Processed 3600 files. Horses: 61040, Trainers: 6761, Owners: 24778
2025-12-16 08:22:19,748 - INFO - Processed 3700 files. Horses: 61634, Trainers: 6784, Owners: 24965
2025-12-16 08:22:41,334 - INFO - Processed 3800 files. Horses: 62199, Trainers: 6810, Owners: 25150
2025-12-16 08:23:00,325 - INFO - Processed 3900 files. Horses: 62844, Trainers: 6863, Owners: 25368
2025-12-16 08:23:20,140 - INFO - Processed 4000 files. Horses: 63383, Trainers: 6905, Owners: 25553
2025-12-16 08:23:40,966 - INFO - Processed 4100 files. Horses: 63893, Trainers: 6930, Owners: 25749
2025-12-16 08:24:02,549 - INFO - Processed 4200 files. Horses: 64380, Trainers: 6954, Owners: 25953
2025-12-16 08:24:23,248 - INFO - Processed 4300 files. Horses: 64920, Trainers: 6977, Owners: 26140
2025-12-16 08:24:44,886 - INFO - Processed 4400 files. Horses: 65445, Trainers: 7006, Owners: 26345
2025-12-16 08:25:08,320 - INFO - Processed 4500 files. Horses: 65921, Trainers: 7049, Owners: 26523
2025-12-16 08:25:34,336 - INFO - Processed 4600 files. Horses: 66450, Trainers: 7080, Owners: 26683
2025-12-16 08:25:56,359 - INFO - Processed 4700 files. Horses: 66962, Trainers: 7105, Owners: 26882
2025-12-16 08:26:22,249 - INFO - Processed 4800 files. Horses: 67428, Trainers: 7150, Owners: 27075
2025-12-16 08:26:47,565 - INFO - Processed 4900 files. Horses: 67890, Trainers: 7171, Owners: 27267
2025-12-16 08:27:13,246 - INFO - Processed 5000 files. Horses: 68522, Trainers: 7197, Owners: 27492
2025-12-16 08:27:31,933 - INFO - Processed 5100 files. Horses: 69090, Trainers: 7218, Owners: 27645
2025-12-16 08:27:52,637 - INFO - Processed 5200 files. Horses: 69700, Trainers: 7244, Owners: 27798
2025-12-16 08:28:16,776 - INFO - Processed 5300 files. Horses: 70127, Trainers: 7277, Owners: 27935
2025-12-16 08:28:42,250 - INFO - Processed 5400 files. Horses: 70658, Trainers: 7294, Owners: 28107
2025-12-16 08:29:04,538 - INFO - Processed 5500 files. Horses: 71227, Trainers: 7319, Owners: 28287
2025-12-16 08:29:29,787 - INFO - Processed 5600 files. Horses: 71799, Trainers: 7343, Owners: 28465
2025-12-16 08:29:53,600 - INFO - Processed 5700 files. Horses: 72323, Trainers: 7361, Owners: 28658
2025-12-16 08:30:19,530 - INFO - Processed 5800 files. Horses: 72870, Trainers: 7378, Owners: 28835
2025-12-16 08:30:36,501 - INFO - Processed 5900 files. Horses: 73480, Trainers: 7422, Owners: 28997
2025-12-16 08:30:38,775 - INFO - Inserted 73889 horses
2025-12-16 08:30:38,996 - INFO - Inserted 7427 trainers
2025-12-16 08:30:39,835 - INFO - Inserted 29113 owners
2025-12-16 08:30:40,172 - INFO - ============================================================
2025-12-16 08:30:40,172 - INFO - EXTRACTION COMPLETE
2025-12-16 08:30:40,172 - INFO - ============================================================
2025-12-16 08:30:40,172 - INFO - Files processed: 5924
2025-12-16 08:30:40,172 - INFO - Horses extracted: 73889
2025-12-16 08:30:40,173 - INFO - Trainers extracted: 7427
2025-12-16 08:30:40,173 - INFO - Owners extracted: 29113
2025-12-16 08:30:40,173 - INFO - Errors: 1
2025-12-16 08:30:40,173 - INFO - Duration: 1423.98 seconds
2025-12-16 08:30:40,173 - INFO - Files per second: 4.16
2025-12-16 08:30:40,173 - INFO - ============================================================
2025-12-16 08:30:40,248 - INFO - Starting Past Performance extraction from 2023 PPs
2025-12-16 08:30:40,248 - INFO - Using 45 workers with standardization
2025-12-16 08:30:40,500 - INFO - Found 5924 Past Performance XML files to process
2025-12-16 08:30:58,929 - INFO - Processed 100 files. Races: 193, Entries: 1738
2025-12-16 08:31:10,628 - INFO - Processed 200 files. Races: 352, Entries: 3226
2025-12-16 08:31:19,799 - INFO - Performing batch database insert...
2025-12-16 08:31:19,924 - INFO - Inserted 510 races
2025-12-16 08:31:21,057 - INFO - Inserted 4695 entries
2025-12-16 08:31:21,153 - INFO - Inserted 919 equipment records
2025-12-16 08:31:22,928 - INFO - Processed 300 files. Races: 479, Entries: 4430
2025-12-16 08:31:33,711 - INFO - Processed 400 files. Races: 627, Entries: 5797
2025-12-16 08:31:45,228 - INFO - Processed 500 files. Races: 766, Entries: 7075
2025-12-16 08:31:57,639 - INFO - Processed 600 files. Races: 875, Entries: 8128
2025-12-16 08:32:07,096 - INFO - Performing batch database insert...
2025-12-16 08:32:07,306 - INFO - Inserted 502 races
2025-12-16 08:32:08,356 - INFO - Inserted 4628 entries
2025-12-16 08:32:08,467 - INFO - Inserted 1052 equipment records
2025-12-16 08:32:11,468 - INFO - Processed 700 files. Races: 1005, Entries: 9276
2025-12-16 08:32:22,603 - INFO - Processed 800 files. Races: 1157, Entries: 10668
2025-12-16 08:32:33,534 - INFO - Processed 900 files. Races: 1280, Entries: 11831
2025-12-16 08:32:45,650 - INFO - Processed 1000 files. Races: 1417, Entries: 13092
2025-12-16 08:32:53,218 - INFO - Performing batch database insert...
2025-12-16 08:32:53,312 - INFO - Inserted 506 races
2025-12-16 08:32:54,505 - INFO - Inserted 4876 entries
2025-12-16 08:32:54,672 - INFO - Inserted 936 equipment records
2025-12-16 08:32:59,661 - INFO - Processed 1100 files. Races: 1533, Entries: 14225
2025-12-16 08:33:11,709 - INFO - Processed 1200 files. Races: 1672, Entries: 15492
2025-12-16 08:33:24,171 - INFO - Processed 1300 files. Races: 1820, Entries: 16843
2025-12-16 08:33:36,614 - INFO - Processed 1400 files. Races: 1956, Entries: 18232
2025-12-16 08:33:38,843 - INFO - Performing batch database insert...
2025-12-16 08:33:38,981 - INFO - Inserted 501 races
2025-12-16 08:33:40,033 - INFO - Inserted 4825 entries
2025-12-16 08:33:40,202 - INFO - Inserted 807 equipment records
2025-12-16 08:33:49,133 - INFO - Processed 1500 files. Races: 2086, Entries: 19508
2025-12-16 08:34:00,233 - INFO - Processed 1600 files. Races: 2206, Entries: 20674
2025-12-16 08:34:11,420 - INFO - Processed 1700 files. Races: 2353, Entries: 22033
2025-12-16 08:34:23,359 - INFO - Processed 1800 files. Races: 2472, Entries: 23137
2025-12-16 08:34:27,499 - INFO - Performing batch database insert...
2025-12-16 08:34:27,639 - INFO - Inserted 509 races
2025-12-16 08:34:29,214 - INFO - Inserted 4854 entries
2025-12-16 08:34:29,327 - INFO - Inserted 717 equipment records
2025-12-16 08:34:34,578 - INFO - Processed 1900 files. Races: 2590, Entries: 24235
2025-12-16 08:34:44,760 - INFO - Processed 2000 files. Races: 2727, Entries: 25470
2025-12-16 08:34:53,597 - INFO - Processed 2100 files. Races: 2903, Entries: 27010
2025-12-16 08:35:03,248 - INFO - Performing batch database insert...
2025-12-16 08:35:03,467 - INFO - Inserted 500 races
2025-12-16 08:35:03,680 - INFO - Processed 2200 files. Races: 3017, Entries: 28045
2025-12-16 08:35:04,482 - INFO - Inserted 4578 entries
2025-12-16 08:35:04,623 - INFO - Inserted 623 equipment records
2025-12-16 08:35:14,285 - INFO - Processed 2300 files. Races: 3133, Entries: 29044
2025-12-16 08:35:22,942 - INFO - Processed 2400 files. Races: 3294, Entries: 30462
2025-12-16 08:35:34,334 - INFO - Processed 2500 files. Races: 3406, Entries: 31404
2025-12-16 08:35:46,421 - INFO - Performing batch database insert...
2025-12-16 08:35:46,687 - INFO - Inserted 501 races
2025-12-16 08:35:46,687 - INFO - Processed 2600 files. Races: 3546, Entries: 32612
2025-12-16 08:35:47,955 - INFO - Inserted 4295 entries
2025-12-16 08:35:48,252 - INFO - Inserted 559 equipment records
2025-12-16 08:35:57,000 - INFO - Processed 2700 files. Races: 3666, Entries: 33619
2025-12-16 08:36:08,107 - INFO - Processed 2800 files. Races: 3791, Entries: 34711
2025-12-16 08:36:19,435 - INFO - Processed 2900 files. Races: 3925, Entries: 35885
2025-12-16 08:36:28,748 - INFO - Performing batch database insert...
2025-12-16 08:36:29,063 - INFO - Inserted 503 races
2025-12-16 08:36:30,472 - INFO - Processed 3000 files. Races: 4054, Entries: 37029
2025-12-16 08:36:30,577 - INFO - Inserted 4486 entries
2025-12-16 08:36:30,717 - INFO - Inserted 597 equipment records
2025-12-16 08:36:40,743 - INFO - Processed 3100 files. Races: 4208, Entries: 38301
2025-12-16 08:36:51,157 - INFO - Processed 3200 files. Races: 4336, Entries: 39393
2025-12-16 08:37:01,982 - INFO - Processed 3300 files. Races: 4459, Entries: 40430
2025-12-16 08:37:11,428 - INFO - Performing batch database insert...
2025-12-16 08:37:11,718 - INFO - Inserted 513 races
2025-12-16 08:37:12,653 - INFO - Processed 3400 files. Races: 4587, Entries: 41552
2025-12-16 08:37:12,874 - INFO - Inserted 4365 entries
2025-12-16 08:37:12,964 - INFO - Inserted 612 equipment records
2025-12-16 08:37:23,280 - INFO - Processed 3500 files. Races: 4723, Entries: 42764
2025-12-16 08:37:34,952 - INFO - Processed 3600 files. Races: 4867, Entries: 44017
2025-12-16 08:37:45,299 - INFO - Processed 3700 files. Races: 5003, Entries: 45096
2025-12-16 08:37:52,861 - INFO - Performing batch database insert...
2025-12-16 08:37:53,101 - INFO - Inserted 510 races
2025-12-16 08:37:54,557 - INFO - Inserted 4403 entries
2025-12-16 08:37:54,679 - INFO - Inserted 546 equipment records
2025-12-16 08:37:56,073 - INFO - Processed 3800 files. Races: 5127, Entries: 46151
2025-12-16 08:38:06,777 - INFO - Processed 3900 files. Races: 5275, Entries: 47370
2025-12-16 08:38:16,739 - INFO - Processed 4000 files. Races: 5416, Entries: 48493
2025-12-16 08:38:27,717 - INFO - Processed 4100 files. Races: 5536, Entries: 49563
2025-12-16 08:38:34,983 - INFO - Performing batch database insert...
2025-12-16 08:38:35,218 - INFO - Inserted 504 races
2025-12-16 08:38:36,672 - INFO - Inserted 4275 entries
2025-12-16 08:38:36,940 - INFO - Inserted 616 equipment records
2025-12-16 08:38:38,798 - INFO - Processed 4200 files. Races: 5661, Entries: 50604
2025-12-16 08:38:50,699 - INFO - Processed 4300 files. Races: 5804, Entries: 51854
2025-12-16 08:39:01,220 - INFO - Processed 4400 files. Races: 5968, Entries: 53314
2025-12-16 08:39:13,690 - INFO - Performing batch database insert...
2025-12-16 08:39:13,826 - INFO - Processed 4500 files. Races: 6121, Entries: 54628
2025-12-16 08:39:13,954 - INFO - Inserted 500 races
2025-12-16 08:39:15,687 - INFO - Inserted 4534 entries
2025-12-16 08:39:15,829 - INFO - Inserted 568 equipment records
2025-12-16 08:39:25,540 - INFO - Processed 4600 files. Races: 6295, Entries: 56277
2025-12-16 08:39:37,164 - INFO - Processed 4700 files. Races: 6429, Entries: 57487
2025-12-16 08:39:49,603 - INFO - Processed 4800 files. Races: 6585, Entries: 58864
2025-12-16 08:39:56,376 - INFO - Performing batch database insert...
2025-12-16 08:39:56,942 - INFO - Inserted 513 races
2025-12-16 08:39:59,000 - INFO - Inserted 4775 entries
2025-12-16 08:39:59,148 - INFO - Inserted 628 equipment records
2025-12-16 08:40:02,901 - INFO - Processed 4900 files. Races: 6740, Entries: 60365
2025-12-16 08:40:14,882 - INFO - Processed 5000 files. Races: 6914, Entries: 61982
2025-12-16 08:40:26,516 - INFO - Processed 5100 files. Races: 7053, Entries: 63281
2025-12-16 08:40:39,096 - INFO - Processed 5200 files. Races: 7166, Entries: 64365
2025-12-16 08:40:40,555 - INFO - Performing batch database insert...
2025-12-16 08:40:40,866 - INFO - Inserted 500 races
2025-12-16 08:40:42,500 - INFO - Inserted 4724 entries
2025-12-16 08:40:42,546 - INFO - Inserted 658 equipment records
2025-12-16 08:40:52,156 - INFO - Processed 5300 files. Races: 7322, Entries: 65789
2025-12-16 08:41:05,610 - INFO - Processed 5400 files. Races: 7486, Entries: 67372
2025-12-16 08:41:19,712 - INFO - Processed 5500 files. Races: 7682, Entries: 69243
2025-12-16 08:41:21,812 - INFO - Performing batch database insert...
2025-12-16 08:41:21,931 - INFO - Inserted 509 races
2025-12-16 08:41:23,389 - INFO - Inserted 4780 entries
2025-12-16 08:41:23,546 - INFO - Inserted 842 equipment records
2025-12-16 08:41:33,095 - INFO - Processed 5600 files. Races: 7853, Entries: 70790
2025-12-16 08:41:45,547 - INFO - Processed 5700 files. Races: 8030, Entries: 72359
2025-12-16 08:42:00,561 - INFO - Processed 5800 files. Races: 8203, Entries: 74002
2025-12-16 08:42:00,781 - INFO - Performing batch database insert...
2025-12-16 08:42:01,093 - INFO - Inserted 503 races
2025-12-16 08:42:02,924 - INFO - Inserted 4772 entries
2025-12-16 08:42:03,090 - INFO - Inserted 917 equipment records
2025-12-16 08:42:11,889 - INFO - Processed 5900 files. Races: 8415, Entries: 76063
2025-12-16 08:42:12,015 - INFO - Final batch database insert...
2025-12-16 08:42:12,027 - INFO - Inserted 106 races
2025-12-16 08:42:12,099 - INFO - Inserted 1036 entries
2025-12-16 08:42:12,105 - INFO - Inserted 182 equipment records
2025-12-16 08:42:12,165 - INFO - ============================================================
2025-12-16 08:42:12,165 - INFO - PAST PERFORMANCE EXTRACTION COMPLETE
2025-12-16 08:42:12,165 - INFO - ============================================================
2025-12-16 08:42:12,165 - INFO - Files processed: 5924
2025-12-16 08:42:12,166 - INFO - Races extracted: 8437
2025-12-16 08:42:12,166 - INFO - Entries extracted: 76272
2025-12-16 08:42:12,166 - INFO - Equipment records: 570392
2025-12-16 08:42:12,166 - INFO - Errors: 0
2025-12-16 08:42:12,166 - INFO - Duration: 691.92 seconds
2025-12-16 08:42:12,167 - INFO - Files per second: 8.56
2025-12-16 08:42:12,167 - INFO - ============================================================
2025-12-16 08:42:12,233 - INFO - Starting Result Chart extraction from 2023 Result Charts
2025-12-16 08:42:12,233 - INFO - Using 45 workers with result updates
2025-12-16 08:42:12,307 - INFO - Found 4906 Result Chart XML files to process
2025-12-16 08:42:12,454 - WARNING - Could not find registration number for horse: dq-Dark N Stormy
2025-12-16 08:42:12,877 - WARNING - Could not find registration number for horse: dh-Jezzabella
2025-12-16 08:42:12,906 - WARNING - Could not find registration number for horse: dh-Hes Mighty Perfect
2025-12-16 08:42:13,024 - WARNING - Could not find registration number for horse: dh-A Shades of Cold
2025-12-16 08:42:13,049 - WARNING - Could not find registration number for horse: dq-Sugarmans Delight
2025-12-16 08:42:13,073 - WARNING - Could not find registration number for horse: dh-Perrys for Two
2025-12-16 08:42:13,230 - WARNING - Could not find registration number for horse: dq-Bar Ef Rushfurrcandy
2025-12-16 08:42:13,272 - WARNING - Could not find registration number for horse: dh-Bogie Wheels
2025-12-16 08:42:13,409 - WARNING - Could not find registration number for horse: dh-Bogie Wheels
2025-12-16 08:42:13,429 - WARNING - Could not find registration number for horse: dq-Had to Be Relentless
2025-12-16 08:42:13,436 - WARNING - Could not find registration number for horse: dq-Va Bebe Valentines
2025-12-16 08:42:13,550 - WARNING - Could not find registration number for horse: dq-El Comandante Ha
2025-12-16 08:42:13,724 - WARNING - Could not find registration number for horse: dq-Revenant Eagle
2025-12-16 08:42:13,766 - WARNING - Could not find registration number for horse: dq-Snow Moose
2025-12-16 08:42:13,874 - WARNING - Could not find registration number for horse: dq-Cartels Dash
2025-12-16 08:42:13,884 - WARNING - Could not find registration number for horse: dh-Pagranas Boy
2025-12-16 08:42:14,062 - WARNING - Could not find registration number for horse: dq-Bossy Baby
2025-12-16 08:42:14,139 - WARNING - Could not find registration number for horse: dq-First Golden Rose
2025-12-16 08:42:14,200 - WARNING - Could not find registration number for horse: dq-Night Leader
2025-12-16 08:42:14,292 - WARNING - Could not find registration number for horse: dh-Valiant Chick Insnow
2025-12-16 08:42:14,314 - WARNING - Could not find registration number for horse: dq-Our Island Girl
2025-12-16 08:42:14,351 - WARNING - Could not find registration number for horse: dq-Snow Moose
2025-12-16 08:42:14,360 - WARNING - Could not find registration number for horse: dq-Upandover
2025-12-16 08:42:14,411 - WARNING - Could not find registration number for horse: dh-Had to Be Relentless
2025-12-16 08:42:14,418 - WARNING - Could not find registration number for horse: dq-Javiers Hustle
2025-12-16 08:42:14,422 - WARNING - Could not find registration number for horse: dh-Jess Daddys Diva
2025-12-16 08:42:14,632 - WARNING - Could not find registration number for horse: dh-Va Bebe Valentines
2025-12-16 08:42:14,645 - WARNING - Could not find registration number for horse: dhdq-Big Eye
2025-12-16 08:42:14,697 - WARNING - Could not find registration number for horse: dh-Cottons Point
2025-12-16 08:42:14,764 - WARNING - Could not find registration number for horse: dh-Caraways Jet Moon
2025-12-16 08:42:14,944 - WARNING - Could not find registration number for horse: dq-Phil Jefferson
2025-12-16 08:42:15,120 - WARNING - Could not find registration number for horse: dh-Classy Jesse
2025-12-16 08:42:15,142 - WARNING - Could not find registration number for horse: dh-Whiskey Rain
2025-12-16 08:42:15,177 - WARNING - Could not find registration number for horse: dh-Fire of the Dragon
2025-12-16 08:42:15,250 - WARNING - Could not find registration number for horse: dh-Hes Audacious
2025-12-16 08:42:15,362 - WARNING - Could not find registration number for horse: dh-Ma Classy Queen
2025-12-16 08:42:15,430 - WARNING - Could not find registration number for horse: dq-Streakin Big Daddy
2025-12-16 08:42:15,504 - WARNING - Could not find registration number for horse: dq-Jess for Your Lady
2025-12-16 08:42:15,589 - WARNING - Could not find registration number for horse: dh-The Painted Lights
2025-12-16 08:42:15,609 - WARNING - Could not find registration number for horse: dq-Ah Wanna Corona
2025-12-16 08:42:15,856 - WARNING - Could not find registration number for horse: dq-Sweet Money
2025-12-16 08:42:16,048 - WARNING - Could not find registration number for horse: dq-Sa El Mosco
2025-12-16 08:42:16,160 - WARNING - Could not find registration number for horse: dq-Cole B
2025-12-16 08:42:16,208 - WARNING - Could not find registration number for horse: dq-Princess Bella
2025-12-16 08:42:16,415 - WARNING - Could not find registration number for horse: dq-Stormin Attila
2025-12-16 08:42:16,725 - WARNING - Could not find registration number for horse: dq-Firstprize Charlotte
2025-12-16 08:42:16,869 - WARNING - Could not find registration number for horse: dq-Incitatus Moon
2025-12-16 08:42:17,179 - WARNING - Could not find registration number for horse: dh-Aquatica
2025-12-16 08:42:17,397 - WARNING - Could not find registration number for horse: dh-Im Aquick Corona
2025-12-16 08:42:17,483 - WARNING - Could not find registration number for horse: dq-Fancyinallofus
2025-12-16 08:42:17,537 - WARNING - Could not find registration number for horse: dq-Jtc Lil Moonbar
2025-12-16 08:42:17,604 - WARNING - Could not find registration number for horse: dq-Class Compounds
2025-12-16 08:42:17,809 - WARNING - Could not find registration number for horse: dq-Caraways Jet Moon
2025-12-16 08:42:17,902 - WARNING - Could not find registration number for horse: dq-Winter Pool
2025-12-16 08:42:17,976 - WARNING - Could not find registration number for horse: dq-Dark N Stormy
2025-12-16 08:42:18,005 - WARNING - Could not find registration number for horse: dq-Thunder Dome
2025-12-16 08:42:18,163 - WARNING - Could not find registration number for horse: dh-Irish Seis
2025-12-16 08:42:18,394 - WARNING - Could not find registration number for horse: dh-Twin Forks
2025-12-16 08:42:18,820 - WARNING - Could not find registration number for horse: dq-Big League Benny
2025-12-16 08:42:19,325 - WARNING - Could not find registration number for horse: dh-Blue Eyed Merlin
2025-12-16 08:42:19,390 - WARNING - Could not find registration number for horse: dq-Work Ethic
2025-12-16 08:42:19,534 - WARNING - Could not find registration number for horse: dq-Well Ta Do
2025-12-16 08:42:19,956 - WARNING - Could not find registration number for horse: dq-First Apollo Moon
2025-12-16 08:42:20,101 - WARNING - Could not find registration number for horse: dh-Hanover Hill Theresa
2025-12-16 08:42:20,155 - INFO - Performing batch database update...
2025-12-16 08:42:20,190 - WARNING - Could not find registration number for horse: dq-Spiked
2025-12-16 08:42:20,242 - INFO - Updated 738 races with results
2025-12-16 08:42:20,283 - WARNING - Could not find registration number for horse: dq-Veltri
2025-12-16 08:42:20,289 - WARNING - Could not find registration number for horse: dh-Payingoffmymarker
2025-12-16 08:42:20,365 - INFO - Updated 2438 entries with results
2025-12-16 08:42:20,422 - WARNING - Could not find registration number for horse: dh-Synthesis
2025-12-16 08:42:20,571 - INFO - Inserted 3308 wagering records
2025-12-16 08:42:20,614 - WARNING - Could not find registration number for horse: dh-Little Red Rifle
2025-12-16 08:42:20,644 - INFO - Inserted 1241 fraction records
2025-12-16 08:42:20,742 - WARNING - Could not find registration number for horse: dh-Famished
2025-12-16 08:42:20,822 - WARNING - Could not find registration number for horse: dh-Start Them Up
2025-12-16 08:42:21,001 - WARNING - Could not find registration number for horse: dq-Wealth N Health
2025-12-16 08:42:21,089 - WARNING - Could not find registration number for horse: dh-Community Leader
2025-12-16 08:42:21,546 - WARNING - Could not find registration number for horse: dq-Afleet Arlene
2025-12-16 08:42:21,707 - WARNING - Could not find registration number for horse: dq-D Hopper
2025-12-16 08:42:21,792 - WARNING - Could not find registration number for horse: dq-Maker's Candy
2025-12-16 08:42:22,540 - INFO - Inserted 29388 position call records
2025-12-16 08:42:22,854 - WARNING - Could not find registration number for horse: dq-Magaby
2025-12-16 08:42:22,982 - WARNING - Could not find registration number for horse: dq-Hit Btween the Ice
2025-12-16 08:42:23,366 - WARNING - Could not find registration number for horse: dq-Midnight Rosie
2025-12-16 08:42:23,764 - WARNING - Could not find registration number for horse: dh-Golden Code
2025-12-16 08:42:23,825 - WARNING - Could not find registration number for horse: dh-Safalow's Mission
2025-12-16 08:42:24,159 - WARNING - Could not find registration number for horse: dh-Kumar
2025-12-16 08:42:24,330 - WARNING - Could not find registration number for horse: dh-Marco Island
2025-12-16 08:42:24,443 - WARNING - Could not find registration number for horse: dq-Magic Is Flying
2025-12-16 08:42:24,684 - WARNING - Could not find registration number for horse: dq-Central Speed
2025-12-16 08:42:25,857 - WARNING - Could not find registration number for horse: dh-Aunt Berra
2025-12-16 08:42:26,144 - WARNING - Could not find registration number for horse: dh-Becauseofthebrave
2025-12-16 08:42:26,454 - WARNING - Could not find registration number for horse: dq-Mandatory
2025-12-16 08:42:26,681 - WARNING - Could not find registration number for horse: Max S
2025-12-16 08:42:26,861 - WARNING - Could not find registration number for horse: dq-Refuah
2025-12-16 08:42:27,164 - WARNING - Could not find registration number for horse: dh-Jeeper
2025-12-16 08:42:27,344 - WARNING - Could not find registration number for horse: dh-Blame D Rule Maker
2025-12-16 08:42:27,824 - WARNING - Could not find registration number for horse: dq-Typhoon Fury
2025-12-16 08:42:27,841 - INFO - Processed 100 files. Race updates: 836, Entry updates: 6048
2025-12-16 08:42:28,600 - WARNING - Could not find registration number for horse: dq-Blake B.
2025-12-16 08:42:28,822 - WARNING - Could not find registration number for horse: dq-Hang Tight
2025-12-16 08:42:28,908 - WARNING - Could not find registration number for horse: dq-Be of Courage
2025-12-16 08:42:29,991 - WARNING - Could not find registration number for horse: Max S
2025-12-16 08:42:30,801 - WARNING - Could not find registration number for horse: dq-Jess Down the Rapids
2025-12-16 08:42:30,863 - WARNING - Could not find registration number for horse: dq-J Best Queen
2025-12-16 08:42:30,894 - WARNING - Could not find registration number for horse: dh-Coronasgotheart
2025-12-16 08:42:30,935 - WARNING - Could not find registration number for horse: dq-Secretsthatshekeeps
2025-12-16 08:42:31,005 - WARNING - Could not find registration number for horse: dh-Grand Majesty
2025-12-16 08:42:31,480 - WARNING - Could not find registration number for horse: dq-Ms Bumblebee
2025-12-16 08:42:31,653 - WARNING - Could not find registration number for horse: dq-Little Linzee
2025-12-16 08:42:31,916 - WARNING - Could not find registration number for horse: dq-Perrys Jambalaya
2025-12-16 08:42:32,092 - WARNING - Could not find registration number for horse: dq-Vals Coronado
2025-12-16 08:42:32,485 - WARNING - Could not find registration number for horse: dq-Diego Valentino
2025-12-16 08:42:32,500 - INFO - Performing batch database update...
2025-12-16 08:42:32,580 - INFO - Updated 645 races with results
2025-12-16 08:42:32,740 - WARNING - Could not find registration number for horse: dq-Full Moon Madness
2025-12-16 08:42:32,829 - WARNING - Could not find registration number for horse: dh-Caddo Lights
2025-12-16 08:42:32,858 - INFO - Updated 5112 entries with results
2025-12-16 08:42:32,951 - WARNING - Could not find registration number for horse: dh-Bargaining Power
2025-12-16 08:42:33,029 - WARNING - Could not find registration number for horse: dh-J Best Pleasure
2025-12-16 08:42:33,121 - INFO - Inserted 3829 wagering records
2025-12-16 08:42:33,225 - WARNING - Could not find registration number for horse: dh-Shortsinthewinter
2025-12-16 08:42:33,238 - INFO - Inserted 2103 fraction records
2025-12-16 08:42:33,598 - WARNING - Could not find registration number for horse: dq-Athena Maximus
2025-12-16 08:42:33,710 - WARNING - Could not find registration number for horse: dq-Liebrita
2025-12-16 08:42:34,227 - WARNING - Could not find registration number for horse: dq-Jess Down the Rapids
2025-12-16 08:42:34,538 - WARNING - Could not find registration number for horse: dh-Juliard Honor
2025-12-16 08:42:34,881 - WARNING - Could not find registration number for horse: dh-Into Classic
2025-12-16 08:42:35,254 - WARNING - Could not find registration number for horse: dq-Will Knows
2025-12-16 08:42:35,337 - INFO - Inserted 36486 position call records
2025-12-16 08:42:35,418 - WARNING - Could not find registration number for horse: dq-Don Arturo C
2025-12-16 08:42:35,487 - WARNING - Could not find registration number for horse: dq-Old Fashion Time
2025-12-16 08:42:35,495 - WARNING - Could not find registration number for horse: dq-Love Ours
2025-12-16 08:42:35,663 - WARNING - Could not find registration number for horse: dq-Big Ezzy Jess
2025-12-16 08:42:36,289 - WARNING - Could not find registration number for horse: dq-Witt Sweet Sixteen
2025-12-16 08:42:37,179 - WARNING - Could not find registration number for horse: dq-Drest for Success
2025-12-16 08:42:37,450 - WARNING - Could not find registration number for horse: dq-D'wild Muffin
2025-12-16 08:42:37,554 - WARNING - Could not find registration number for horse: dh-Giddy Up Zoey
2025-12-16 08:42:37,617 - WARNING - Could not find registration number for horse: dh-Tuffenoughtostart
2025-12-16 08:42:38,000 - WARNING - Could not find registration number for horse: 00500
2025-12-16 08:42:38,228 - WARNING - Could not find registration number for horse: dq-Little Wagon
2025-12-16 08:42:38,990 - INFO - Processed 200 files. Race updates: 1664, Entry updates: 11996
2025-12-16 08:42:39,054 - WARNING - Could not find registration number for horse: dq-Shootin Money
2025-12-16 08:42:39,091 - WARNING - Could not find registration number for horse: dq-Miss Z
2025-12-16 08:42:39,615 - WARNING - Could not find registration number for horse: dh-Guaranteeddelivery
2025-12-16 08:42:39,730 - WARNING - Could not find registration number for horse: dh-Bits of Lemon Drop
2025-12-16 08:42:40,554 - WARNING - Could not find registration number for horse: dq-Runaway Hurricane
2025-12-16 08:42:40,933 - WARNING - Could not find registration number for horse: dq-Forittable
2025-12-16 08:42:41,326 - WARNING - Could not find registration number for horse: dh-Best Coast
2025-12-16 08:42:41,386 - WARNING - Could not find registration number for horse: dh-Negra Gata
2025-12-16 08:42:41,486 - WARNING - Could not find registration number for horse: dq-Nyxed
2025-12-16 08:42:41,534 - WARNING - Could not find registration number for horse: dq-Racing Colors
2025-12-16 08:42:42,379 - WARNING - Could not find registration number for horse: dh-He'smyhoneybadger
2025-12-16 08:42:42,447 - WARNING - Could not find registration number for horse: dh-Grace in Motion
2025-12-16 08:42:42,670 - WARNING - Could not find registration number for horse: dh-Provocateur
2025-12-16 08:42:42,686 - WARNING - Could not find registration number for horse: dq-Grumps Little Tots
2025-12-16 08:42:42,951 - WARNING - Could not find registration number for horse: dq-Sterling Silver
2025-12-16 08:42:43,173 - WARNING - Could not find registration number for horse: dq-Headland
2025-12-16 08:42:43,325 - WARNING - Could not find registration number for horse: dh-Forty Two Ace
2025-12-16 08:42:43,424 - WARNING - Could not find registration number for horse: dh-Kara Para
2025-12-16 08:42:43,443 - WARNING - Could not find registration number for horse: dh-Hang Tight
2025-12-16 08:42:44,327 - WARNING - Could not find registration number for horse: dq-Bustin Bay
2025-12-16 08:42:45,375 - WARNING - Could not find registration number for horse: dq-Merchants of Cool
2025-12-16 08:42:45,986 - INFO - Performing batch database update...
2025-12-16 08:42:46,079 - INFO - Updated 823 races with results
2025-12-16 08:42:46,359 - WARNING - Could not find registration number for horse: dq-Chasing the Crown
2025-12-16 08:42:46,403 - INFO - Updated 5535 entries with results
2025-12-16 08:42:46,749 - WARNING - Could not find registration number for horse: dq-Brick Ambush
2025-12-16 08:42:46,853 - INFO - Inserted 4747 wagering records
2025-12-16 08:42:46,882 - WARNING - Could not find registration number for horse: dq-Collaboration
2025-12-16 08:42:46,993 - WARNING - Could not find registration number for horse: dq-Wonder Girl
2025-12-16 08:42:47,006 - INFO - Inserted 2959 fraction records
2025-12-16 08:42:47,274 - WARNING - Could not find registration number for horse: dh-Liam's Journey
2025-12-16 08:42:48,182 - WARNING - Could not find registration number for horse: dh-Spirit Prince
2025-12-16 08:42:48,999 - INFO - Inserted 39054 position call records
2025-12-16 08:42:49,049 - WARNING - Could not find registration number for horse: dq-La Chapeau
2025-12-16 08:42:49,108 - WARNING - Could not find registration number for horse: dq-Just Tapit In
2025-12-16 08:42:51,020 - WARNING - Could not find registration number for horse: dq-Fast Study
2025-12-16 08:42:51,621 - WARNING - Could not find registration number for horse: dq-Chief Mystique
2025-12-16 08:42:51,710 - WARNING - Could not find registration number for horse: dh-Leroyisalagniappe
2025-12-16 08:42:51,945 - WARNING - Could not find registration number for horse: dh-Whiskey Helps
2025-12-16 08:42:52,116 - INFO - Processed 300 files. Race updates: 2518, Entry updates: 18117
2025-12-16 08:42:52,225 - WARNING - Could not find registration number for horse: dh-Hit Show
2025-12-16 08:42:52,273 - WARNING - Could not find registration number for horse: dq-Jahez
2025-12-16 08:42:52,286 - WARNING - Could not find registration number for horse: dh-Angel of Empire
2025-12-16 08:42:52,455 - WARNING - Could not find registration number for horse: dh-Let's Go Big Blue
2025-12-16 08:42:52,581 - WARNING - Could not find registration number for horse: dq-Dkendall Rascal
2025-12-16 08:42:52,649 - WARNING - Could not find registration number for horse: dq-Returnoninvestment
2025-12-16 08:42:52,976 - WARNING - Could not find registration number for horse: dh-Egyptian Quest
2025-12-16 08:42:52,983 - WARNING - Could not find registration number for horse: dh-King of Comedy
2025-12-16 08:42:53,112 - WARNING - Could not find registration number for horse: dh-Ky Thirty Won
2025-12-16 08:42:53,284 - WARNING - Could not find registration number for horse: dq-Grey Point
2025-12-16 08:42:53,541 - WARNING - Could not find registration number for horse: dq-Delaney's Grace
2025-12-16 08:42:53,704 - WARNING - Could not find registration number for horse: dq-Fast Fall
2025-12-16 08:42:53,725 - WARNING - Could not find registration number for horse: dq-Father Patrick
2025-12-16 08:42:54,311 - WARNING - Could not find registration number for horse: dh-Chi Town Heat
2025-12-16 08:42:54,374 - WARNING - Could not find registration number for horse: dh-Abigail G
2025-12-16 08:42:54,903 - WARNING - Could not find registration number for horse: dq-My Head Hurts
2025-12-16 08:42:55,025 - WARNING - Could not find registration number for horse: dh-Motown Missile
2025-12-16 08:42:55,092 - WARNING - Could not find registration number for horse: dh-Hasty Strike
2025-12-16 08:42:55,811 - WARNING - Could not find registration number for horse: dq-Sorority Sister
2025-12-16 08:42:55,884 - WARNING - Could not find registration number for horse: dh-Mixter Jensen
2025-12-16 08:42:55,996 - WARNING - Could not find registration number for horse: dh-Leroyisalagniappe
2025-12-16 08:42:56,885 - WARNING - Could not find registration number for horse: dq-Orb of the Boro
2025-12-16 08:42:57,026 - WARNING - Could not find registration number for horse: dq-Flatter Me Zen
2025-12-16 08:42:57,136 - WARNING - Could not find registration number for horse: dq-Animo Roberto
2025-12-16 08:42:57,254 - WARNING - Could not find registration number for horse: dh-West Coaster
2025-12-16 08:42:57,516 - WARNING - Could not find registration number for horse: dh-Quality
2025-12-16 08:42:57,693 - WARNING - Could not find registration number for horse: dq-Vamonos
2025-12-16 08:42:57,757 - WARNING - Could not find registration number for horse: dq-Brodytheoxman
2025-12-16 08:42:59,422 - WARNING - Could not find registration number for horse: dq-Monkey Zone
2025-12-16 08:42:59,655 - WARNING - Could not find registration number for horse: dq-Bw Colt
2025-12-16 08:43:01,066 - WARNING - Could not find registration number for horse: dh-Big Pete
2025-12-16 08:43:01,126 - WARNING - Could not find registration number for horse: dh-My Calante
2025-12-16 08:43:01,928 - INFO - Performing batch database update...
2025-12-16 08:43:02,076 - INFO - Updated 971 races with results
2025-12-16 08:43:02,371 - WARNING - Could not find registration number for horse: dh-Southern Breeze
2025-12-16 08:43:02,465 - INFO - Updated 6952 entries with results
2025-12-16 08:43:02,812 - WARNING - Could not find registration number for horse: dh-Essential Bella
2025-12-16 08:43:02,849 - INFO - Inserted 4460 wagering records
2025-12-16 08:43:02,867 - WARNING - Could not find registration number for horse: dh-Whiskey Plank
2025-12-16 08:43:02,914 - WARNING - Could not find registration number for horse: dq-Mystifier
2025-12-16 08:43:02,983 - INFO - Processed 400 files. Race updates: 3341, Entry updates: 23464
2025-12-16 08:43:03,042 - WARNING - Could not find registration number for horse: dh-Yankee Agate
2025-12-16 08:43:03,046 - WARNING - Could not find registration number for horse: dh-Coffee Caliente
2025-12-16 08:43:03,056 - INFO - Inserted 3274 fraction records
2025-12-16 08:43:03,455 - WARNING - Could not find registration number for horse: dq-Allotrope
2025-12-16 08:43:03,657 - WARNING - Could not find registration number for horse: dh-Our Flag Flying
2025-12-16 08:43:04,831 - WARNING - Could not find registration number for horse: dh-Astronomical
2025-12-16 08:43:04,898 - WARNING - Could not find registration number for horse: dq-Dangerous Empress
2025-12-16 08:43:04,961 - WARNING - Could not find registration number for horse: dh-Bob's All In
2025-12-16 08:43:05,021 - WARNING - Could not find registration number for horse: dq-Calzone
2025-12-16 08:43:05,654 - WARNING - Could not find registration number for horse: dh-Party At Grants
2025-12-16 08:43:05,858 - INFO - Inserted 47706 position call records
2025-12-16 08:43:05,902 - WARNING - Could not find registration number for horse: dh-Heart Headed Woman
2025-12-16 08:43:05,959 - WARNING - Could not find registration number for horse: dh-Lotsandlotsofgold
2025-12-16 08:43:06,479 - WARNING - Could not find registration number for horse: dq-R Voo's Taboo
2025-12-16 08:43:06,811 - WARNING - Could not find registration number for horse: dh-Origami Girl
2025-12-16 08:43:07,533 - WARNING - Could not find registration number for horse: dh-Strava
2025-12-16 08:43:07,838 - WARNING - Could not find registration number for horse: dh-Run Classic
2025-12-16 08:43:07,990 - WARNING - Could not find registration number for horse: dq-Wild Time
2025-12-16 08:43:08,425 - WARNING - Could not find registration number for horse: dh-Bad to the Bones
2025-12-16 08:43:08,538 - WARNING - Could not find registration number for horse: dh-Angkor
2025-12-16 08:43:08,844 - WARNING - Could not find registration number for horse: dq-Stonevicious
2025-12-16 08:43:08,887 - WARNING - Could not find registration number for horse: dq-Cowboys R Myheros
2025-12-16 08:43:09,548 - WARNING - Could not find registration number for horse: dq-Wauhatchie
2025-12-16 08:43:09,711 - WARNING - Could not find registration number for horse: dh-De' Ans Eighty
2025-12-16 08:43:10,012 - WARNING - Could not find registration number for horse: dq-Candy Landy
2025-12-16 08:43:10,140 - WARNING - Could not find registration number for horse: dh-Obrigada
2025-12-16 08:43:10,191 - WARNING - Could not find registration number for horse: dq-Relentless Okie
2025-12-16 08:43:10,292 - WARNING - Could not find registration number for horse: dq-Levy
2025-12-16 08:43:10,462 - WARNING - Could not find registration number for horse: dq-Vos Atonement
2025-12-16 08:43:10,661 - WARNING - Could not find registration number for horse: dq-Orange Diablo
2025-12-16 08:43:11,445 - WARNING - Could not find registration number for horse: dh-Aspen Club
2025-12-16 08:43:11,554 - WARNING - Could not find registration number for horse: dh-Ashaab
2025-12-16 08:43:11,811 - WARNING - Could not find registration number for horse: dq-Hong Kong Harry (IRE)
2025-12-16 08:43:12,447 - WARNING - Could not find registration number for horse: dh-Savona
2025-12-16 08:43:12,649 - WARNING - Could not find registration number for horse: dh-Swanage
2025-12-16 08:43:12,862 - INFO - Performing batch database update...
2025-12-16 08:43:12,941 - INFO - Updated 503 races with results
2025-12-16 08:43:13,117 - INFO - Updated 3277 entries with results
2025-12-16 08:43:13,309 - INFO - Inserted 3018 wagering records
2025-12-16 08:43:13,406 - INFO - Inserted 1720 fraction records
2025-12-16 08:43:13,992 - WARNING - Could not find registration number for horse: dh-Big Juan
2025-12-16 08:43:14,113 - WARNING - Could not find registration number for horse: dh-Runaway Jim
2025-12-16 08:43:14,162 - WARNING - Could not find registration number for horse: dq-Awesome Adrian
2025-12-16 08:43:15,175 - INFO - Inserted 26190 position call records
2025-12-16 08:43:15,821 - WARNING - Could not find registration number for horse: dh-Lunar Ice
2025-12-16 08:43:15,883 - WARNING - Could not find registration number for horse: dh-Sacred Beauty
2025-12-16 08:43:16,035 - WARNING - Could not find registration number for horse: dh-Polar Bear Plunge
2025-12-16 08:43:16,284 - WARNING - Could not find registration number for horse: dh-Drobny
2025-12-16 08:43:16,359 - WARNING - Could not find registration number for horse: dq-Belleza Morena
2025-12-16 08:43:16,392 - INFO - Processed 500 files. Race updates: 4219, Entry updates: 29761
2025-12-16 08:43:16,516 - WARNING - Could not find registration number for horse: dq-Husky Driver
2025-12-16 08:43:16,816 - WARNING - Could not find registration number for horse: dh-Character Counts
2025-12-16 08:43:16,985 - WARNING - Could not find registration number for horse: dh-Farrah Fowler
2025-12-16 08:43:18,042 - WARNING - Could not find registration number for horse: dq-Gentle Katherine
2025-12-16 08:43:18,633 - WARNING - Could not find registration number for horse: dq-El Kid Casas
2025-12-16 08:43:19,289 - WARNING - Could not find registration number for horse: dq-A Trompa Limpia
2025-12-16 08:43:19,419 - WARNING - Could not find registration number for horse: dq-Claudio Boy
2025-12-16 08:43:19,864 - WARNING - Could not find registration number for horse: dq-Cliffy
2025-12-16 08:43:19,925 - WARNING - Could not find registration number for horse: dq-Nacho Papa
2025-12-16 08:43:20,721 - WARNING - Could not find registration number for horse: dq-Venezuela First
2025-12-16 08:43:20,964 - WARNING - Could not find registration number for horse: dq-Mystical Moon
2025-12-16 08:43:21,019 - WARNING - Could not find registration number for horse: dq-Lady Alexandria
2025-12-16 08:43:21,267 - WARNING - Could not find registration number for horse: dh-Drillzilla
2025-12-16 08:43:21,478 - WARNING - Could not find registration number for horse: dh-Picu Speed
2025-12-16 08:43:21,730 - WARNING - Could not find registration number for horse: dh-Resistente
2025-12-16 08:43:21,845 - WARNING - Could not find registration number for horse: dq-Quake
2025-12-16 08:43:21,845 - WARNING - Could not find registration number for horse: dh-Handling With Care
2025-12-16 08:43:22,103 - WARNING - Could not find registration number for horse: dq-Danielita R
2025-12-16 08:43:22,182 - WARNING - Could not find registration number for horse: dq-Bella Borinquen
2025-12-16 08:43:22,300 - WARNING - Could not find registration number for horse: dq-Guanajibo
2025-12-16 08:43:22,974 - WARNING - Could not find registration number for horse: dq-Juan Dones
2025-12-16 08:43:25,560 - WARNING - Could not find registration number for horse: dq-Captador
2025-12-16 08:43:26,037 - WARNING - Could not find registration number for horse: Mi Nieto
2025-12-16 08:43:27,025 - WARNING - Could not find registration number for horse: dq-Gil Hugo Vero
2025-12-16 08:43:27,866 - WARNING - Could not find registration number for horse: dq-Could Be
2025-12-16 08:43:27,895 - WARNING - Could not find registration number for horse: dh-Irish Hokie
2025-12-16 08:43:27,899 - WARNING - Could not find registration number for horse: dq-Emprendedor
2025-12-16 08:43:27,942 - WARNING - Could not find registration number for horse: dq-Mystere C
2025-12-16 08:43:28,149 - WARNING - Could not find registration number for horse: dh-Catching Fish
2025-12-16 08:43:28,169 - INFO - Processed 600 files. Race updates: 4980, Entry updates: 35375
2025-12-16 08:43:28,191 - WARNING - Could not find registration number for horse: dq-Transistora
2025-12-16 08:43:28,311 - WARNING - Could not find registration number for horse: dq-Huracanada
2025-12-16 08:43:28,376 - WARNING - Could not find registration number for horse: dq-West Love
2025-12-16 08:43:28,475 - WARNING - Could not find registration number for horse: dh-Relentless Flash
2025-12-16 08:43:28,982 - WARNING - Could not find registration number for horse: dh-L Gallito
2025-12-16 08:43:29,012 - WARNING - Could not find registration number for horse: Desconfianza
2025-12-16 08:43:29,024 - WARNING - Could not find registration number for horse: dq-Madam Alpha
2025-12-16 08:43:29,222 - INFO - Performing batch database update...
2025-12-16 08:43:29,326 - INFO - Updated 890 races with results
2025-12-16 08:43:29,355 - WARNING - Could not find registration number for horse: dq-Princesa Divina
2025-12-16 08:43:29,621 - WARNING - Could not find registration number for horse: Tapon Jenny C
2025-12-16 08:43:29,687 - WARNING - Could not find registration number for horse: dh-Fun Loaded
2025-12-16 08:43:29,694 - WARNING - Could not find registration number for horse: dq-Asistole
2025-12-16 08:43:29,798 - INFO - Updated 7431 entries with results
2025-12-16 08:43:30,065 - INFO - Inserted 3824 wagering records
2025-12-16 08:43:30,229 - INFO - Inserted 2740 fraction records
2025-12-16 08:43:30,405 - WARNING - Could not find registration number for horse: dh-Mighty Tough
2025-12-16 08:43:30,503 - WARNING - Could not find registration number for horse: dq-Queen Cupid
2025-12-16 08:43:30,650 - WARNING - Could not find registration number for horse: dq-Prospect Project
2025-12-16 08:43:30,652 - WARNING - Could not find registration number for horse: dq-Tabardillo
2025-12-16 08:43:30,693 - WARNING - Could not find registration number for horse: dh-Forever Comerio
2025-12-16 08:43:30,914 - WARNING - Could not find registration number for horse: Tapon Jenny C
2025-12-16 08:43:30,930 - WARNING - Could not find registration number for horse: dq-Little Gardens
2025-12-16 08:43:30,998 - WARNING - Could not find registration number for horse: dq-Nina Coral
2025-12-16 08:43:31,320 - WARNING - Could not find registration number for horse: dh-Kayseri
2025-12-16 08:43:31,453 - WARNING - Could not find registration number for horse: dq-Esperanza de Dos
2025-12-16 08:43:31,763 - WARNING - Could not find registration number for horse: dq-Ambar Brava
2025-12-16 08:43:31,920 - WARNING - Could not find registration number for horse: dq-El Gran Mickey
2025-12-16 08:43:32,574 - WARNING - Could not find registration number for horse: dq-Eclipticolada
2025-12-16 08:43:32,619 - WARNING - Could not find registration number for horse: dh-Big Rinne
2025-12-16 08:43:32,683 - WARNING - Could not find registration number for horse: dh-Escaramuza
2025-12-16 08:43:32,802 - WARNING - Could not find registration number for horse: dh-Run On the Trail
2025-12-16 08:43:32,924 - WARNING - Could not find registration number for horse: dq-Artificial Intell
2025-12-16 08:43:32,992 - WARNING - Could not find registration number for horse: dh-Emblematica
2025-12-16 08:43:33,150 - WARNING - Could not find registration number for horse: dh-Sneaky Dream
2025-12-16 08:43:33,274 - INFO - Inserted 52152 position call records
2025-12-16 08:43:33,328 - WARNING - Could not find registration number for horse: dh-Slow Decision
2025-12-16 08:43:33,502 - WARNING - Could not find registration number for horse: dh-Gato Guapo
2025-12-16 08:43:33,566 - WARNING - Could not find registration number for horse: dq-Guanajibo
2025-12-16 08:43:33,688 - WARNING - Could not find registration number for horse: dq-Fernandito J
2025-12-16 08:43:33,741 - WARNING - Could not find registration number for horse: dq-Lucky Angel
2025-12-16 08:43:33,746 - WARNING - Could not find registration number for horse: dh-Little Mazzy
2025-12-16 08:43:34,040 - WARNING - Could not find registration number for horse: dq-Gian Kaleb
2025-12-16 08:43:34,278 - WARNING - Could not find registration number for horse: dh-Irma Maria
2025-12-16 08:43:34,520 - WARNING - Could not find registration number for horse: dq-Chiquitina Rojas
2025-12-16 08:43:34,744 - WARNING - Could not find registration number for horse: dq-Astacio Queen
2025-12-16 08:43:34,840 - WARNING - Could not find registration number for horse: Desconfianza
2025-12-16 08:43:34,967 - WARNING - Could not find registration number for horse: dh-Regina Isabel
2025-12-16 08:43:35,581 - WARNING - Could not find registration number for horse: Desconfianza
2025-12-16 08:43:35,636 - WARNING - Could not find registration number for horse: dq-Tiz the Sky
2025-12-16 08:43:35,855 - WARNING - Could not find registration number for horse: Desconfianza
2025-12-16 08:43:37,060 - WARNING - Could not find registration number for horse: Desconfianza
2025-12-16 08:43:37,150 - WARNING - Could not find registration number for horse: dq-Tiz the Sky
2025-12-16 08:43:37,557 - WARNING - Could not find registration number for horse: Desconfianza
2025-12-16 08:43:37,773 - WARNING - Could not find registration number for horse: dq-Makart
2025-12-16 08:43:37,777 - WARNING - Could not find registration number for horse: dq-Reina Brava
2025-12-16 08:43:37,829 - WARNING - Could not find registration number for horse: dq-Bella's Cupid
2025-12-16 08:43:38,545 - WARNING - Could not find registration number for horse: dh-Risk Vs Reward
2025-12-16 08:43:38,670 - WARNING - Could not find registration number for horse: dh-Mi Viejo Johnny
2025-12-16 08:43:38,915 - WARNING - Could not find registration number for horse: dq-Forge Ahead
2025-12-16 08:43:39,081 - INFO - Processed 700 files. Race updates: 5723, Entry updates: 40794
2025-12-16 08:43:39,182 - WARNING - Could not find registration number for horse: dq-Blessings Forever
2025-12-16 08:43:39,220 - WARNING - Could not find registration number for horse: Desconfianza
2025-12-16 08:43:39,624 - WARNING - Could not find registration number for horse: Desconfianza
2025-12-16 08:43:39,690 - WARNING - Could not find registration number for horse: dq-Not as Lucky as Us
2025-12-16 08:43:39,916 - WARNING - Could not find registration number for horse: dh-Highly Noted
2025-12-16 08:43:39,975 - WARNING - Could not find registration number for horse: dh-Man Ice
2025-12-16 08:43:40,807 - WARNING - Could not find registration number for horse: dq-Aristocratic
2025-12-16 08:43:41,503 - WARNING - Could not find registration number for horse: dh-Putin Online
2025-12-16 08:43:41,560 - WARNING - Could not find registration number for horse: dh-Marched
2025-12-16 08:43:41,692 - INFO - Performing batch database update...
2025-12-16 08:43:41,778 - INFO - Updated 686 races with results
2025-12-16 08:43:42,015 - INFO - Updated 4346 entries with results
2025-12-16 08:43:42,165 - WARNING - Could not find registration number for horse: dq-Lennox the Great
2025-12-16 08:43:42,215 - INFO - Inserted 3052 wagering records
2025-12-16 08:43:42,339 - INFO - Inserted 2060 fraction records
2025-12-16 08:43:42,465 - WARNING - Could not find registration number for horse: dq-No Show
2025-12-16 08:43:42,601 - WARNING - Could not find registration number for horse: dq-Ima Flashy Corona
2025-12-16 08:43:42,727 - WARNING - Could not find registration number for horse: dq-Drum and Drummer
2025-12-16 08:43:42,798 - WARNING - Could not find registration number for horse: dhdq-Commandeer
2025-12-16 08:43:42,857 - WARNING - Could not find registration number for horse: dh-King Vega (GB)
2025-12-16 08:43:43,211 - WARNING - Could not find registration number for horse: dq-Lennox the Great
2025-12-16 08:43:43,218 - WARNING - Could not find registration number for horse: dq-Whimsically
2025-12-16 08:43:44,217 - WARNING - Could not find registration number for horse: dq-Ziggy Stardust
2025-12-16 08:43:44,321 - INFO - Inserted 30900 position call records
2025-12-16 08:43:44,633 - WARNING - Could not find registration number for horse: dq-Bodacious Trickster
2025-12-16 08:43:44,654 - WARNING - Could not find registration number for horse: dq-Derby Day Dreams
2025-12-16 08:43:45,071 - WARNING - Could not find registration number for horse: dq-Voltamour
2025-12-16 08:43:45,171 - WARNING - Could not find registration number for horse: dq-Demi's Hemi
2025-12-16 08:43:45,206 - WARNING - Could not find registration number for horse: dq-Jalebi Baby
2025-12-16 08:43:45,394 - WARNING - Could not find registration number for horse: dq-Corpulenta
2025-12-16 08:43:45,603 - WARNING - Could not find registration number for horse: dq-Dcr All Fired Up
2025-12-16 08:43:45,944 - WARNING - Could not find registration number for horse: dq-Danny's Winkster
2025-12-16 08:43:46,235 - WARNING - Could not find registration number for horse: dq-Lucylou Who
2025-12-16 08:43:46,379 - WARNING - Could not find registration number for horse: dq-Mr Tingles
2025-12-16 08:43:46,631 - WARNING - Could not find registration number for horse: dq-Moonoverseba
2025-12-16 08:43:46,729 - WARNING - Could not find registration number for horse: dh-Johnny Swish
2025-12-16 08:43:46,828 - WARNING - Could not find registration number for horse: dq-Outlier
2025-12-16 08:43:46,851 - WARNING - Could not find registration number for horse: dh-Let's Get Physical
2025-12-16 08:43:46,904 - WARNING - Could not find registration number for horse: dq-Love of Grace
2025-12-16 08:43:47,273 - WARNING - Could not find registration number for horse: dq-Fully Connected
2025-12-16 08:43:47,453 - WARNING - Could not find registration number for horse: dh-Perfect Eye
2025-12-16 08:43:47,803 - WARNING - Could not find registration number for horse: dh-Reveirs Minute
2025-12-16 08:43:47,940 - WARNING - Could not find registration number for horse: dh-Musical Queen
2025-12-16 08:43:48,092 - WARNING - Could not find registration number for horse: dh-My Pretty Eyes
2025-12-16 08:43:48,486 - WARNING - Could not find registration number for horse: dq-Moonlit Shadow
2025-12-16 08:43:48,543 - WARNING - Could not find registration number for horse: dh-Millbank Man
2025-12-16 08:43:48,789 - WARNING - Could not find registration number for horse: dh-Home School
2025-12-16 08:43:49,695 - WARNING - Could not find registration number for horse: dq-Akemi
2025-12-16 08:43:50,440 - WARNING - Could not find registration number for horse: dq-Icing
2025-12-16 08:43:50,970 - WARNING - Could not find registration number for horse: dq-Felicias Castle
2025-12-16 08:43:51,164 - WARNING - Could not find registration number for horse: dh-Stavanger
2025-12-16 08:43:51,219 - WARNING - Could not find registration number for horse: dh-He Came True
2025-12-16 08:43:51,466 - WARNING - Could not find registration number for horse: dq-Bashdaflash
2025-12-16 08:43:51,507 - WARNING - Could not find registration number for horse: dh-Santo
2025-12-16 08:43:51,598 - WARNING - Could not find registration number for horse: dq-Noid
2025-12-16 08:43:51,624 - WARNING - Could not find registration number for horse: dh-Rrace Day Warrior
2025-12-16 08:43:51,912 - INFO - Processed 800 files. Race updates: 6519, Entry updates: 46634
2025-12-16 08:43:51,951 - WARNING - Could not find registration number for horse: dh-Dearest M. A.
2025-12-16 08:43:52,081 - WARNING - Could not find registration number for horse: dh-Avalanche Is Comin
2025-12-16 08:43:52,476 - WARNING - Could not find registration number for horse: dq-C R's Mandate
2025-12-16 08:43:52,513 - WARNING - Could not find registration number for horse: dh-Makinlimmargaritas
2025-12-16 08:43:52,868 - WARNING - Could not find registration number for horse: dh-Denali d'Oro
2025-12-16 08:43:53,115 - WARNING - Could not find registration number for horse: dh-Widget Factory
2025-12-16 08:43:53,171 - WARNING - Could not find registration number for horse: dh-No Fooling Dude
2025-12-16 08:43:53,455 - WARNING - Could not find registration number for horse: dh-Golden Remedy
2025-12-16 08:43:53,671 - WARNING - Could not find registration number for horse: dh-Grand Fiber
2025-12-16 08:43:53,688 - WARNING - Could not find registration number for horse: dh-Shameless Appeal
2025-12-16 08:43:53,688 - WARNING - Could not find registration number for horse: dq-Mims Second Chance
2025-12-16 08:43:53,844 - WARNING - Could not find registration number for horse: dh-Black Candy
2025-12-16 08:43:54,606 - WARNING - Could not find registration number for horse: dq-Vieste
2025-12-16 08:43:54,662 - WARNING - Could not find registration number for horse: dh-Uncaptured King
2025-12-16 08:43:54,720 - WARNING - Could not find registration number for horse: dh-Laddie Liam
2025-12-16 08:43:55,189 - WARNING - Could not find registration number for horse: dq-Like Segal
2025-12-16 08:43:55,351 - WARNING - Could not find registration number for horse: dq-Cruz in the Castle
2025-12-16 08:43:55,520 - WARNING - Could not find registration number for horse: dq-Red Hot Toddy
2025-12-16 08:43:55,655 - WARNING - Could not find registration number for horse: dh-Poverty Flats
2025-12-16 08:43:55,679 - WARNING - Could not find registration number for horse: dq-Overly Critical
2025-12-16 08:43:55,885 - WARNING - Could not find registration number for horse: dh-Stars Aligned
2025-12-16 08:43:55,915 - WARNING - Could not find registration number for horse: dq-Last Party
2025-12-16 08:43:56,247 - WARNING - Could not find registration number for horse: dq-Caribbean Pleasure
2025-12-16 08:43:56,534 - WARNING - Could not find registration number for horse: dq-His Royal G
2025-12-16 08:43:57,094 - WARNING - Could not find registration number for horse: dh-Manarola
2025-12-16 08:43:57,167 - WARNING - Could not find registration number for horse: dh-Fancy Her Up
2025-12-16 08:43:57,885 - INFO - Performing batch database update...
2025-12-16 08:43:57,984 - INFO - Updated 820 races with results
2025-12-16 08:43:58,094 - WARNING - Could not find registration number for horse: dq-Demi's Hemi
2025-12-16 08:43:58,284 - WARNING - Could not find registration number for horse: dh-Be Be Bop
2025-12-16 08:43:58,437 - WARNING - Could not find registration number for horse: dq-King of Luck
2025-12-16 08:43:58,437 - INFO - Updated 7038 entries with results
2025-12-16 08:43:58,471 - WARNING - Could not find registration number for horse: dq-Heretodaygonmanana
2025-12-16 08:43:58,480 - WARNING - Could not find registration number for horse: dh-Flaming East
2025-12-16 08:43:58,716 - INFO - Inserted 4647 wagering records
2025-12-16 08:43:58,821 - WARNING - Could not find registration number for horse: dq-Gilligan
2025-12-16 08:43:58,838 - INFO - Inserted 2352 fraction records
2025-12-16 08:43:58,943 - WARNING - Could not find registration number for horse: dh-George
2025-12-16 08:43:59,127 - WARNING - Could not find registration number for horse: dh-La Maddalena
2025-12-16 08:43:59,228 - WARNING - Could not find registration number for horse: dh-Jackson Man
2025-12-16 08:43:59,261 - WARNING - Could not find registration number for horse: dh-Dan the Man Can
2025-12-16 08:43:59,462 - WARNING - Could not find registration number for horse: dh-Mark Did It
2025-12-16 08:43:59,693 - WARNING - Could not find registration number for horse: dq-Calera Love
2025-12-16 08:43:59,727 - WARNING - Could not find registration number for horse: dh-Lightnin Queen
2025-12-16 08:43:59,791 - WARNING - Could not find registration number for horse: dh-Girls Perfume
2025-12-16 08:44:00,226 - WARNING - Could not find registration number for horse: dh-S S Alaskan Cruz
2025-12-16 08:44:00,474 - WARNING - Could not find registration number for horse: dh-Como Estas
2025-12-16 08:44:00,665 - WARNING - Could not find registration number for horse: dh-Robbedinthebahamas
2025-12-16 08:44:01,659 - INFO - Inserted 49482 position call records
2025-12-16 08:44:02,601 - WARNING - Could not find registration number for horse: dq-Advance Cash
2025-12-16 08:44:02,973 - WARNING - Could not find registration number for horse: dq-Espresso
2025-12-16 08:44:03,475 - WARNING - Could not find registration number for horse: dh-Dorita's Heart
2025-12-16 08:44:03,526 - WARNING - Could not find registration number for horse: dh-Whale of a Time
2025-12-16 08:44:04,225 - WARNING - Could not find registration number for horse: dh-Lil Spinner
2025-12-16 08:44:04,243 - WARNING - Could not find registration number for horse: dh-Spectaculo
2025-12-16 08:44:04,415 - WARNING - Could not find registration number for horse: dh-Felicias Castle
2025-12-16 08:44:04,587 - WARNING - Could not find registration number for horse: dq-Ghostly Squall
2025-12-16 08:44:04,815 - INFO - Processed 900 files. Race updates: 7363, Entry updates: 53165
2025-12-16 08:44:04,887 - WARNING - Could not find registration number for horse: dq-Thrill of the Nite
2025-12-16 08:44:04,908 - WARNING - Could not find registration number for horse: dq-Miss Argentina
2025-12-16 08:44:04,995 - WARNING - Could not find registration number for horse: dq-Babs Delight
2025-12-16 08:44:05,073 - WARNING - Could not find registration number for horse: dq-Neverpopthecork
2025-12-16 08:44:05,436 - WARNING - Could not find registration number for horse: dh-Channel Scent
2025-12-16 08:44:06,063 - WARNING - Could not find registration number for horse: dh-Machen Margaritas
2025-12-16 08:44:06,296 - WARNING - Could not find registration number for horse: dh-S S Cosmopolitan
2025-12-16 08:44:06,729 - WARNING - Could not find registration number for horse: dq-Bearcat Bill
2025-12-16 08:44:06,892 - WARNING - Could not find registration number for horse: dh-King Kontie
2025-12-16 08:44:06,969 - WARNING - Could not find registration number for horse: dq-Uncaptured Ruby
2025-12-16 08:44:07,020 - WARNING - Could not find registration number for horse: dh-Jubawithatwist
2025-12-16 08:44:07,754 - WARNING - Could not find registration number for horse: dq-Taptap
2025-12-16 08:44:08,002 - WARNING - Could not find registration number for horse: dq-Hez Hott Ur Nott
2025-12-16 08:44:08,075 - WARNING - Could not find registration number for horse: dq-Eye M
2025-12-16 08:44:08,255 - WARNING - Could not find registration number for horse: dq-Yumas First Dash
2025-12-16 08:44:08,578 - WARNING - Could not find registration number for horse: dq-Linchpin Storm
2025-12-16 08:44:08,596 - WARNING - Could not find registration number for horse: dq-Decider Cartel Queen
2025-12-16 08:44:08,604 - WARNING - Could not find registration number for horse: dq-Likely Choice
2025-12-16 08:44:08,748 - WARNING - Could not find registration number for horse: dh-Tool Time
2025-12-16 08:44:08,817 - WARNING - Could not find registration number for horse: dh-Mount Asgard
2025-12-16 08:44:08,892 - WARNING - Could not find registration number for horse: dq-Charming Vintage
2025-12-16 08:44:09,089 - WARNING - Could not find registration number for horse: dq-Tulsa Timber
2025-12-16 08:44:09,507 - WARNING - Could not find registration number for horse: dh-Darla's Fury
2025-12-16 08:44:09,546 - WARNING - Could not find registration number for horse: dq-Al Reichert
2025-12-16 08:44:09,566 - WARNING - Could not find registration number for horse: dh-Starlight Lane
2025-12-16 08:44:09,960 - WARNING - Could not find registration number for horse: dq-J. Cruz
2025-12-16 08:44:10,402 - INFO - Performing batch database update...
2025-12-16 08:44:10,428 - WARNING - Could not find registration number for horse: dq-Bitterroots Wagon
2025-12-16 08:44:10,496 - INFO - Updated 608 races with results
2025-12-16 08:44:10,732 - INFO - Updated 4490 entries with results
2025-12-16 08:44:10,924 - INFO - Inserted 2681 wagering records
2025-12-16 08:44:11,032 - INFO - Inserted 1684 fraction records
2025-12-16 08:44:11,089 - WARNING - Could not find registration number for horse: dh-Addydidit
2025-12-16 08:44:11,405 - WARNING - Could not find registration number for horse: dh-Dazzling Mist
2025-12-16 08:44:11,650 - WARNING - Could not find registration number for horse: dq-Hyperfocus
2025-12-16 08:44:11,782 - WARNING - Could not find registration number for horse: dh-Wide Eyed Wiley
2025-12-16 08:44:11,845 - WARNING - Could not find registration number for horse: dh-Charming Vintage
2025-12-16 08:44:11,866 - WARNING - Could not find registration number for horse: dq-Morning Rain
2025-12-16 08:44:12,490 - WARNING - Could not find registration number for horse: dq-Mohamad
2025-12-16 08:44:12,690 - WARNING - Could not find registration number for horse: dq-Eye M
2025-12-16 08:44:12,837 - WARNING - Could not find registration number for horse: dq-Creative Letters
2025-12-16 08:44:13,182 - INFO - Inserted 32634 position call records
2025-12-16 08:44:13,448 - WARNING - Could not find registration number for horse: dq-Frostedbird
2025-12-16 08:44:13,632 - WARNING - Could not find registration number for horse: dq-Kiss Me Hello
2025-12-16 08:44:14,416 - WARNING - Could not find registration number for horse: dq-Jakobs Rocket Boy
2025-12-16 08:44:14,900 - WARNING - Could not find registration number for horse: dh-Cruz in the Castle
2025-12-16 08:44:14,992 - WARNING - Could not find registration number for horse: dq-Lucky Promise
2025-12-16 08:44:15,152 - WARNING - Could not find registration number for horse: dh-Strong Eagle
2025-12-16 08:44:15,179 - WARNING - Could not find registration number for horse: dq-Cute Dinero Queen
2025-12-16 08:44:15,218 - WARNING - Could not find registration number for horse: dh-Venn
2025-12-16 08:44:15,346 - WARNING - Could not find registration number for horse: dh-Ocean Lilly
2025-12-16 08:44:15,498 - WARNING - Could not find registration number for horse: dh-Dallas Gold
2025-12-16 08:44:15,595 - WARNING - Could not find registration number for horse: dh-Ova Charged
2025-12-16 08:44:15,635 - WARNING - Could not find registration number for horse: dh-Zicatela
2025-12-16 08:44:15,636 - WARNING - Could not find registration number for horse: dh-Bode's Light
2025-12-16 08:44:15,879 - WARNING - Could not find registration number for horse: dh-Snowball
2025-12-16 08:44:16,023 - WARNING - Could not find registration number for horse: dh-Mg Rip Tide Girl
2025-12-16 08:44:16,271 - WARNING - Could not find registration number for horse: dh-Sheza Piloto
2025-12-16 08:44:16,457 - WARNING - Could not find registration number for horse: dq-Jj Coronas Forever
2025-12-16 08:44:16,766 - WARNING - Could not find registration number for horse: dh-Backstreet Bobby
2025-12-16 08:44:17,125 - WARNING - Could not find registration number for horse: dq-Eye Caramba
2025-12-16 08:44:17,148 - INFO - Processed 1000 files. Race updates: 8194, Entry updates: 59108
2025-12-16 08:44:17,211 - WARNING - Could not find registration number for horse: dh-Louisiana Tah
2025-12-16 08:44:17,286 - WARNING - Could not find registration number for horse: dh-Lenas Long Night
2025-12-16 08:44:17,336 - WARNING - Could not find registration number for horse: dh-Sheza Streakin Carte
2025-12-16 08:44:17,346 - WARNING - Could not find registration number for horse: dh-La Zoomin Cartel
2025-12-16 08:44:17,723 - WARNING - Could not find registration number for horse: dq-Ms Bar None T
2025-12-16 08:44:17,748 - WARNING - Could not find registration number for horse: dh-My Sweet Jewels
2025-12-16 08:44:18,021 - WARNING - Could not find registration number for horse: dh-Prayers Saved
2025-12-16 08:44:18,113 - WARNING - Could not find registration number for horse: dh-Bt Dates Patriot
2025-12-16 08:44:18,212 - WARNING - Could not find registration number for horse: dh-Action Potential
2025-12-16 08:44:18,249 - WARNING - Could not find registration number for horse: dq-Molino
2025-12-16 08:44:18,306 - WARNING - Could not find registration number for horse: Lil Too Dirty
2025-12-16 08:44:18,364 - WARNING - Could not find registration number for horse: dq-Rapid Eyes
2025-12-16 08:44:18,373 - WARNING - Could not find registration number for horse: Lil Too Dirty
2025-12-16 08:44:18,553 - WARNING - Could not find registration number for horse: dh-Oga Bear
2025-12-16 08:44:18,723 - WARNING - Could not find registration number for horse: dh-Vg Imtheboss
2025-12-16 08:44:18,957 - WARNING - Could not find registration number for horse: dq-Favorite Racie
2025-12-16 08:44:19,102 - WARNING - Could not find registration number for horse: dq-Tempting Getaway
2025-12-16 08:44:19,215 - WARNING - Could not find registration number for horse: dh-Turn the Eagle Lose
2025-12-16 08:44:19,236 - WARNING - Could not find registration number for horse: dh-Tenor
2025-12-16 08:44:19,531 - WARNING - Could not find registration number for horse: dhdq-Cartel Fire Two
2025-12-16 08:44:19,709 - WARNING - Could not find registration number for horse: dh-De Tanyas Cartel
2025-12-16 08:44:19,731 - WARNING - Could not find registration number for horse: dq-Oh Cosino Fast
2025-12-16 08:44:19,766 - WARNING - Could not find registration number for horse: dh-Atom Eve B
2025-12-16 08:44:19,807 - WARNING - Could not find registration number for horse: dq-Jnj a Game Jess
2025-12-16 08:44:19,883 - WARNING - Could not find registration number for horse: dh-Fastdash These Silks
2025-12-16 08:44:20,627 - WARNING - Could not find registration number for horse: dq-Five Bar Creek
2025-12-16 08:44:20,659 - WARNING - Could not find registration number for horse: dq-Tcb Stormy Episode
2025-12-16 08:44:20,881 - WARNING - Could not find registration number for horse: dh-Ima Calente Kid
2025-12-16 08:44:21,117 - WARNING - Could not find registration number for horse: dh-Top of Da Line
2025-12-16 08:44:21,616 - WARNING - Could not find registration number for horse: dh-Jrs Majestic Beach
2025-12-16 08:44:21,732 - WARNING - Could not find registration number for horse: dh-Jacks Run Wild
2025-12-16 08:44:21,807 - WARNING - Could not find registration number for horse: dh-Indestructable
2025-12-16 08:44:21,816 - WARNING - Could not find registration number for horse: dq-Honky Tonksfirstlady
2025-12-16 08:44:21,863 - WARNING - Could not find registration number for horse: dh-Five Bar Shake
2025-12-16 08:44:21,982 - WARNING - Could not find registration number for horse: dq-I Cartel
2025-12-16 08:44:22,093 - WARNING - Could not find registration number for horse: Lil Too Dirty
2025-12-16 08:44:22,097 - WARNING - Could not find registration number for horse: dq-Miss Leaving You
2025-12-16 08:44:22,158 - WARNING - Could not find registration number for horse: dh-Bc Whos Driving Who
2025-12-16 08:44:22,172 - WARNING - Could not find registration number for horse: dh-Tf Eyesa Jess Jumpn
2025-12-16 08:44:22,279 - WARNING - Could not find registration number for horse: dh-Suzy Doll's Ready
2025-12-16 08:44:22,537 - WARNING - Could not find registration number for horse: dh-One Fast B
2025-12-16 08:44:22,652 - WARNING - Could not find registration number for horse: dh-Cash Shines
2025-12-16 08:44:22,713 - WARNING - Could not find registration number for horse: dq-Commandeer
2025-12-16 08:44:22,754 - WARNING - Could not find registration number for horse: dq-One Fine Beast
2025-12-16 08:44:22,788 - WARNING - Could not find registration number for horse: dq-Packnshinesmemories
2025-12-16 08:44:22,885 - INFO - Performing batch database update...
2025-12-16 08:44:22,974 - INFO - Updated 540 races with results
2025-12-16 08:44:23,094 - WARNING - Could not find registration number for horse: dh-Nockin On Wood
2025-12-16 08:44:23,229 - INFO - Updated 4309 entries with results
2025-12-16 08:44:23,269 - WARNING - Could not find registration number for horse: dh-Baccaratt
2025-12-16 08:44:23,426 - WARNING - Could not find registration number for horse: dh-Rio Rojo Cartel
2025-12-16 08:44:23,439 - INFO - Inserted 3062 wagering records
2025-12-16 08:44:23,447 - INFO - Inserted 107 fraction records
2025-12-16 08:44:23,455 - WARNING - Could not find registration number for horse: dh-Smokestack
2025-12-16 08:44:23,562 - WARNING - Could not find registration number for horse: dq-Kyletos Majestic
2025-12-16 08:44:23,684 - WARNING - Could not find registration number for horse: dh-Thrilling Sweetness
2025-12-16 08:44:23,744 - WARNING - Could not find registration number for horse: dq-Pretty Boyz Swag
2025-12-16 08:44:23,748 - WARNING - Could not find registration number for horse: dh-Romeo Rogue
2025-12-16 08:44:23,839 - WARNING - Could not find registration number for horse: dq-Ha Chi Corona
2025-12-16 08:44:24,206 - WARNING - Could not find registration number for horse: dq-Sheza Monee Train
2025-12-16 08:44:24,346 - WARNING - Could not find registration number for horse: dhdq-Majestic N Roses
2025-12-16 08:44:24,412 - WARNING - Could not find registration number for horse: dh-Street Perks
2025-12-16 08:44:24,598 - WARNING - Could not find registration number for horse: Lil Too Dirty
2025-12-16 08:44:24,598 - WARNING - Could not find registration number for horse: dq-Inseperable Tees
2025-12-16 08:44:24,695 - WARNING - Could not find registration number for horse: dh-Im First in Firstout
2025-12-16 08:44:24,945 - WARNING - Could not find registration number for horse: dh-Freakin Patriot Dash
2025-12-16 08:44:25,005 - WARNING - Could not find registration number for horse: dh-A Regal Patriot
2025-12-16 08:44:25,063 - WARNING - Could not find registration number for horse: dh-One Fine V
2025-12-16 08:44:25,068 - WARNING - Could not find registration number for horse: dh-Too Jealous
2025-12-16 08:44:25,678 - INFO - Inserted 35100 position call records
2025-12-16 08:44:25,749 - WARNING - Could not find registration number for horse: dh-Jess Louisiana Boo
2025-12-16 08:44:25,807 - WARNING - Could not find registration number for horse: dq-Tlc Willie Cartel
2025-12-16 08:44:26,166 - WARNING - Could not find registration number for horse: dq-Cartel Roses Z
2025-12-16 08:44:26,202 - WARNING - Could not find registration number for horse: dq-Packnshinesmemories
2025-12-16 08:44:26,224 - WARNING - Could not find registration number for horse: dq-Rogue Celebration
2025-12-16 08:44:26,295 - WARNING - Could not find registration number for horse: dh-Eagles N Corona
2025-12-16 08:44:26,366 - WARNING - Could not find registration number for horse: dh-Sheza Money Train
2025-12-16 08:44:26,606 - WARNING - Could not find registration number for horse: dh-Ms Bar None T
2025-12-16 08:44:26,669 - WARNING - Could not find registration number for horse: dh-Rh Querido Ruperto
2025-12-16 08:44:26,767 - WARNING - Could not find registration number for horse: dq-Pure Malice
2025-12-16 08:44:26,878 - WARNING - Could not find registration number for horse: dq-Early Dawn
2025-12-16 08:44:26,900 - WARNING - Could not find registration number for horse: dq-Mr. Numero Uno
2025-12-16 08:44:27,005 - WARNING - Could not find registration number for horse: dq-Ms First Piloto
2025-12-16 08:44:27,314 - WARNING - Could not find registration number for horse: dq-All Aboard B
2025-12-16 08:44:27,835 - WARNING - Could not find registration number for horse: dh-Codetowin
2025-12-16 08:44:27,885 - WARNING - Could not find registration number for horse: dq-Gray Dane
2025-12-16 08:44:27,889 - WARNING - Could not find registration number for horse: dh-Corot
2025-12-16 08:44:28,387 - WARNING - Could not find registration number for horse: dh-Last Freightrain
2025-12-16 08:44:28,409 - WARNING - Could not find registration number for horse: dh-Chili Red
2025-12-16 08:44:28,522 - WARNING - Could not find registration number for horse: dh-Hullinahurry
2025-12-16 08:44:28,651 - WARNING - Could not find registration number for horse: dq-Good and Stout
2025-12-16 08:44:28,902 - WARNING - Could not find registration number for horse: dh-Hoztile Takeover
2025-12-16 08:44:29,668 - WARNING - Could not find registration number for horse: dq-Making a Royal Dash
2025-12-16 08:44:29,905 - WARNING - Could not find registration number for horse: dq-Debbies Passage
2025-12-16 08:44:29,975 - WARNING - Could not find registration number for horse: dh-Oh Hez Fast
2025-12-16 08:44:29,987 - WARNING - Could not find registration number for horse: dh-Mydealoftheday
2025-12-16 08:44:30,116 - WARNING - Could not find registration number for horse: dh-Crypto Brave
2025-12-16 08:44:30,194 - WARNING - Could not find registration number for horse: dh-Grand Hocks Gl
2025-12-16 08:44:30,294 - WARNING - Could not find registration number for horse: dq-Bertie's Galaxy
2025-12-16 08:44:30,593 - WARNING - Could not find registration number for horse: dh-Defiant Malice
2025-12-16 08:44:30,653 - WARNING - Could not find registration number for horse: dh-Michael's Moon
2025-12-16 08:44:30,691 - WARNING - Could not find registration number for horse: dq-Boss Corona
2025-12-16 08:44:30,923 - WARNING - Could not find registration number for horse: dq-Robust
2025-12-16 08:44:31,220 - WARNING - Could not find registration number for horse: dh-Tides of Wrath
2025-12-16 08:44:31,425 - WARNING - Could not find registration number for horse: dh-Egaltistical
2025-12-16 08:44:31,772 - WARNING - Could not find registration number for horse: dq-Rose Jess
2025-12-16 08:44:31,852 - WARNING - Could not find registration number for horse: dh-Oxymoron
2025-12-16 08:44:32,238 - WARNING - Could not find registration number for horse: dh-Finishwhatustarted
2025-12-16 08:44:32,298 - WARNING - Could not find registration number for horse: dh-Zero Point Zero
2025-12-16 08:44:32,369 - WARNING - Could not find registration number for horse: dq-Gypsy Jackpot
2025-12-16 08:44:32,734 - WARNING - Could not find registration number for horse: dh-Zultan
2025-12-16 08:44:32,792 - WARNING - Could not find registration number for horse: dh-Super Curioso (ARG)
2025-12-16 08:44:32,992 - WARNING - Could not find registration number for horse: dh-Memory Maker
2025-12-16 08:44:33,150 - WARNING - Could not find registration number for horse: dq-Mp Jess Special
2025-12-16 08:44:33,263 - INFO - Processed 1100 files. Race updates: 9091, Entry updates: 66497
2025-12-16 08:44:34,024 - INFO - Performing batch database update...
2025-12-16 08:44:34,104 - INFO - Updated 512 races with results
2025-12-16 08:44:34,360 - INFO - Updated 4598 entries with results
2025-12-16 08:44:34,501 - WARNING - Could not find registration number for horse: dq-Golden Juan
2025-12-16 08:44:34,503 - WARNING - Could not find registration number for horse: dq-Lance's Smile
2025-12-16 08:44:34,514 - INFO - Inserted 2643 wagering records
2025-12-16 08:44:34,595 - INFO - Inserted 1514 fraction records
2025-12-16 08:44:35,124 - WARNING - Could not find registration number for horse: dq-Medb
2025-12-16 08:44:35,441 - WARNING - Could not find registration number for horse: dq-Alliworshipnadore
2025-12-16 08:44:35,555 - WARNING - Could not find registration number for horse: dq-Compass Fire
2025-12-16 08:44:35,615 - WARNING - Could not find registration number for horse: dh-Hez Hunters Rogue
2025-12-16 08:44:35,691 - WARNING - Could not find registration number for horse: dq-Jamaican Me
2025-12-16 08:44:35,705 - WARNING - Could not find registration number for horse: dq-Sweetheart Vision
2025-12-16 08:44:35,799 - WARNING - Could not find registration number for horse: dq-Chalk Hill
2025-12-16 08:44:35,972 - WARNING - Could not find registration number for horse: dh-Awesome Pic
2025-12-16 08:44:36,087 - WARNING - Could not find registration number for horse: dh-Chickieness
2025-12-16 08:44:36,213 - WARNING - Could not find registration number for horse: dq-Pylon
2025-12-16 08:44:36,544 - INFO - Inserted 30576 position call records
2025-12-16 08:44:36,644 - WARNING - Could not find registration number for horse: Captain Khozan
2025-12-16 08:44:36,693 - WARNING - Could not find registration number for horse: dh-Storied Fella
2025-12-16 08:44:36,716 - WARNING - Could not find registration number for horse: dq-Ruby Dooby Doo
2025-12-16 08:44:36,840 - WARNING - Could not find registration number for horse: dh-Royal Jet Knockout
2025-12-16 08:44:36,842 - WARNING - Could not find registration number for horse: dhdq-Animal Princess
2025-12-16 08:44:36,961 - WARNING - Could not find registration number for horse: dh-Icy Minister
2025-12-16 08:44:36,969 - WARNING - Could not find registration number for horse: dh-Ariana Valentina
2025-12-16 08:44:37,922 - WARNING - Could not find registration number for horse: dq-Sports Editor
2025-12-16 08:44:38,112 - WARNING - Could not find registration number for horse: dq-Laddie Dance
2025-12-16 08:44:38,336 - WARNING - Could not find registration number for horse: dq-Candy for Carmel
2025-12-16 08:44:38,968 - WARNING - Could not find registration number for horse: Captain Khozan
2025-12-16 08:44:39,770 - WARNING - Could not find registration number for horse: dh-Hrothgar
2025-12-16 08:44:39,780 - WARNING - Could not find registration number for horse: dh-Meru
2025-12-16 08:44:40,017 - WARNING - Could not find registration number for horse: dh-Hidden Warrior
2025-12-16 08:44:40,032 - WARNING - Could not find registration number for horse: dh-Miracle Silver
2025-12-16 08:44:40,302 - WARNING - Could not find registration number for horse: dh-Roundin Third
2025-12-16 08:44:40,421 - WARNING - Could not find registration number for horse: dq-Blonde Samaritan
2025-12-16 08:44:40,603 - WARNING - Could not find registration number for horse: dq-G G's Dark Star
2025-12-16 08:44:40,741 - WARNING - Could not find registration number for horse: dq-Smithwick's Spice
2025-12-16 08:44:40,917 - WARNING - Could not find registration number for horse: dh-Patty's Boy
2025-12-16 08:44:40,958 - WARNING - Could not find registration number for horse: dq-Taino
2025-12-16 08:44:40,986 - WARNING - Could not find registration number for horse: dh-Robbiesdashingleagle
2025-12-16 08:44:41,024 - WARNING - Could not find registration number for horse: dq-I Love Maria
2025-12-16 08:44:41,252 - WARNING - Could not find registration number for horse: dh-Night Ops
2025-12-16 08:44:41,381 - WARNING - Could not find registration number for horse: dq-Yoda Glitz
2025-12-16 08:44:41,682 - WARNING - Could not find registration number for horse: dq-Tankinator
2025-12-16 08:44:41,964 - WARNING - Could not find registration number for horse: dq-Secret Wisper
2025-12-16 08:44:42,445 - WARNING - Could not find registration number for horse: dq-Pylon
2025-12-16 08:44:42,741 - WARNING - Could not find registration number for horse: dq-Lolo Machete Blue
2025-12-16 08:44:43,238 - WARNING - Could not find registration number for horse: dq-El Asil
2025-12-16 08:44:43,567 - WARNING - Could not find registration number for horse: dq-Bermondsey
2025-12-16 08:44:43,970 - WARNING - Could not find registration number for horse: dq-Greyzer
2025-12-16 08:44:44,295 - INFO - Performing batch database update...
2025-12-16 08:44:44,337 - WARNING - Could not find registration number for horse: dq-Dont Fight the Fed
2025-12-16 08:44:44,369 - WARNING - Could not find registration number for horse: dq-I Wanna Rock
2025-12-16 08:44:44,386 - INFO - Updated 601 races with results
2025-12-16 08:44:44,420 - WARNING - Could not find registration number for horse: dq-Tom and Jazzy
2025-12-16 08:44:44,456 - WARNING - Could not find registration number for horse: dq-Silver N Black
2025-12-16 08:44:44,607 - INFO - Updated 4031 entries with results
2025-12-16 08:44:44,620 - INFO - Processed 1200 files. Race updates: 9911, Entry updates: 72465
2025-12-16 08:44:44,890 - INFO - Inserted 3613 wagering records
2025-12-16 08:44:45,032 - INFO - Inserted 2074 fraction records
2025-12-16 08:44:45,449 - WARNING - Could not find registration number for horse: dq-Sippin N Kissin
2025-12-16 08:44:45,980 - WARNING - Could not find registration number for horse: dq-Briartown
2025-12-16 08:44:46,047 - WARNING - Could not find registration number for horse: dq-Mirahmadi
2025-12-16 08:44:46,262 - WARNING - Could not find registration number for horse: dq-Scary Fast Smile
2025-12-16 08:44:46,454 - WARNING - Could not find registration number for horse: dh-Love Foreverafter
2025-12-16 08:44:46,828 - WARNING - Could not find registration number for horse: dh-Una Luna
2025-12-16 08:44:46,885 - WARNING - Could not find registration number for horse: dq-Big Hat Willie
2025-12-16 08:44:46,938 - WARNING - Could not find registration number for horse: dh-Hijo Galante
2025-12-16 08:44:47,030 - WARNING - Could not find registration number for horse: dq-Petcoff
2025-12-16 08:44:47,091 - INFO - Inserted 29652 position call records
2025-12-16 08:44:47,119 - WARNING - Could not find registration number for horse: dh-Meesh
2025-12-16 08:44:47,705 - WARNING - Could not find registration number for horse: dq-Uncle Reg
2025-12-16 08:44:47,889 - WARNING - Could not find registration number for horse: dq-Legislator
2025-12-16 08:44:48,694 - WARNING - Could not find registration number for horse: dq-In Your Face
2025-12-16 08:44:48,765 - WARNING - Could not find registration number for horse: dq-Unkept Secret
2025-12-16 08:44:49,701 - WARNING - Could not find registration number for horse: dh-Denim in Gold
2025-12-16 08:44:49,783 - WARNING - Could not find registration number for horse: Time Too Go
2025-12-16 08:44:49,823 - WARNING - Could not find registration number for horse: dh-Ready Jet Go
2025-12-16 08:44:50,208 - WARNING - Could not find registration number for horse: dq-Eagles Peak
2025-12-16 08:44:50,237 - WARNING - Could not find registration number for horse: dq-Yo Zoomin Fifty
2025-12-16 08:44:50,364 - WARNING - Could not find registration number for horse: dh-Makn Diamonds
2025-12-16 08:44:50,378 - WARNING - Could not find registration number for horse: dh-Zacango Pride
2025-12-16 08:44:50,430 - WARNING - Could not find registration number for horse: dh-Vvr War Hoop
2025-12-16 08:44:50,500 - WARNING - Could not find registration number for horse: dh-La Punsada
2025-12-16 08:44:50,501 - WARNING - Could not find registration number for horse: dh-Bold Break
2025-12-16 08:44:50,537 - WARNING - Could not find registration number for horse: dh-Flightofthephoenix
2025-12-16 08:44:50,539 - WARNING - Could not find registration number for horse: dq-Durango Jess
2025-12-16 08:44:50,663 - WARNING - Could not find registration number for horse: dq-Jlm Embezzler Queen
2025-12-16 08:44:50,742 - WARNING - Could not find registration number for horse: dh-Vf Give Me a Prize
2025-12-16 08:44:50,922 - WARNING - Could not find registration number for horse: dh-Dash N the Wind
2025-12-16 08:44:51,002 - WARNING - Could not find registration number for horse: dq-Dazzling Pistolero
2025-12-16 08:44:51,250 - WARNING - Could not find registration number for horse: dq-Like No Other
2025-12-16 08:44:51,414 - WARNING - Could not find registration number for horse: dq-Vince's Corner
2025-12-16 08:44:52,554 - WARNING - Could not find registration number for horse: Time Too Go
2025-12-16 08:44:53,265 - WARNING - Could not find registration number for horse: I Feelucky Tonite
2025-12-16 08:44:53,421 - WARNING - Could not find registration number for horse: dh-Glossy Life
2025-12-16 08:44:53,545 - WARNING - Could not find registration number for horse: dq-Miranda Rights
2025-12-16 08:44:53,645 - WARNING - Could not find registration number for horse: dq-Wide West (IRE)
2025-12-16 08:44:53,769 - WARNING - Could not find registration number for horse: dh-Tahoe Sunrise
2025-12-16 08:44:53,771 - WARNING - Could not find registration number for horse: dh-Dooblay
2025-12-16 08:44:54,679 - WARNING - Could not find registration number for horse: dq-The Fiscal Seis
2025-12-16 08:44:54,706 - WARNING - Could not find registration number for horse: dh-Mr Fisk
2025-12-16 08:44:54,821 - WARNING - Could not find registration number for horse: dq-Gucci Boy
2025-12-16 08:44:54,976 - WARNING - Could not find registration number for horse: dq-Moon Cat
2025-12-16 08:44:55,391 - WARNING - Could not find registration number for horse: dq-St Ignacio
2025-12-16 08:44:55,446 - WARNING - Could not find registration number for horse: dq-Bellamore
2025-12-16 08:44:55,577 - WARNING - Could not find registration number for horse: dq-Royal Vicky
2025-12-16 08:44:55,580 - WARNING - Could not find registration number for horse: dh-Hope Road
2025-12-16 08:44:56,112 - WARNING - Could not find registration number for horse: dh-Ur in Trouble
2025-12-16 08:44:56,187 - INFO - Performing batch database update...
2025-12-16 08:44:56,272 - INFO - Updated 590 races with results
2025-12-16 08:44:56,545 - WARNING - Could not find registration number for horse: dh-Suga Steve
2025-12-16 08:44:56,593 - INFO - Updated 4526 entries with results
2025-12-16 08:44:56,819 - INFO - Inserted 3039 wagering records
2025-12-16 08:44:56,893 - WARNING - Could not find registration number for horse: dh-Thunder Ball
2025-12-16 08:44:56,910 - INFO - Inserted 1458 fraction records
2025-12-16 08:44:57,180 - WARNING - Could not find registration number for horse: dh-Workin Winnie
2025-12-16 08:44:57,436 - WARNING - Could not find registration number for horse: dh-Double a Eagle
2025-12-16 08:44:57,599 - WARNING - Could not find registration number for horse: dq-Shakin Loose
2025-12-16 08:44:58,324 - WARNING - Could not find registration number for horse: dh-Cheater's Waltz
2025-12-16 08:44:58,498 - WARNING - Could not find registration number for horse: dh-St. John's
2025-12-16 08:44:58,679 - WARNING - Could not find registration number for horse: dh-Bossy Pegasus
2025-12-16 08:44:58,763 - WARNING - Could not find registration number for horse: dq-Try to Capture
2025-12-16 08:44:58,808 - WARNING - Could not find registration number for horse: dh-Barbarian
2025-12-16 08:44:59,042 - WARNING - Could not find registration number for horse: dq-You Split Tens
2025-12-16 08:44:59,053 - WARNING - Could not find registration number for horse: dh-Pick Bymy Friend
2025-12-16 08:44:59,062 - WARNING - Could not find registration number for horse: dh-Athens Moon
2025-12-16 08:44:59,067 - INFO - Processed 1300 files. Race updates: 10782, Entry updates: 79029
2025-12-16 08:44:59,321 - INFO - Inserted 35862 position call records
2025-12-16 08:44:59,740 - WARNING - Could not find registration number for horse: dq-Shelby Shortstop
2025-12-16 08:45:00,019 - WARNING - Could not find registration number for horse: dh-Brannigan
2025-12-16 08:45:00,145 - WARNING - Could not find registration number for horse: dq-Dontforgethesugar
2025-12-16 08:45:00,149 - WARNING - Could not find registration number for horse: dh-Owhatarush
2025-12-16 08:45:00,245 - WARNING - Could not find registration number for horse: dq-Mischief Mame
2025-12-16 08:45:00,446 - WARNING - Could not find registration number for horse: dh-Yammy Yammy Bella
2025-12-16 08:45:00,584 - WARNING - Could not find registration number for horse: dq-Foster Boi
2025-12-16 08:45:00,643 - WARNING - Could not find registration number for horse: dq-New Every Morning
2025-12-16 08:45:01,316 - WARNING - Could not find registration number for horse: dq-Dash to the Flash T
2025-12-16 08:45:01,585 - WARNING - Could not find registration number for horse: Nowhere Too Run
2025-12-16 08:45:01,839 - WARNING - Could not find registration number for horse: dq-Glimpse of Gold
2025-12-16 08:45:01,955 - WARNING - Could not find registration number for horse: dq-Knightline
2025-12-16 08:45:01,959 - WARNING - Could not find registration number for horse: dh-She Said My Way
2025-12-16 08:45:02,022 - WARNING - Could not find registration number for horse: dh-Olivia's Choice (IRE)
2025-12-16 08:45:02,174 - WARNING - Could not find registration number for horse: dh-Whatta World
2025-12-16 08:45:02,259 - WARNING - Could not find registration number for horse: dh-Wherever You Are
2025-12-16 08:45:02,373 - WARNING - Could not find registration number for horse: dq-Nana's Angels
2025-12-16 08:45:02,516 - WARNING - Could not find registration number for horse: dh-Well Imagine That
2025-12-16 08:45:02,604 - WARNING - Could not find registration number for horse: dq-Mr. Bugs
2025-12-16 08:45:02,691 - WARNING - Could not find registration number for horse: dq-Our Lyla Grace
2025-12-16 08:45:03,024 - WARNING - Could not find registration number for horse: dq-Pedal to the Metal
2025-12-16 08:45:03,363 - WARNING - Could not find registration number for horse: dq-Arthur Spooner
2025-12-16 08:45:03,784 - WARNING - Could not find registration number for horse: dq-Laurieann
2025-12-16 08:45:04,176 - WARNING - Could not find registration number for horse: dq-Arms Apriority
2025-12-16 08:45:04,573 - WARNING - Could not find registration number for horse: dq-Bel Ragazzo
2025-12-16 08:45:04,859 - WARNING - Could not find registration number for horse: dq-Mardi Gras Alarm
2025-12-16 08:45:04,860 - WARNING - Could not find registration number for horse: dq-Barbarian
2025-12-16 08:45:05,327 - WARNING - Could not find registration number for horse: dq-Mosquito Fleet
2025-12-16 08:45:05,588 - WARNING - Could not find registration number for horse: dq-You're the Cause
2025-12-16 08:45:06,337 - INFO - Performing batch database update...
2025-12-16 08:45:06,425 - INFO - Updated 511 races with results
2025-12-16 08:45:06,589 - WARNING - Could not find registration number for horse: dq-Play Master
2025-12-16 08:45:06,641 - INFO - Updated 3775 entries with results
2025-12-16 08:45:06,874 - INFO - Inserted 2751 wagering records
2025-12-16 08:45:06,970 - INFO - Inserted 1673 fraction records
2025-12-16 08:45:07,085 - WARNING - Could not find registration number for horse: dq-Madison's Screen
2025-12-16 08:45:08,130 - WARNING - Could not find registration number for horse: dh-Apriority Rocket
2025-12-16 08:45:08,318 - WARNING - Could not find registration number for horse: dq-Buck Doll Taylor
2025-12-16 08:45:08,475 - WARNING - Could not find registration number for horse: dh-Sacred Nation
2025-12-16 08:45:08,568 - INFO - Inserted 25836 position call records
2025-12-16 08:45:08,719 - WARNING - Could not find registration number for horse: dq-Iron N Steel
2025-12-16 08:45:09,239 - WARNING - Could not find registration number for horse: dh-Easy Eddie A
2025-12-16 08:45:09,342 - WARNING - Could not find registration number for horse: dq-First Glimpse
2025-12-16 08:45:09,542 - WARNING - Could not find registration number for horse: dh-Buck's Glory
2025-12-16 08:45:10,054 - WARNING - Could not find registration number for horse: dq-Mystic Creed
2025-12-16 08:45:10,872 - WARNING - Could not find registration number for horse: dq-Sierra Melody
2025-12-16 08:45:11,270 - WARNING - Could not find registration number for horse: dh-Harriet's Dream
2025-12-16 08:45:11,628 - WARNING - Could not find registration number for horse: dh-Charlie's Peak
2025-12-16 08:45:11,744 - INFO - Processed 1400 files. Race updates: 11667, Entry updates: 85503
2025-12-16 08:45:12,213 - WARNING - Could not find registration number for horse: dq-Moon Chick
2025-12-16 08:45:12,278 - WARNING - Could not find registration number for horse: dh-Speedy
2025-12-16 08:45:12,338 - WARNING - Could not find registration number for horse: dh-Rm Payaso
2025-12-16 08:45:12,369 - WARNING - Could not find registration number for horse: dq-Flaming Eagle
2025-12-16 08:45:12,409 - WARNING - Could not find registration number for horse: dq-Cajun Cyclone
2025-12-16 08:45:12,646 - WARNING - Could not find registration number for horse: dh-Double Tac Flash
2025-12-16 08:45:12,647 - WARNING - Could not find registration number for horse: dq-Muffin Nuts
2025-12-16 08:45:12,814 - WARNING - Could not find registration number for horse: dh-Apolitical Train
2025-12-16 08:45:12,980 - WARNING - Could not find registration number for horse: dq-Blew Duck
2025-12-16 08:45:13,256 - WARNING - Could not find registration number for horse: dh-Ghost Cowboy
2025-12-16 08:45:13,319 - WARNING - Could not find registration number for horse: dh-Run On Aces
2025-12-16 08:45:13,397 - WARNING - Could not find registration number for horse: dq-Sity Kitty
2025-12-16 08:45:14,088 - WARNING - Could not find registration number for horse: Lil Too Dirty
2025-12-16 08:45:14,095 - WARNING - Could not find registration number for horse: dh-Cwfasttrack
2025-12-16 08:45:14,253 - WARNING - Could not find registration number for horse: dh-Jet Black Dolly
2025-12-16 08:45:14,277 - WARNING - Could not find registration number for horse: dh-Ab Chalalo
2025-12-16 08:45:14,341 - WARNING - Could not find registration number for horse: dh-San Lorenzeaux
2025-12-16 08:45:14,484 - WARNING - Could not find registration number for horse: dh-Inseperable Tees
2025-12-16 08:45:14,542 - WARNING - Could not find registration number for horse: dh-Jrs Majestic Prince
2025-12-16 08:45:14,647 - WARNING - Could not find registration number for horse: dh-Best Magic Piloto
2025-12-16 08:45:14,662 - WARNING - Could not find registration number for horse: dh-Jj One Jessan
2025-12-16 08:45:14,730 - WARNING - Could not find registration number for horse: dq-Denalia Sweet Jess
2025-12-16 08:45:14,950 - WARNING - Could not find registration number for horse: dh-Gbh Streakin B
2025-12-16 08:45:15,207 - WARNING - Could not find registration number for horse: dq-Jess a Wild Candy
2025-12-16 08:45:15,280 - WARNING - Could not find registration number for horse: dq-One More Sleep
2025-12-16 08:45:15,326 - WARNING - Could not find registration number for horse: dh-Cr Black Penny
2025-12-16 08:45:15,361 - WARNING - Could not find registration number for horse: dh-A Political Delite
2025-12-16 08:45:15,625 - WARNING - Could not find registration number for horse: dh-Zoomin Blue Star
2025-12-16 08:45:15,929 - WARNING - Could not find registration number for horse: dq-Jps Money Train
2025-12-16 08:45:16,177 - WARNING - Could not find registration number for horse: dq-A Shot At Corona
2025-12-16 08:45:16,925 - WARNING - Could not find registration number for horse: dq-W W Valid
2025-12-16 08:45:16,935 - WARNING - Could not find registration number for horse: dh-Jessa Fury
2025-12-16 08:45:17,046 - WARNING - Could not find registration number for horse: dq-Louisiana Bru
2025-12-16 08:45:17,113 - WARNING - Could not find registration number for horse: dq-Alafair
2025-12-16 08:45:17,172 - WARNING - Could not find registration number for horse: dh-Jj First Down Dash
2025-12-16 08:45:17,192 - WARNING - Could not find registration number for horse: dq-Polita Chick
2025-12-16 08:45:17,296 - WARNING - Could not find registration number for horse: dh-Ha Chi Corona
2025-12-16 08:45:17,307 - WARNING - Could not find registration number for horse: dq-Coronasr Eye Opening
2025-12-16 08:45:17,349 - WARNING - Could not find registration number for horse: dq-Turn the Eagle Lose
2025-12-16 08:45:17,430 - WARNING - Could not find registration number for horse: dq-Hell of a View
2025-12-16 08:45:17,660 - WARNING - Could not find registration number for horse: dh-Simba Stone
2025-12-16 08:45:17,834 - WARNING - Could not find registration number for horse: dq-Jes Winnin Cartel
2025-12-16 08:45:17,853 - INFO - Performing batch database update...
2025-12-16 08:45:17,937 - INFO - Updated 530 races with results
2025-12-16 08:45:18,162 - WARNING - Could not find registration number for horse: dq-Showmedafreight
2025-12-16 08:45:18,187 - INFO - Updated 4404 entries with results
2025-12-16 08:45:18,216 - WARNING - Could not find registration number for horse: dh-Jla Indy Rogue
2025-12-16 08:45:18,276 - WARNING - Could not find registration number for horse: dh-Rdd Empire Builder
2025-12-16 08:45:18,348 - WARNING - Could not find registration number for horse: dq-Wendells Fast Dash
2025-12-16 08:45:18,366 - INFO - Inserted 2805 wagering records
2025-12-16 08:45:18,395 - INFO - Inserted 562 fraction records
2025-12-16 08:45:18,615 - WARNING - Could not find registration number for horse: dq-Blew Duck
2025-12-16 08:45:18,739 - WARNING - Could not find registration number for horse: dq-Thunder Cartel
2025-12-16 08:45:18,949 - WARNING - Could not find registration number for horse: dq-Tdz Kings Ransom
2025-12-16 08:45:19,110 - WARNING - Could not find registration number for horse: dh-Lastfortinofamily
2025-12-16 08:45:19,145 - WARNING - Could not find registration number for horse: dq-Double X Perry
2025-12-16 08:45:19,352 - WARNING - Could not find registration number for horse: dq-Torin
2025-12-16 08:45:19,492 - WARNING - Could not find registration number for horse: dq-Tf Jess Doing Curls
2025-12-16 08:45:19,561 - WARNING - Could not find registration number for horse: dh-Tuckers Prize
2025-12-16 08:45:19,682 - WARNING - Could not find registration number for horse: dh-Campaign Spy
2025-12-16 08:45:19,753 - WARNING - Could not find registration number for horse: dh-Denalia Sweet Jess
2025-12-16 08:45:20,085 - WARNING - Could not find registration number for horse: Lil Too Dirty
2025-12-16 08:45:20,242 - WARNING - Could not find registration number for horse: dq-Go Madi Go
2025-12-16 08:45:20,440 - INFO - Inserted 33054 position call records
2025-12-16 08:45:21,055 - WARNING - Could not find registration number for horse: dh-Luminous Flight
2025-12-16 08:45:21,071 - WARNING - Could not find registration number for horse: dq-Peacock Man
2025-12-16 08:45:21,507 - WARNING - Could not find registration number for horse: dh-Mini Dress
2025-12-16 08:45:21,571 - WARNING - Could not find registration number for horse: dh-Witching
2025-12-16 08:45:21,655 - WARNING - Could not find registration number for horse: dh-Chernyahovskiy
2025-12-16 08:45:21,695 - WARNING - Could not find registration number for horse: dh-Hushed Court Room
2025-12-16 08:45:21,714 - WARNING - Could not find registration number for horse: dh-Super Silver
2025-12-16 08:45:22,178 - WARNING - Could not find registration number for horse: dq-Cherry Orchard
2025-12-16 08:45:22,323 - WARNING - Could not find registration number for horse: dh-St. Louie Louie
2025-12-16 08:45:22,373 - WARNING - Could not find registration number for horse: dh-Ec Abella
2025-12-16 08:45:22,467 - WARNING - Could not find registration number for horse: dh-Tizrik
2025-12-16 08:45:22,504 - WARNING - Could not find registration number for horse: dh-Eagle Joy
2025-12-16 08:45:22,594 - WARNING - Could not find registration number for horse: dh-Sircorri
2025-12-16 08:45:22,800 - WARNING - Could not find registration number for horse: dq-Onacounta
2025-12-16 08:45:22,988 - WARNING - Could not find registration number for horse: dh-Andthethunderrolls
2025-12-16 08:45:23,140 - WARNING - Could not find registration number for horse: dq-Cahokia Posse
2025-12-16 08:45:23,411 - INFO - Processed 1500 files. Race updates: 12440, Entry updates: 91376
2025-12-16 08:45:23,469 - WARNING - Could not find registration number for horse: dq-Charming Kat
2025-12-16 08:45:23,905 - WARNING - Could not find registration number for horse: dq-Stance
2025-12-16 08:45:24,120 - WARNING - Could not find registration number for horse: dh-Tizwow
2025-12-16 08:45:24,187 - WARNING - Could not find registration number for horse: dh-Charlie's Beach
2025-12-16 08:45:24,613 - WARNING - Could not find registration number for horse: dh-Fast Dashn Anna
2025-12-16 08:45:24,621 - WARNING - Could not find registration number for horse: dq-Izeondec
2025-12-16 08:45:24,936 - WARNING - Could not find registration number for horse: dh-Papa's Lucky Seven
2025-12-16 08:45:25,022 - WARNING - Could not find registration number for horse: dq-No More
2025-12-16 08:45:25,045 - WARNING - Could not find registration number for horse: dq-Mimi's Holiday
2025-12-16 08:45:25,056 - WARNING - Could not find registration number for horse: dh-Blue Norther
2025-12-16 08:45:25,478 - WARNING - Could not find registration number for horse: dq-Jj Exel
2025-12-16 08:45:25,856 - WARNING - Could not find registration number for horse: dh-Ima Calente Kid
2025-12-16 08:45:26,666 - WARNING - Could not find registration number for horse: dq-Dotted Line
2025-12-16 08:45:26,723 - WARNING - Could not find registration number for horse: dq-Toosweetforme
2025-12-16 08:45:26,799 - WARNING - Could not find registration number for horse: dh-Brienne of Tarth
2025-12-16 08:45:26,926 - WARNING - Could not find registration number for horse: dh-Tangerine Twist
2025-12-16 08:45:27,352 - INFO - Performing batch database update...
2025-12-16 08:45:27,393 - WARNING - Could not find registration number for horse: dq-One Bay Hemingway
2025-12-16 08:45:27,428 - INFO - Updated 579 races with results
2025-12-16 08:45:27,462 - WARNING - Could not find registration number for horse: dq-One More Brew
2025-12-16 08:45:27,546 - WARNING - Could not find registration number for horse: dq-Diamondback
2025-12-16 08:45:27,674 - INFO - Updated 4080 entries with results
2025-12-16 08:45:27,707 - WARNING - Could not find registration number for horse: dh-Born to Be Good
2025-12-16 08:45:27,771 - WARNING - Could not find registration number for horse: dh-Pluie d'Avril
2025-12-16 08:45:27,882 - INFO - Inserted 3109 wagering records
2025-12-16 08:45:27,992 - INFO - Inserted 1764 fraction records
2025-12-16 08:45:28,341 - WARNING - Could not find registration number for horse: dq-Artie's All In
2025-12-16 08:45:28,452 - WARNING - Could not find registration number for horse: dq-Makin It Rayne
2025-12-16 08:45:29,055 - WARNING - Could not find registration number for horse: dh-Wenjack
2025-12-16 08:45:29,157 - WARNING - Could not find registration number for horse: dq-Autumn's So Flashy
2025-12-16 08:45:29,204 - WARNING - Could not find registration number for horse: dq-Sasquatch Ride
2025-12-16 08:45:29,314 - WARNING - Could not find registration number for horse: dh-W W Springtime
2025-12-16 08:45:29,614 - INFO - Inserted 26052 position call records
2025-12-16 08:45:29,741 - WARNING - Could not find registration number for horse: dq-Peso in My Pocket
2025-12-16 08:45:30,057 - WARNING - Could not find registration number for horse: dh-Two Cookie Rule
2025-12-16 08:45:30,157 - WARNING - Could not find registration number for horse: dq-Makes Sense to Me
2025-12-16 08:45:30,228 - WARNING - Could not find registration number for horse: dh-You're in Corey
2025-12-16 08:45:30,539 - WARNING - Could not find registration number for horse: dh-Supertrix
2025-12-16 08:45:30,833 - WARNING - Could not find registration number for horse: dh-Templuna
2025-12-16 08:45:30,951 - WARNING - Could not find registration number for horse: dh-Paytonsattheplate
2025-12-16 08:45:31,124 - WARNING - Could not find registration number for horse: dh-Angel of Verdun
2025-12-16 08:45:31,251 - WARNING - Could not find registration number for horse: dh-Lady Dreamer
2025-12-16 08:45:31,530 - WARNING - Could not find registration number for horse: dh-Margoinabubblebath
2025-12-16 08:45:31,532 - WARNING - Could not find registration number for horse: dq-Reverent
2025-12-16 08:45:31,549 - WARNING - Could not find registration number for horse: dq-Sensible Portions
2025-12-16 08:45:32,147 - WARNING - Could not find registration number for horse: dh-Blue Jays
2025-12-16 08:45:32,206 - WARNING - Could not find registration number for horse: dh-First Glimpse
2025-12-16 08:45:32,421 - WARNING - Could not find registration number for horse: dq-Woods N Water
2025-12-16 08:45:32,448 - WARNING - Could not find registration number for horse: dq-J M R Turek
2025-12-16 08:45:33,555 - WARNING - Could not find registration number for horse: dq-Lets Run Two
2025-12-16 08:45:33,705 - WARNING - Could not find registration number for horse: dq-Mo Saturdays
2025-12-16 08:45:33,929 - WARNING - Could not find registration number for horse: dh-Maintainance Matt
2025-12-16 08:45:34,017 - WARNING - Could not find registration number for horse: dq-Syvestar
2025-12-16 08:45:34,107 - WARNING - Could not find registration number for horse: dh-Drewzano
2025-12-16 08:45:34,416 - WARNING - Could not find registration number for horse: dq-Multi Platinum
2025-12-16 08:45:34,521 - WARNING - Could not find registration number for horse: dh-Chaosmos
2025-12-16 08:45:34,716 - WARNING - Could not find registration number for horse: dh-Mad Adam
2025-12-16 08:45:34,742 - INFO - Processed 1600 files. Race updates: 13220, Entry updates: 96529
2025-12-16 08:45:35,574 - WARNING - Could not find registration number for horse: dq-Castlewarden
2025-12-16 08:45:35,718 - WARNING - Could not find registration number for horse: dh-Hudson's Turn
2025-12-16 08:45:35,975 - WARNING - Could not find registration number for horse: dh-Silver Galaxy
2025-12-16 08:45:36,430 - WARNING - Could not find registration number for horse: dq-Bertie's Galaxy
2025-12-16 08:45:37,257 - INFO - Performing batch database update...
2025-12-16 08:45:37,365 - INFO - Updated 618 races with results
2025-12-16 08:45:37,557 - INFO - Updated 3726 entries with results
2025-12-16 08:45:37,574 - WARNING - Could not find registration number for horse: dq-Sweet Alexis
2025-12-16 08:45:37,782 - INFO - Inserted 3406 wagering records
2025-12-16 08:45:37,933 - INFO - Inserted 2193 fraction records
2025-12-16 08:45:38,940 - WARNING - Could not find registration number for horse: dh-Be Bo
2025-12-16 08:45:39,142 - WARNING - Could not find registration number for horse: dh-Khozy Tap
2025-12-16 08:45:39,572 - INFO - Inserted 28032 position call records
2025-12-16 08:45:39,725 - WARNING - Could not find registration number for horse: dq-Glenn's Jumper
2025-12-16 08:45:39,804 - WARNING - Could not find registration number for horse: dq-Criminal Intent
2025-12-16 08:45:39,844 - WARNING - Could not find registration number for horse: dq-Sweet Temperament
2025-12-16 08:45:40,899 - WARNING - Could not find registration number for horse: dq-Banco Medici
2025-12-16 08:45:41,047 - WARNING - Could not find registration number for horse: dq-Mo Crazy Blues
2025-12-16 08:45:42,354 - WARNING - Could not find registration number for horse: dq-Crunch B B B
2025-12-16 08:45:42,473 - WARNING - Could not find registration number for horse: dq-Bold Victory
2025-12-16 08:45:42,704 - WARNING - Could not find registration number for horse: dq-Gold Templar
2025-12-16 08:45:42,946 - WARNING - Could not find registration number for horse: dq-Sabreen
2025-12-16 08:45:43,110 - WARNING - Could not find registration number for horse: dq-Devious Mo
2025-12-16 08:45:43,264 - WARNING - Could not find registration number for horse: dq-Hardly Working
2025-12-16 08:45:44,182 - WARNING - Could not find registration number for horse: dq-Escape Mission
2025-12-16 08:45:44,424 - WARNING - Could not find registration number for horse: Max S
2025-12-16 08:45:45,042 - WARNING - Could not find registration number for horse: dh-Samay
2025-12-16 08:45:45,095 - WARNING - Could not find registration number for horse: dh-N Y Anthem
2025-12-16 08:45:45,742 - WARNING - Could not find registration number for horse: dq-Graywing
2025-12-16 08:45:46,458 - WARNING - Could not find registration number for horse: dq-Greek Easter
2025-12-16 08:45:47,316 - INFO - Processed 1700 files. Race updates: 14074, Entry updates: 102817
2025-12-16 08:45:47,445 - WARNING - Could not find registration number for horse: dq-Khozando
2025-12-16 08:45:48,674 - WARNING - Could not find registration number for horse: dq-Rattleme
2025-12-16 08:45:48,881 - WARNING - Could not find registration number for horse: dq-Predicted
2025-12-16 08:45:48,915 - WARNING - Could not find registration number for horse: dq-Empress Palpatine
2025-12-16 08:45:49,078 - WARNING - Could not find registration number for horse: dh-Anything Pazible
2025-12-16 08:45:49,412 - WARNING - Could not find registration number for horse: dq-Roseinthesky
2025-12-16 08:45:49,733 - WARNING - Could not find registration number for horse: dh-Party News
2025-12-16 08:45:49,753 - WARNING - Could not find registration number for horse: dh-Double Vision
2025-12-16 08:45:50,055 - WARNING - Could not find registration number for horse: dh-B C Glory Days
2025-12-16 08:45:50,113 - WARNING - Could not find registration number for horse: dh-Thirty Oysters
2025-12-16 08:45:50,202 - WARNING - Could not find registration number for horse: dh-Tiz Lucky
2025-12-16 08:45:50,534 - WARNING - Could not find registration number for horse: dq-Sullys Country Wagon
2025-12-16 08:45:50,795 - WARNING - Could not find registration number for horse: dh-Tuff Mandate
2025-12-16 08:45:50,914 - WARNING - Could not find registration number for horse: dh-Majestic Lover
2025-12-16 08:45:51,542 - WARNING - Could not find registration number for horse: dh-Strong Woman
2025-12-16 08:45:51,598 - WARNING - Could not find registration number for horse: dh-J Love
2025-12-16 08:45:51,785 - WARNING - Could not find registration number for horse: dh-Jesss Glance
2025-12-16 08:45:51,933 - WARNING - Could not find registration number for horse: dq-Spend Again
2025-12-16 08:45:52,024 - WARNING - Could not find registration number for horse: dh-Pitchalilfit
2025-12-16 08:45:52,731 - WARNING - Could not find registration number for horse: dq-Awesome Outlaw
2025-12-16 08:45:52,834 - WARNING - Could not find registration number for horse: dq-Barbara's Spirit
2025-12-16 08:45:52,978 - WARNING - Could not find registration number for horse: dh-Salty X
2025-12-16 08:45:53,230 - WARNING - Could not find registration number for horse: dh-Country Boy Floyd
2025-12-16 08:45:53,314 - WARNING - Could not find registration number for horse: dh-Kool Wagon
2025-12-16 08:45:53,377 - WARNING - Could not find registration number for horse: dh-Furria Hotwire
2025-12-16 08:45:53,377 - WARNING - Could not find registration number for horse: 00500
2025-12-16 08:45:53,525 - WARNING - Could not find registration number for horse: Little Dolls Party
2025-12-16 08:45:53,939 - WARNING - Could not find registration number for horse: dq-Jess Ride My Wagon
2025-12-16 08:45:54,319 - WARNING - Could not find registration number for horse: dh-Mh Party Boy
2025-12-16 08:45:54,386 - WARNING - Could not find registration number for horse: dh-Mimi Dash
2025-12-16 08:45:54,418 - WARNING - Could not find registration number for horse: dh-Stinnett
2025-12-16 08:45:54,611 - WARNING - Could not find registration number for horse: dh-Miss Euro Bullion
2025-12-16 08:45:55,442 - WARNING - Could not find registration number for horse: dh-Alliefaye
2025-12-16 08:45:55,446 - WARNING - Could not find registration number for horse: dq-Sentimental Cross
2025-12-16 08:45:55,577 - WARNING - Could not find registration number for horse: dh-Wagon Chico
2025-12-16 08:45:55,761 - WARNING - Could not find registration number for horse: dq-Fabulosity
2025-12-16 08:45:55,875 - WARNING - Could not find registration number for horse: dh-Fashion Fact
2025-12-16 08:45:56,132 - WARNING - Could not find registration number for horse: dq-Young Life Laura
2025-12-16 08:45:56,236 - WARNING - Could not find registration number for horse: dh-Ready to Get Loud
2025-12-16 08:45:56,408 - WARNING - Could not find registration number for horse: Little Dolls Party
2025-12-16 08:45:56,673 - WARNING - Could not find registration number for horse: dh-Highest Alibi
2025-12-16 08:45:56,937 - WARNING - Could not find registration number for horse: dh-Js Runnin Lights
2025-12-16 08:45:56,953 - WARNING - Could not find registration number for horse: dq-Sing Charmer Sing
2025-12-16 08:45:57,002 - WARNING - Could not find registration number for horse: dq-Tellittothejudge
2025-12-16 08:45:57,055 - WARNING - Could not find registration number for horse: dh-Hes a Perfect Hero
2025-12-16 08:45:57,112 - WARNING - Could not find registration number for horse: dh-Duponjess
2025-12-16 08:45:57,701 - WARNING - Could not find registration number for horse: dq-Curtin's Up
2025-12-16 08:45:59,006 - WARNING - Could not find registration number for horse: dh-Saturday Service
2025-12-16 08:45:59,079 - INFO - Processed 1800 files. Race updates: 14902, Entry updates: 108380
2025-12-16 08:45:59,175 - WARNING - Could not find registration number for horse: dh-Hot Caviar
2025-12-16 08:46:00,253 - WARNING - Could not find registration number for horse: dh-Wanna Be Fierce
2025-12-16 08:46:00,319 - WARNING - Could not find registration number for horse: dh-Rosat
2025-12-16 08:46:00,483 - WARNING - Could not find registration number for horse: dh-Sumo
2025-12-16 08:46:00,607 - WARNING - Could not find registration number for horse: dh-Night Proof
2025-12-16 08:46:00,727 - WARNING - Could not find registration number for horse: dq-Fury Kap
2025-12-16 08:46:01,813 - WARNING - Could not find registration number for horse: dq-Que Sera Sir Ralph
2025-12-16 08:46:01,892 - WARNING - Could not find registration number for horse: dq-Emily Smiles
2025-12-16 08:46:02,316 - WARNING - Could not find registration number for horse: dq-Lightinthedarkness
2025-12-16 08:46:02,378 - WARNING - Could not find registration number for horse: dh-Tizthehartofdixie
2025-12-16 08:46:02,549 - WARNING - Could not find registration number for horse: dh-Koko's Mom
2025-12-16 08:46:02,652 - WARNING - Could not find registration number for horse: dh-El Joy
2025-12-16 08:46:02,710 - WARNING - Could not find registration number for horse: dh-Brit's Wit
2025-12-16 08:46:02,990 - INFO - Performing batch database update...
2025-12-16 08:46:03,128 - INFO - Updated 1648 races with results
2025-12-16 08:46:03,502 - WARNING - Could not find registration number for horse: dh-Southern Mojo
2025-12-16 08:46:03,875 - WARNING - Could not find registration number for horse: dh-Hulen
2025-12-16 08:46:03,876 - INFO - Updated 11974 entries with results
2025-12-16 08:46:04,103 - WARNING - Could not find registration number for horse: dh-Giant Gamble
2025-12-16 08:46:04,294 - WARNING - Could not find registration number for horse: dh-Lovethatcause
2025-12-16 08:46:04,374 - INFO - Inserted 8152 wagering records
2025-12-16 08:46:04,644 - WARNING - Could not find registration number for horse: dq-Daniela Bella
2025-12-16 08:46:04,684 - INFO - Inserted 4417 fraction records
2025-12-16 08:46:04,903 - WARNING - Could not find registration number for horse: dq-Barbera
2025-12-16 08:46:05,521 - WARNING - Could not find registration number for horse: dh-Chicago Soldier (IRE)
2025-12-16 08:46:05,599 - WARNING - Could not find registration number for horse: dh-Naughty Niko
2025-12-16 08:46:05,670 - WARNING - Could not find registration number for horse: dh-National Generaux (IRE)
2025-12-16 08:46:05,727 - WARNING - Could not find registration number for horse: dh-Cardiff Crack
2025-12-16 08:46:06,529 - WARNING - Could not find registration number for horse: dh-Trademarque
2025-12-16 08:46:06,746 - WARNING - Could not find registration number for horse: dh-Mp Magical Red
2025-12-16 08:46:07,286 - WARNING - Could not find registration number for horse: dh-Magic Chrome
2025-12-16 08:46:07,327 - WARNING - Could not find registration number for horse: dh-Sjm Desirable Candy
2025-12-16 08:46:07,412 - WARNING - Could not find registration number for horse: dh-Jersey Sunset
2025-12-16 08:46:07,973 - WARNING - Could not find registration number for horse: dh-Burning Follies
2025-12-16 08:46:08,136 - WARNING - Could not find registration number for horse: dh-Indulge
2025-12-16 08:46:08,332 - WARNING - Could not find registration number for horse: dq-Undisturbed
2025-12-16 08:46:08,406 - WARNING - Could not find registration number for horse: dh-Idiot's Gold
2025-12-16 08:46:08,519 - WARNING - Could not find registration number for horse: dh-Bobby's Genie
2025-12-16 08:46:08,826 - WARNING - Could not find registration number for horse: dq-Spanish Channel
2025-12-16 08:46:09,055 - WARNING - Could not find registration number for horse: dh-Golden Prayer
2025-12-16 08:46:09,090 - WARNING - Could not find registration number for horse: dh-Fantastic Secret
2025-12-16 08:46:09,472 - WARNING - Could not find registration number for horse: dh-California Gigi
2025-12-16 08:46:09,693 - INFO - Inserted 86574 position call records
2025-12-16 08:46:09,871 - WARNING - Could not find registration number for horse: dh-Sharona's Wild Boy
2025-12-16 08:46:09,987 - WARNING - Could not find registration number for horse: dh-Big Beno
2025-12-16 08:46:10,082 - WARNING - Could not find registration number for horse: dh-Tarantino
2025-12-16 08:46:10,373 - WARNING - Could not find registration number for horse: dh-Lamplighter Jack
2025-12-16 08:46:10,643 - WARNING - Could not find registration number for horse: dq-Regal Redwood
2025-12-16 08:46:10,773 - WARNING - Could not find registration number for horse: dq-One Little Indian
2025-12-16 08:46:10,801 - INFO - Processed 1900 files. Race updates: 15754, Entry updates: 113997
2025-12-16 08:46:11,733 - WARNING - Could not find registration number for horse: dq-Its Thievery
2025-12-16 08:46:12,016 - WARNING - Could not find registration number for horse: dh-Queen Molotov
2025-12-16 08:46:12,044 - WARNING - Could not find registration number for horse: dh-Smiling Molly
2025-12-16 08:46:12,311 - WARNING - Could not find registration number for horse: dh-Tam's Little Angel
2025-12-16 08:46:12,327 - WARNING - Could not find registration number for horse: dh-Golden Prayer
2025-12-16 08:46:12,346 - WARNING - Could not find registration number for horse: dh-Bold Mistress
2025-12-16 08:46:12,475 - WARNING - Could not find registration number for horse: dh-Maycee Jo
2025-12-16 08:46:12,476 - WARNING - Could not find registration number for horse: dh-Horse Doctor
2025-12-16 08:46:12,926 - WARNING - Could not find registration number for horse: dh-Dulas (IRE)
2025-12-16 08:46:13,003 - WARNING - Could not find registration number for horse: dh-Bandera Azteca
2025-12-16 08:46:13,128 - WARNING - Could not find registration number for horse: dh-Cowboy Charlie
2025-12-16 08:46:13,214 - WARNING - Could not find registration number for horse: dh-Conundrum
2025-12-16 08:46:13,259 - WARNING - Could not find registration number for horse: dh-Midnight Special
2025-12-16 08:46:13,839 - WARNING - Could not find registration number for horse: dq-Dorie Miller
2025-12-16 08:46:14,354 - WARNING - Could not find registration number for horse: dq-Gold N Hero
2025-12-16 08:46:14,508 - WARNING - Could not find registration number for horse: dq-En Tu Honor Bro
2025-12-16 08:46:15,004 - WARNING - Could not find registration number for horse: Its Too Late Now
2025-12-16 08:46:15,445 - WARNING - Could not find registration number for horse: dq-Speed Grazy
2025-12-16 08:46:15,703 - WARNING - Could not find registration number for horse: dq-No La Deja
2025-12-16 08:46:15,715 - WARNING - Could not find registration number for horse: dq-Hez Our Dream
2025-12-16 08:46:16,101 - WARNING - Could not find registration number for horse: dh-Royalmightybug
2025-12-16 08:46:16,476 - WARNING - Could not find registration number for horse: dh-Pretty Cosmo Girl
2025-12-16 08:46:16,546 - WARNING - Could not find registration number for horse: dq-Mooncapture
2025-12-16 08:46:16,831 - WARNING - Could not find registration number for horse: dq-Sweet Penelope
2025-12-16 08:46:16,831 - WARNING - Could not find registration number for horse: dq-Kennebec
2025-12-16 08:46:17,446 - WARNING - Could not find registration number for horse: dq-Kvp Especial
2025-12-16 08:46:17,656 - WARNING - Could not find registration number for horse: dh-Ccr Cook Wagon
2025-12-16 08:46:17,695 - WARNING - Could not find registration number for horse: dq-Bomba Nera
2025-12-16 08:46:18,057 - WARNING - Could not find registration number for horse: dh-Addy Girl
2025-12-16 08:46:18,239 - WARNING - Could not find registration number for horse: dq-Kk Blue Wagon
2025-12-16 08:46:18,245 - INFO - Performing batch database update...
2025-12-16 08:46:18,272 - WARNING - Could not find registration number for horse: dq-Lgm Flirting Hero
2025-12-16 08:46:18,300 - WARNING - Could not find registration number for horse: dq-Deo
2025-12-16 08:46:18,330 - INFO - Updated 617 races with results
2025-12-16 08:46:18,363 - WARNING - Could not find registration number for horse: dq-Jess High Lbh
2025-12-16 08:46:18,646 - INFO - Updated 3960 entries with results
2025-12-16 08:46:18,893 - INFO - Inserted 3702 wagering records
2025-12-16 08:46:18,926 - WARNING - Could not find registration number for horse: dq-Legacy Isle
2025-12-16 08:46:19,011 - INFO - Inserted 1945 fraction records
2025-12-16 08:46:19,358 - WARNING - Could not find registration number for horse: dh-Milliken
2025-12-16 08:46:19,542 - WARNING - Could not find registration number for horse: dh-Petulante
2025-12-16 08:46:19,676 - WARNING - Could not find registration number for horse: dh-Krypton
2025-12-16 08:46:19,914 - WARNING - Could not find registration number for horse: dh-Beauty Amazed
2025-12-16 08:46:20,320 - WARNING - Could not find registration number for horse: dh-Sinfiltre
2025-12-16 08:46:20,476 - WARNING - Could not find registration number for horse: dq-Principia
2025-12-16 08:46:20,919 - WARNING - Could not find registration number for horse: dh-Truly Fabulous
2025-12-16 08:46:21,301 - INFO - Inserted 31974 position call records
2025-12-16 08:46:21,342 - WARNING - Could not find registration number for horse: dq-Broadway Tiger
2025-12-16 08:46:21,401 - WARNING - Could not find registration number for horse: dh-Red Noon Rising
2025-12-16 08:46:21,410 - WARNING - Could not find registration number for horse: dh-Lute Player
2025-12-16 08:46:21,509 - WARNING - Could not find registration number for horse: dh-Pretty'n Awesome
2025-12-16 08:46:21,573 - WARNING - Could not find registration number for horse: dh-Miss M M
2025-12-16 08:46:21,848 - WARNING - Could not find registration number for horse: dq-Reservenotattained
2025-12-16 08:46:22,800 - WARNING - Could not find registration number for horse: dq-Elysian Field
2025-12-16 08:46:22,949 - WARNING - Could not find registration number for horse: dh-Feature Five Bar
2025-12-16 08:46:23,194 - WARNING - Could not find registration number for horse: dq-Irish Vamoose
2025-12-16 08:46:23,205 - WARNING - Could not find registration number for horse: dh-Max K. O.
2025-12-16 08:46:23,385 - WARNING - Could not find registration number for horse: dh-Lucky Curlin
2025-12-16 08:46:23,388 - WARNING - Could not find registration number for horse: dh-Ganadero
2025-12-16 08:46:23,388 - WARNING - Could not find registration number for horse: dh-Lexinator
2025-12-16 08:46:23,449 - WARNING - Could not find registration number for horse: dq-Bullock
2025-12-16 08:46:23,581 - WARNING - Could not find registration number for horse: dq-Heir to the Roar
2025-12-16 08:46:23,620 - WARNING - Could not find registration number for horse: dh-Linny Kate
2025-12-16 08:46:23,978 - WARNING - Could not find registration number for horse: dh-Elusive Mischief
2025-12-16 08:46:24,100 - WARNING - Could not find registration number for horse: dh-Silardi
2025-12-16 08:46:24,341 - WARNING - Could not find registration number for horse: dh-Temerity
2025-12-16 08:46:24,468 - WARNING - Could not find registration number for horse: dh-Noble Dreamer
2025-12-16 08:46:24,499 - WARNING - Could not find registration number for horse: dh-Mursal
2025-12-16 08:46:25,051 - WARNING - Could not find registration number for horse: dq-Kvp Especial
2025-12-16 08:46:25,331 - INFO - Processed 2000 files. Race updates: 16641, Entry updates: 120330
2025-12-16 08:46:25,405 - WARNING - Could not find registration number for horse: dq-No La Deja
2025-12-16 08:46:25,405 - WARNING - Could not find registration number for horse: dq-El Tres Soltero
2025-12-16 08:46:25,640 - WARNING - Could not find registration number for horse: dh-No Wasabi for Me
2025-12-16 08:46:26,370 - WARNING - Could not find registration number for horse: dq-R Adios Jersey
2025-12-16 08:46:26,700 - WARNING - Could not find registration number for horse: dq-Prudencio
2025-12-16 08:46:28,305 - WARNING - Could not find registration number for horse: dq-Backwoods Boogie
2025-12-16 08:46:28,586 - WARNING - Could not find registration number for horse: dq-Corporate Affair
2025-12-16 08:46:28,732 - WARNING - Could not find registration number for horse: dq-Lovin Makes Cents
2025-12-16 08:46:29,220 - WARNING - Could not find registration number for horse: dh-Journeyman
2025-12-16 08:46:29,401 - WARNING - Could not find registration number for horse: dh-Call Curt
2025-12-16 08:46:30,790 - WARNING - Could not find registration number for horse: dq-Gustavor
2025-12-16 08:46:30,863 - WARNING - Could not find registration number for horse: dh-Lyyra
2025-12-16 08:46:31,030 - WARNING - Could not find registration number for horse: dq-Eilat
2025-12-16 08:46:31,107 - WARNING - Could not find registration number for horse: dq-Jet Wings
2025-12-16 08:46:31,333 - WARNING - Could not find registration number for horse: dq-Big Martini
2025-12-16 08:46:31,675 - WARNING - Could not find registration number for horse: dq-Country Jewel
2025-12-16 08:46:31,952 - WARNING - Could not find registration number for horse: dh-A Shur Prospect
2025-12-16 08:46:32,507 - WARNING - Could not find registration number for horse: dh-Rough Entry
2025-12-16 08:46:32,633 - WARNING - Could not find registration number for horse: dq-Dreaming of Audrey
2025-12-16 08:46:32,648 - WARNING - Could not find registration number for horse: dh-Turf Rocket
2025-12-16 08:46:32,765 - WARNING - Could not find registration number for horse: dh-Positive Review
2025-12-16 08:46:32,767 - WARNING - Could not find registration number for horse: dh-My Sweetheart Dani
2025-12-16 08:46:32,890 - WARNING - Could not find registration number for horse: dq-Win for the Money
2025-12-16 08:46:33,075 - WARNING - Could not find registration number for horse: dq-Ajaayb
2025-12-16 08:46:33,151 - WARNING - Could not find registration number for horse: dh-Blind Eye
2025-12-16 08:46:33,320 - WARNING - Could not find registration number for horse: dq-Train Wreck
2025-12-16 08:46:33,371 - WARNING - Could not find registration number for horse: dh-Empire Attraction
2025-12-16 08:46:33,428 - WARNING - Could not find registration number for horse: dhdq-Awesome Flay
2025-12-16 08:46:33,590 - INFO - Performing batch database update...
2025-12-16 08:46:33,678 - WARNING - Could not find registration number for horse: dh-Bird Wildcat
2025-12-16 08:46:33,685 - INFO - Updated 731 races with results
2025-12-16 08:46:33,702 - WARNING - Could not find registration number for horse: dq-Jonas' Dream
2025-12-16 08:46:33,876 - WARNING - Could not find registration number for horse: dq-Fast Fixer
2025-12-16 08:46:34,003 - INFO - Updated 5831 entries with results
2025-12-16 08:46:34,358 - WARNING - Could not find registration number for horse: dh-Peaceful Kingdom
2025-12-16 08:46:34,419 - WARNING - Could not find registration number for horse: dh-Iron Shield
2025-12-16 08:46:34,435 - INFO - Inserted 4561 wagering records
2025-12-16 08:46:34,581 - INFO - Inserted 2535 fraction records
2025-12-16 08:46:35,456 - WARNING - Could not find registration number for horse: dq-Lovielee
2025-12-16 08:46:36,083 - WARNING - Could not find registration number for horse: dh-Cupid's Dude
2025-12-16 08:46:36,327 - WARNING - Could not find registration number for horse: dh-Jay's Delight
2025-12-16 08:46:36,374 - WARNING - Could not find registration number for horse: dq-Romashka
2025-12-16 08:46:36,393 - WARNING - Could not find registration number for horse: dh-Millennium Condo
2025-12-16 08:46:36,398 - WARNING - Could not find registration number for horse: dh-Tapit's Direction
2025-12-16 08:46:37,096 - WARNING - Could not find registration number for horse: dq-Delta Red
2025-12-16 08:46:37,202 - INFO - Inserted 44916 position call records
2025-12-16 08:46:39,654 - INFO - Processed 2100 files. Race updates: 17598, Entry updates: 127678
2025-12-16 08:46:39,948 - WARNING - Could not find registration number for horse: dh-King Faliero
2025-12-16 08:46:40,256 - WARNING - Could not find registration number for horse: dh-Ekati King
2025-12-16 08:46:41,021 - WARNING - Could not find registration number for horse: dh-Rebelde
2025-12-16 08:46:41,356 - WARNING - Could not find registration number for horse: dh-Power Humor
2025-12-16 08:46:43,406 - WARNING - Could not find registration number for horse: dq-Soy Una Dama (CHI)
2025-12-16 08:46:43,999 - WARNING - Could not find registration number for horse: dq-El Socio
2025-12-16 08:46:45,627 - WARNING - Could not find registration number for horse: dh-Ensign Skip
2025-12-16 08:46:45,679 - WARNING - Could not find registration number for horse: dh-Aramos
2025-12-16 08:46:46,363 - WARNING - Could not find registration number for horse: dq-Esperon
2025-12-16 08:46:46,606 - WARNING - Could not find registration number for horse: dq-Chicle Sparks
2025-12-16 08:46:47,319 - WARNING - Could not find registration number for horse: Nowhere Too Run
2025-12-16 08:46:47,385 - WARNING - Could not find registration number for horse: dq-Cruzin Man
2025-12-16 08:46:47,710 - WARNING - Could not find registration number for horse: dq-Crown Ruler
2025-12-16 08:46:48,140 - WARNING - Could not find registration number for horse: dq-Causin Mischief
2025-12-16 08:46:48,754 - WARNING - Could not find registration number for horse: dh-Dash for Five T
2025-12-16 08:46:48,850 - WARNING - Could not find registration number for horse: dq-Jess After Midnite
2025-12-16 08:46:48,874 - WARNING - Could not find registration number for horse: dq-Hoffman (IRE)
2025-12-16 08:46:49,058 - WARNING - Could not find registration number for horse: dh-Cute Gurl
2025-12-16 08:46:49,080 - WARNING - Could not find registration number for horse: Nowhere Too Run
2025-12-16 08:46:49,476 - WARNING - Could not find registration number for horse: Nowhere Too Run
2025-12-16 08:46:49,873 - INFO - Performing batch database update...
2025-12-16 08:46:49,973 - INFO - Updated 858 races with results
2025-12-16 08:46:50,051 - WARNING - Could not find registration number for horse: dq-Mys Deucy
2025-12-16 08:46:50,107 - WARNING - Could not find registration number for horse: dq-The Rev Rocker
2025-12-16 08:46:50,129 - WARNING - Could not find registration number for horse: dq-Jbc Horalia
2025-12-16 08:46:50,235 - WARNING - Could not find registration number for horse: dq-Hakunui
2025-12-16 08:46:50,366 - INFO - Updated 6528 entries with results
2025-12-16 08:46:50,894 - INFO - Inserted 4651 wagering records
2025-12-16 08:46:51,036 - INFO - Inserted 2093 fraction records
2025-12-16 08:46:51,089 - WARNING - Could not find registration number for horse: dq-Low Dose
2025-12-16 08:46:51,526 - WARNING - Could not find registration number for horse: dh-Shankar
2025-12-16 08:46:51,527 - WARNING - Could not find registration number for horse: dq-Messanger
2025-12-16 08:46:51,527 - WARNING - Could not find registration number for horse: dq-Anticipated
2025-12-16 08:46:51,641 - WARNING - Could not find registration number for horse: dq-Soviet Standard
2025-12-16 08:46:52,012 - WARNING - Could not find registration number for horse: dh-Lord Eddard Stark
2025-12-16 08:46:52,302 - WARNING - Could not find registration number for horse: dq-Snowmobile
2025-12-16 08:46:52,503 - WARNING - Could not find registration number for horse: dq-Little Bella
2025-12-16 08:46:52,631 - WARNING - Could not find registration number for horse: dh-Ll Lil Favoritelover
2025-12-16 08:46:52,679 - INFO - Processed 2200 files. Race updates: 18486, Entry updates: 134105
2025-12-16 08:46:52,760 - WARNING - Could not find registration number for horse: dh-Chisum
2025-12-16 08:46:52,771 - WARNING - Could not find registration number for horse: dh-Mi Crescendo
2025-12-16 08:46:52,906 - WARNING - Could not find registration number for horse: dh-Tap N Twine
2025-12-16 08:46:54,068 - INFO - Inserted 47886 position call records
2025-12-16 08:46:55,237 - WARNING - Could not find registration number for horse: dq-My Crazy Neighbor
2025-12-16 08:46:55,583 - WARNING - Could not find registration number for horse: dq-Go Stormin Girl
2025-12-16 08:46:56,152 - WARNING - Could not find registration number for horse: dq-Monsteronthemidway
2025-12-16 08:46:56,692 - WARNING - Could not find registration number for horse: Nowhere Too Run
2025-12-16 08:46:58,855 - WARNING - Could not find registration number for horse: dq-Apollo U Anywhere
2025-12-16 08:46:58,926 - WARNING - Could not find registration number for horse: dq-Cajun Kid
2025-12-16 08:46:59,243 - WARNING - Could not find registration number for horse: dq-Soul Set Free
2025-12-16 08:46:59,349 - WARNING - Could not find registration number for horse: dh-Baby Blue Eyes
2025-12-16 08:46:59,786 - WARNING - Could not find registration number for horse: dh-Cadeau de Paix
2025-12-16 08:46:59,938 - WARNING - Could not find registration number for horse: dq-Old Sot
2025-12-16 08:47:00,688 - WARNING - Could not find registration number for horse: dh-Salado
2025-12-16 08:47:00,815 - WARNING - Could not find registration number for horse: dh-Capt. St. Jacques
2025-12-16 08:47:01,101 - WARNING - Could not find registration number for horse: dq-Grand Hideaway
2025-12-16 08:47:01,673 - WARNING - Could not find registration number for horse: dh-Gee She's Pretty
2025-12-16 08:47:01,980 - WARNING - Could not find registration number for horse: dh-Summer Lightning
2025-12-16 08:47:02,361 - WARNING - Could not find registration number for horse: dq-Fra Mauro
2025-12-16 08:47:02,537 - WARNING - Could not find registration number for horse: dq-Lucky Larry
2025-12-16 08:47:02,600 - WARNING - Could not find registration number for horse: dh-Blackjess
2025-12-16 08:47:02,717 - WARNING - Could not find registration number for horse: dh-Brucelea
2025-12-16 08:47:02,721 - WARNING - Could not find registration number for horse: dh-Suzie Que
2025-12-16 08:47:02,769 - WARNING - Could not find registration number for horse: dh-Contempo Gray
2025-12-16 08:47:02,780 - WARNING - Could not find registration number for horse: dh-Eagles Shot
2025-12-16 08:47:02,907 - INFO - Performing batch database update...
2025-12-16 08:47:02,980 - WARNING - Could not find registration number for horse: dh-Hard Evidenz
2025-12-16 08:47:02,992 - INFO - Updated 593 races with results
2025-12-16 08:47:03,017 - WARNING - Could not find registration number for horse: dh-Wistfully
2025-12-16 08:47:03,041 - WARNING - Could not find registration number for horse: dh-Eagleford
2025-12-16 08:47:03,047 - WARNING - Could not find registration number for horse: dh-Good Swimmer
2025-12-16 08:47:03,177 - WARNING - Could not find registration number for horse: dh-Samsplayerslounge
2025-12-16 08:47:03,232 - WARNING - Could not find registration number for horse: dq-Governor Ann
2025-12-16 08:47:03,242 - INFO - Updated 4007 entries with results
2025-12-16 08:47:03,471 - INFO - Inserted 3382 wagering records
2025-12-16 08:47:03,571 - WARNING - Could not find registration number for horse: dq-Rule Em All
2025-12-16 08:47:03,575 - INFO - Inserted 1592 fraction records
2025-12-16 08:47:04,229 - WARNING - Could not find registration number for horse: dh-Endless Romance
2025-12-16 08:47:04,240 - WARNING - Could not find registration number for horse: dq-Patterns of Insanity
2025-12-16 08:47:04,359 - WARNING - Could not find registration number for horse: dh-Chikara
2025-12-16 08:47:04,433 - WARNING - Could not find registration number for horse: dq-Lil Cuervo Cartel
2025-12-16 08:47:04,468 - WARNING - Could not find registration number for horse: dh-Special Corona Red
2025-12-16 08:47:04,468 - WARNING - Could not find registration number for horse: dq-Do Reckless Train
2025-12-16 08:47:04,472 - WARNING - Could not find registration number for horse: dq-Amenspool
2025-12-16 08:47:04,544 - WARNING - Could not find registration number for horse: dh-Diamondbacked
2025-12-16 08:47:04,594 - WARNING - Could not find registration number for horse: dh-Mahomey
2025-12-16 08:47:04,663 - WARNING - Could not find registration number for horse: dh-Haunted Affair
2025-12-16 08:47:04,968 - WARNING - Could not find registration number for horse: dh-Lota Cat
2025-12-16 08:47:05,032 - WARNING - Could not find registration number for horse: dh-Kw Tenfour
2025-12-16 08:47:05,032 - WARNING - Could not find registration number for horse: dh-Chief Ty He
2025-12-16 08:47:05,100 - WARNING - Could not find registration number for horse: dh-Lucky Liquor Shot
2025-12-16 08:47:05,160 - INFO - Processed 2300 files. Race updates: 19323, Entry updates: 140042
2025-12-16 08:47:05,210 - WARNING - Could not find registration number for horse: dq-Jess Sugar
2025-12-16 08:47:05,360 - WARNING - Could not find registration number for horse: dq-Lil Cool Jewels
2025-12-16 08:47:05,406 - WARNING - Could not find registration number for horse: dq-Mr Teco
2025-12-16 08:47:05,701 - WARNING - Could not find registration number for horse: dh-Trixiee
2025-12-16 08:47:05,772 - INFO - Inserted 32892 position call records
2025-12-16 08:47:05,872 - WARNING - Could not find registration number for horse: dh-Rapid Cartel Candy
2025-12-16 08:47:05,878 - WARNING - Could not find registration number for horse: dh-Rgr Nala Hill
2025-12-16 08:47:05,990 - WARNING - Could not find registration number for horse: dh-Devina Easy Dash
2025-12-16 08:47:06,008 - WARNING - Could not find registration number for horse: dh-Amanda
2025-12-16 08:47:06,184 - WARNING - Could not find registration number for horse: dh-Kay's Kitchen
2025-12-16 08:47:06,311 - WARNING - Could not find registration number for horse: dh-A Revenant Wave
2025-12-16 08:47:06,368 - WARNING - Could not find registration number for horse: dh-Grippin N Grinnin
2025-12-16 08:47:06,436 - WARNING - Could not find registration number for horse: dh-Wagon High
2025-12-16 08:47:06,440 - WARNING - Could not find registration number for horse: dq-R a Hiclass King
2025-12-16 08:47:06,598 - WARNING - Could not find registration number for horse: dh-Artesian
2025-12-16 08:47:06,702 - WARNING - Could not find registration number for horse: dh-Docs Wild Card
2025-12-16 08:47:06,797 - WARNING - Could not find registration number for horse: dq-Stormy Blue
2025-12-16 08:47:06,995 - WARNING - Could not find registration number for horse: dh-Mightys Eagle
2025-12-16 08:47:07,228 - WARNING - Could not find registration number for horse: dh-Star Finality
2025-12-16 08:47:07,271 - WARNING - Could not find registration number for horse: dq-Kw Bella
2025-12-16 08:47:07,293 - WARNING - Could not find registration number for horse: dh-Princess Hanna
2025-12-16 08:47:07,410 - WARNING - Could not find registration number for horse: dh-Rememberthealamo
2025-12-16 08:47:07,487 - WARNING - Could not find registration number for horse: dq-Paddy d'Oro
2025-12-16 08:47:07,504 - WARNING - Could not find registration number for horse: Its Too Late Now
2025-12-16 08:47:07,541 - WARNING - Could not find registration number for horse: dh-Dust On a Cartel
2025-12-16 08:47:07,595 - WARNING - Could not find registration number for horse: dh-Mighty Toast Blaze
2025-12-16 08:47:07,823 - WARNING - Could not find registration number for horse: dh-Rollie's Spirit
2025-12-16 08:47:07,868 - WARNING - Could not find registration number for horse: dh-Tres Secretos
2025-12-16 08:47:07,892 - WARNING - Could not find registration number for horse: dh-Pomeroy Haze
2025-12-16 08:47:07,910 - WARNING - Could not find registration number for horse: dh-First Fine Oak
2025-12-16 08:47:07,925 - WARNING - Could not find registration number for horse: dh-Super Duper Fly
2025-12-16 08:47:08,090 - WARNING - Could not find registration number for horse: dh-Freaking Sensational
2025-12-16 08:47:08,155 - WARNING - Could not find registration number for horse: dh-A Runway
2025-12-16 08:47:08,158 - WARNING - Could not find registration number for horse: dh-Brujo Spirit
2025-12-16 08:47:08,321 - WARNING - Could not find registration number for horse: dh-Champagne for Kas
2025-12-16 08:47:08,398 - WARNING - Could not find registration number for horse: dh-Zee Tempting Dash
2025-12-16 08:47:08,476 - WARNING - Could not find registration number for horse: dh-Inseperably
2025-12-16 08:47:08,504 - WARNING - Could not find registration number for horse: dh-Sg Jet Two
2025-12-16 08:47:08,518 - WARNING - Could not find registration number for horse: dq-Bak to Liberty
2025-12-16 08:47:08,783 - WARNING - Could not find registration number for horse: dh-Jackman's Ride
2025-12-16 08:47:08,845 - WARNING - Could not find registration number for horse: dh-Winning Play
2025-12-16 08:47:08,911 - WARNING - Could not find registration number for horse: dh-A High Spade
2025-12-16 08:47:09,331 - WARNING - Could not find registration number for horse: dq-Jewel R3
2025-12-16 08:47:09,432 - WARNING - Could not find registration number for horse: dq-Ms. Stanford
2025-12-16 08:47:09,517 - WARNING - Could not find registration number for horse: dh-Amos Moses 747
2025-12-16 08:47:09,637 - WARNING - Could not find registration number for horse: dh-Jess Fast Man
2025-12-16 08:47:09,822 - WARNING - Could not find registration number for horse: dq-Justifye
2025-12-16 08:47:09,933 - WARNING - Could not find registration number for horse: dh-Accordingly
2025-12-16 08:47:10,034 - WARNING - Could not find registration number for horse: dq-Sw Ares
2025-12-16 08:47:10,194 - WARNING - Could not find registration number for horse: dh-Sharpzan
2025-12-16 08:47:10,335 - WARNING - Could not find registration number for horse: dh-Hallmarke
2025-12-16 08:47:10,503 - WARNING - Could not find registration number for horse: dh-Phreedom
2025-12-16 08:47:10,686 - WARNING - Could not find registration number for horse: dh-Lc Tapatio
2025-12-16 08:47:10,833 - WARNING - Could not find registration number for horse: dh-Im Giorgina
2025-12-16 08:47:11,100 - WARNING - Could not find registration number for horse: dh-Shespantheraalcartel
2025-12-16 08:47:11,144 - WARNING - Could not find registration number for horse: dq-Groovin' Is Bak
2025-12-16 08:47:11,183 - WARNING - Could not find registration number for horse: dh-Rose of Texas
2025-12-16 08:47:11,218 - WARNING - Could not find registration number for horse: dq-Ave's in Command
2025-12-16 08:47:11,228 - WARNING - Could not find registration number for horse: dh-Black Rose Queen
2025-12-16 08:47:11,297 - WARNING - Could not find registration number for horse: dh-Boitano
2025-12-16 08:47:11,360 - WARNING - Could not find registration number for horse: dh-Harlan's Angel
2025-12-16 08:47:11,471 - WARNING - Could not find registration number for horse: dh-Arollercoasterride
2025-12-16 08:47:12,449 - WARNING - Could not find registration number for horse: dh-Robin Sage
2025-12-16 08:47:12,579 - WARNING - Could not find registration number for horse: dh-Dot Marie
2025-12-16 08:47:12,716 - WARNING - Could not find registration number for horse: dh-Vogelsang
2025-12-16 08:47:13,167 - WARNING - Could not find registration number for horse: dq-Lasting Light
2025-12-16 08:47:13,221 - WARNING - Could not find registration number for horse: dq-I'm All Shook Up
2025-12-16 08:47:13,893 - WARNING - Could not find registration number for horse: dh-Me and Chili
2025-12-16 08:47:13,911 - INFO - Performing batch database update...
2025-12-16 08:47:13,929 - WARNING - Could not find registration number for horse: dq-C. J's Storm
2025-12-16 08:47:13,958 - WARNING - Could not find registration number for horse: dh-Manuelito
2025-12-16 08:47:13,999 - INFO - Updated 583 races with results
2025-12-16 08:47:14,248 - INFO - Updated 3880 entries with results
2025-12-16 08:47:14,413 - INFO - Inserted 2852 wagering records
2025-12-16 08:47:14,510 - INFO - Inserted 1826 fraction records
2025-12-16 08:47:14,561 - WARNING - Could not find registration number for horse: dq-Miss Rosie James
2025-12-16 08:47:15,023 - WARNING - Could not find registration number for horse: dq-Country Maker
2025-12-16 08:47:15,210 - WARNING - Could not find registration number for horse: dq-C V Scenic Legacy
2025-12-16 08:47:15,640 - WARNING - Could not find registration number for horse: dh-Coulda
2025-12-16 08:47:15,822 - WARNING - Could not find registration number for horse: Its Too Late Now
2025-12-16 08:47:16,094 - WARNING - Could not find registration number for horse: dq-Key Stone
2025-12-16 08:47:16,122 - WARNING - Could not find registration number for horse: dh-Blacktrain B
2025-12-16 08:47:16,213 - WARNING - Could not find registration number for horse: dh-More Than Glory
2025-12-16 08:47:16,380 - INFO - Inserted 29448 position call records
2025-12-16 08:47:16,421 - WARNING - Could not find registration number for horse: dq-Ta Am Relentless
2025-12-16 08:47:16,530 - WARNING - Could not find registration number for horse: dh-Jess a Lil Bit Hero
2025-12-16 08:47:16,583 - WARNING - Could not find registration number for horse: dh-Doozy
2025-12-16 08:47:16,662 - WARNING - Could not find registration number for horse: dh-Super Stormy
2025-12-16 08:47:16,687 - WARNING - Could not find registration number for horse: dh-Caumsett
2025-12-16 08:47:16,762 - WARNING - Could not find registration number for horse: dq-This Ladys On Fire
2025-12-16 08:47:16,888 - WARNING - Could not find registration number for horse: dh-Nautical Mile
2025-12-16 08:47:16,942 - WARNING - Could not find registration number for horse: dq-Time for a Hero
2025-12-16 08:47:17,059 - WARNING - Could not find registration number for horse: dq-Ae Just Dale
2025-12-16 08:47:17,061 - WARNING - Could not find registration number for horse: dq-Oscar Mike
2025-12-16 08:47:17,128 - WARNING - Could not find registration number for horse: dq-Dashing Courage
2025-12-16 08:47:17,170 - WARNING - Could not find registration number for horse: dh-Allabouttheimage
2025-12-16 08:47:17,485 - WARNING - Could not find registration number for horse: dh-Imagine the Moon
2025-12-16 08:47:17,749 - WARNING - Could not find registration number for horse: dh-Quality Dancer
2025-12-16 08:47:17,921 - WARNING - Could not find registration number for horse: dh-Jess Moonin
2025-12-16 08:47:17,989 - WARNING - Could not find registration number for horse: dh-Ineedrelief
2025-12-16 08:47:18,342 - WARNING - Could not find registration number for horse: dh-Saint Rocco
2025-12-16 08:47:18,410 - WARNING - Could not find registration number for horse: dh-Stealth Mission
2025-12-16 08:47:18,422 - WARNING - Could not find registration number for horse: dh-Indigo Rich
2025-12-16 08:47:18,471 - WARNING - Could not find registration number for horse: dh-Dormir
2025-12-16 08:47:18,493 - WARNING - Could not find registration number for horse: dh-Bamberooski
2025-12-16 08:47:18,562 - WARNING - Could not find registration number for horse: dh-Dealer
2025-12-16 08:47:18,564 - WARNING - Could not find registration number for horse: dh-La Village Lumiere
2025-12-16 08:47:18,582 - WARNING - Could not find registration number for horse: dh-Im Jess a Belle
2025-12-16 08:47:18,643 - WARNING - Could not find registration number for horse: dh-Eagle Flybye
2025-12-16 08:47:18,758 - WARNING - Could not find registration number for horse: dq-Hes in the Fastlayne
2025-12-16 08:47:18,795 - WARNING - Could not find registration number for horse: dh-Jessta Moment
2025-12-16 08:47:19,147 - WARNING - Could not find registration number for horse: dh-Sizzlin Beach
2025-12-16 08:47:19,252 - WARNING - Could not find registration number for horse: dh-Noble Gentleman
2025-12-16 08:47:19,314 - INFO - Processed 2400 files. Race updates: 20167, Entry updates: 146069
2025-12-16 08:47:19,352 - WARNING - Could not find registration number for horse: dh-Heza Classy Kiss
2025-12-16 08:47:19,430 - WARNING - Could not find registration number for horse: dh-Jack the Bird
2025-12-16 08:47:19,488 - WARNING - Could not find registration number for horse: dq-Chico Beach
2025-12-16 08:47:19,647 - WARNING - Could not find registration number for horse: dh-Ivory Six Pax
2025-12-16 08:47:19,729 - WARNING - Could not find registration number for horse: dh-Running Smart
2025-12-16 08:47:19,929 - WARNING - Could not find registration number for horse: dh-Nerves of Steel
2025-12-16 08:47:19,987 - WARNING - Could not find registration number for horse: dh-Ocean Pointe
2025-12-16 08:47:20,091 - WARNING - Could not find registration number for horse: dh-Rk Lady Dana
2025-12-16 08:47:20,215 - WARNING - Could not find registration number for horse: dh-Flowerpecker
2025-12-16 08:47:20,300 - WARNING - Could not find registration number for horse: dq-R Sweet Maggie May
2025-12-16 08:47:20,320 - WARNING - Could not find registration number for horse: dh-Bonnie Bill
2025-12-16 08:47:20,586 - WARNING - Could not find registration number for horse: dq-Mowins
2025-12-16 08:47:20,645 - WARNING - Could not find registration number for horse: dh-Ajk Rejoice
2025-12-16 08:47:20,657 - WARNING - Could not find registration number for horse: dq-Cr Miss Divine
2025-12-16 08:47:20,828 - WARNING - Could not find registration number for horse: dh-Lady Secretss
2025-12-16 08:47:20,920 - WARNING - Could not find registration number for horse: dh-Jess a Cali Blue
2025-12-16 08:47:21,076 - WARNING - Could not find registration number for horse: dq-Sheaux Case
2025-12-16 08:47:21,133 - WARNING - Could not find registration number for horse: dq-Rogues Last Game
2025-12-16 08:47:21,328 - WARNING - Could not find registration number for horse: dh-Send Her Candy
2025-12-16 08:47:21,384 - WARNING - Could not find registration number for horse: dq-Zoomin Lil Twist
2025-12-16 08:47:21,776 - WARNING - Could not find registration number for horse: dh-Runaway Beach Chic
2025-12-16 08:47:22,019 - WARNING - Could not find registration number for horse: dh-Jessa Royal Wagon
2025-12-16 08:47:22,117 - WARNING - Could not find registration number for horse: dq-Readi Dusty
2025-12-16 08:47:22,608 - WARNING - Could not find registration number for horse: dq-Jenny's Beignet
2025-12-16 08:47:22,630 - WARNING - Could not find registration number for horse: dq-Looks Lyke Mom
2025-12-16 08:47:22,929 - WARNING - Could not find registration number for horse: dh-Cozie Up
2025-12-16 08:47:23,171 - WARNING - Could not find registration number for horse: dh-Readi Dusty
2025-12-16 08:47:23,295 - WARNING - Could not find registration number for horse: dq-Jess Lacho
2025-12-16 08:47:23,425 - WARNING - Could not find registration number for horse: dq-Zoomin Dance
2025-12-16 08:47:23,817 - WARNING - Could not find registration number for horse: dq-Running Wide Open
2025-12-16 08:47:24,331 - WARNING - Could not find registration number for horse: dq-Miri V
2025-12-16 08:47:24,575 - WARNING - Could not find registration number for horse: dq-Aprollific Jess
2025-12-16 08:47:24,585 - WARNING - Could not find registration number for horse: dh-Go Nuts
2025-12-16 08:47:24,649 - WARNING - Could not find registration number for horse: dh-Pressly's Hope
2025-12-16 08:47:24,724 - WARNING - Could not find registration number for horse: dq-Tf Crown Reserve
2025-12-16 08:47:24,852 - WARNING - Could not find registration number for horse: dq-The Political Sign
2025-12-16 08:47:24,932 - WARNING - Could not find registration number for horse: dh-Little Gray Flower
2025-12-16 08:47:25,137 - WARNING - Could not find registration number for horse: dq-Sundays Best
2025-12-16 08:47:25,264 - WARNING - Could not find registration number for horse: dq-Holiday Road
2025-12-16 08:47:25,321 - WARNING - Could not find registration number for horse: dq-Mowins
2025-12-16 08:47:25,448 - WARNING - Could not find registration number for horse: dq-Livi Me Dreaming
2025-12-16 08:47:25,503 - WARNING - Could not find registration number for horse: dh-Last Chance Dance
2025-12-16 08:47:25,795 - WARNING - Could not find registration number for horse: dq-Highcotton Justice
2025-12-16 08:47:25,860 - WARNING - Could not find registration number for horse: dh-Lota Eura
2025-12-16 08:47:25,897 - WARNING - Could not find registration number for horse: dq-Star Review
2025-12-16 08:47:26,020 - WARNING - Could not find registration number for horse: dq-Beach King
2025-12-16 08:47:26,102 - WARNING - Could not find registration number for horse: dq-Hot N Lucky
2025-12-16 08:47:26,125 - INFO - Performing batch database update...
2025-12-16 08:47:26,260 - INFO - Updated 617 races with results
2025-12-16 08:47:26,260 - WARNING - Could not find registration number for horse: dh-Dna Jess Plain Bill
2025-12-16 08:47:26,553 - INFO - Updated 5103 entries with results
2025-12-16 08:47:26,582 - WARNING - Could not find registration number for horse: dq-Inmydreams
2025-12-16 08:47:26,809 - INFO - Inserted 3750 wagering records
2025-12-16 08:47:26,828 - WARNING - Could not find registration number for horse: dq-Chico Beach
2025-12-16 08:47:26,921 - INFO - Inserted 1838 fraction records
2025-12-16 08:47:27,491 - WARNING - Could not find registration number for horse: dh-Bicarb Betty
2025-12-16 08:47:27,793 - WARNING - Could not find registration number for horse: dq-Icicles
2025-12-16 08:47:27,847 - WARNING - Could not find registration number for horse: dq-Tachas Secret
2025-12-16 08:47:27,847 - WARNING - Could not find registration number for horse: dh-Empire Sunrise
2025-12-16 08:47:28,128 - WARNING - Could not find registration number for horse: dq-Spotonjustice
2025-12-16 08:47:28,917 - WARNING - Could not find registration number for horse: dh-Gospel Music
2025-12-16 08:47:28,922 - WARNING - Could not find registration number for horse: dq-Jess Gimme a Kiss
2025-12-16 08:47:28,973 - WARNING - Could not find registration number for horse: dh-Flat Out Diamonds
2025-12-16 08:47:29,100 - INFO - Inserted 35898 position call records
2025-12-16 08:47:29,136 - WARNING - Could not find registration number for horse: dq-What Else Is New
2025-12-16 08:47:29,167 - WARNING - Could not find registration number for horse: dq-Fun N Fancy Forrest
2025-12-16 08:47:30,260 - WARNING - Could not find registration number for horse: dq-Goodtimefreddash
2025-12-16 08:47:30,423 - WARNING - Could not find registration number for horse: dq-Celerity
2025-12-16 08:47:30,668 - WARNING - Could not find registration number for horse: dq-B Worth It
2025-12-16 08:47:31,021 - WARNING - Could not find registration number for horse: dq-Echo Dreamer
2025-12-16 08:47:31,559 - WARNING - Could not find registration number for horse: dh-Trouble Making
2025-12-16 08:47:31,655 - WARNING - Could not find registration number for horse: dq-No Ordinari Joe
2025-12-16 08:47:31,657 - WARNING - Could not find registration number for horse: dh-Southern Crush
2025-12-16 08:47:31,712 - WARNING - Could not find registration number for horse: dh-Three On the Tree
2025-12-16 08:47:31,750 - WARNING - Could not find registration number for horse: dh-Ethan
2025-12-16 08:47:31,934 - WARNING - Could not find registration number for horse: dh-Blackwater Cartel
2025-12-16 08:47:32,028 - WARNING - Could not find registration number for horse: dq-Mosaico Man
2025-12-16 08:47:32,197 - WARNING - Could not find registration number for horse: dq-Kikntires Nlitnfires
2025-12-16 08:47:32,197 - WARNING - Could not find registration number for horse: dh-Aboukir Bay
2025-12-16 08:47:32,308 - WARNING - Could not find registration number for horse: dq-Alota Lovin
2025-12-16 08:47:32,568 - WARNING - Could not find registration number for horse: dh-Ice Time
2025-12-16 08:47:32,688 - WARNING - Could not find registration number for horse: dh-Heart N Soul
2025-12-16 08:47:32,720 - WARNING - Could not find registration number for horse: dq-Knockout Queen
2025-12-16 08:47:32,886 - WARNING - Could not find registration number for horse: dh-Cruisindownthebeach
2025-12-16 08:47:33,013 - WARNING - Could not find registration number for horse: dh-R Eagle
2025-12-16 08:47:33,343 - WARNING - Could not find registration number for horse: dq-Rush Center
2025-12-16 08:47:33,704 - WARNING - Could not find registration number for horse: dq-Tuff Secret
2025-12-16 08:47:34,090 - WARNING - Could not find registration number for horse: dq-Flamand
2025-12-16 08:47:34,230 - WARNING - Could not find registration number for horse: dh-Juncture (GB)
2025-12-16 08:47:34,311 - WARNING - Could not find registration number for horse: dh-Nicholas Jones
2025-12-16 08:47:34,632 - WARNING - Could not find registration number for horse: dh-Iconic Adventure
2025-12-16 08:47:35,212 - WARNING - Could not find registration number for horse: dq-Foreign Relations
2025-12-16 08:47:35,344 - WARNING - Could not find registration number for horse: dq-Aunt Jo
2025-12-16 08:47:35,508 - WARNING - Could not find registration number for horse: dh-Creek
2025-12-16 08:47:35,568 - WARNING - Could not find registration number for horse: dh-Publius
2025-12-16 08:47:35,574 - WARNING - Could not find registration number for horse: dh-Sweet Dani Girl
2025-12-16 08:47:35,739 - WARNING - Could not find registration number for horse: dq-Yammy Yammy Bella
2025-12-16 08:47:36,217 - INFO - Processed 2500 files. Race updates: 21166, Entry updates: 154128
2025-12-16 08:47:36,470 - WARNING - Could not find registration number for horse: dh-Minaun (IRE)
2025-12-16 08:47:36,648 - WARNING - Could not find registration number for horse: dh-Miner's Queen
2025-12-16 08:47:36,670 - WARNING - Could not find registration number for horse: dq-Buy Me Candy
2025-12-16 08:47:37,622 - WARNING - Could not find registration number for horse: dq-Petra Be Nice
2025-12-16 08:47:37,946 - WARNING - Could not find registration number for horse: dh-G G Rules
2025-12-16 08:47:37,987 - WARNING - Could not find registration number for horse: dh-Accredit
2025-12-16 08:47:37,995 - WARNING - Could not find registration number for horse: dh-Mg Pilot Boi
2025-12-16 08:47:38,072 - WARNING - Could not find registration number for horse: dh-Jeanie's Swan
2025-12-16 08:47:38,395 - WARNING - Could not find registration number for horse: dq-McWherter
2025-12-16 08:47:38,420 - WARNING - Could not find registration number for horse: dh-Beatbox
2025-12-16 08:47:38,913 - INFO - Performing batch database update...
2025-12-16 08:47:38,994 - INFO - Updated 584 races with results
2025-12-16 08:47:39,533 - WARNING - Could not find registration number for horse: dq-Gata Wagon
2025-12-16 08:47:39,533 - INFO - Updated 5188 entries with results
2025-12-16 08:47:39,586 - WARNING - Could not find registration number for horse: dh-Perfecto Amor
2025-12-16 08:47:39,648 - WARNING - Could not find registration number for horse: dh-Abadon
2025-12-16 08:47:39,734 - WARNING - Could not find registration number for horse: dh-Togoodtobelieve
2025-12-16 08:47:39,740 - INFO - Inserted 3154 wagering records
2025-12-16 08:47:39,832 - INFO - Inserted 1586 fraction records
2025-12-16 08:47:40,012 - WARNING - Could not find registration number for horse: dq-Crystal Prize
2025-12-16 08:47:40,473 - WARNING - Could not find registration number for horse: dq-Your Royal Coil
2025-12-16 08:47:40,910 - WARNING - Could not find registration number for horse: dq-Easy Operator
2025-12-16 08:47:40,919 - WARNING - Could not find registration number for horse: dh-Good Reason Jess
2025-12-16 08:47:40,983 - WARNING - Could not find registration number for horse: dh-Sr Iacocca
2025-12-16 08:47:40,993 - WARNING - Could not find registration number for horse: dh-One Sweet Bar
2025-12-16 08:47:41,114 - WARNING - Could not find registration number for horse: dh-Bella Notte
2025-12-16 08:47:41,317 - WARNING - Could not find registration number for horse: dq-B D R Baxter
2025-12-16 08:47:41,727 - WARNING - Could not find registration number for horse: dh-Ghost Witha Fire
2025-12-16 08:47:41,874 - INFO - Inserted 36102 position call records
2025-12-16 08:47:41,921 - WARNING - Could not find registration number for horse: dq-Charming Alexis
2025-12-16 08:47:41,937 - WARNING - Could not find registration number for horse: dh-Hay Shaker
2025-12-16 08:47:42,620 - WARNING - Could not find registration number for horse: dq-Ap the Doves Light
2025-12-16 08:47:42,816 - WARNING - Could not find registration number for horse: dq-Separatist for Money
2025-12-16 08:47:43,648 - WARNING - Could not find registration number for horse: dq-Super Javi
2025-12-16 08:47:43,871 - WARNING - Could not find registration number for horse: dq-Takeittothebank
2025-12-16 08:47:44,033 - WARNING - Could not find registration number for horse: dq-Jd Cowboy
2025-12-16 08:47:44,510 - WARNING - Could not find registration number for horse: dh-Half Hoping
2025-12-16 08:47:44,544 - WARNING - Could not find registration number for horse: dh-Cattail Cove
2025-12-16 08:47:44,620 - WARNING - Could not find registration number for horse: dq-Bold Talker
2025-12-16 08:47:44,662 - WARNING - Could not find registration number for horse: dh-Apollitical J Streak
2025-12-16 08:47:44,685 - WARNING - Could not find registration number for horse: dh-Nice and True
2025-12-16 08:47:44,862 - WARNING - Could not find registration number for horse: dq-Special Leapofaith
2025-12-16 08:47:44,984 - WARNING - Could not find registration number for horse: dq-Famouscard
2025-12-16 08:47:45,213 - WARNING - Could not find registration number for horse: dq-Marcelo
2025-12-16 08:47:45,328 - WARNING - Could not find registration number for horse: dh-Imm Born to Fly
2025-12-16 08:47:45,427 - WARNING - Could not find registration number for horse: dh-Rocket Seventeen
2025-12-16 08:47:45,445 - WARNING - Could not find registration number for horse: dh-Nymphette
2025-12-16 08:47:45,445 - WARNING - Could not find registration number for horse: dq-Circle Your Bet
2025-12-16 08:47:45,485 - WARNING - Could not find registration number for horse: dh-Nevada Charles
2025-12-16 08:47:45,663 - WARNING - Could not find registration number for horse: dq-Seige the Day
2025-12-16 08:47:45,729 - WARNING - Could not find registration number for horse: dq-Walk to the Top
2025-12-16 08:47:45,861 - WARNING - Could not find registration number for horse: dh-Secret of War
2025-12-16 08:47:46,017 - WARNING - Could not find registration number for horse: dq-Cal
2025-12-16 08:47:46,036 - WARNING - Could not find registration number for horse: dh-Island Life
2025-12-16 08:47:46,905 - WARNING - Could not find registration number for horse: dq-Hez Apollitical
2025-12-16 08:47:46,985 - WARNING - Could not find registration number for horse: dq-Give Heed
2025-12-16 08:47:47,162 - WARNING - Could not find registration number for horse: dh-Dorita's Lemon
2025-12-16 08:47:47,218 - WARNING - Could not find registration number for horse: dh-Oh So Macho
2025-12-16 08:47:47,341 - WARNING - Could not find registration number for horse: dh-My Sweet Mary
2025-12-16 08:47:47,343 - WARNING - Could not find registration number for horse: dh-First Blues Man
2025-12-16 08:47:47,407 - WARNING - Could not find registration number for horse: dq-Sweet Bet
2025-12-16 08:47:47,442 - WARNING - Could not find registration number for horse: dq-Cm Apollitical Dandy
2025-12-16 08:47:47,460 - WARNING - Could not find registration number for horse: dh-Tooele
2025-12-16 08:47:47,488 - WARNING - Could not find registration number for horse: dh-Mv Royal Pappasito
2025-12-16 08:47:47,523 - WARNING - Could not find registration number for horse: dh-Sweet Bet
2025-12-16 08:47:47,670 - WARNING - Could not find registration number for horse: dh-Talk Bout Somethin
2025-12-16 08:47:48,649 - WARNING - Could not find registration number for horse: dq-Lil Longmire
2025-12-16 08:47:48,811 - WARNING - Could not find registration number for horse: dq-Optical Illusion
2025-12-16 08:47:49,077 - WARNING - Could not find registration number for horse: dq-Hes Chickless
2025-12-16 08:47:49,090 - WARNING - Could not find registration number for horse: dq-You See That
2025-12-16 08:47:49,344 - INFO - Processed 2600 files. Race updates: 22111, Entry updates: 161144
2025-12-16 08:47:49,632 - WARNING - Could not find registration number for horse: dq-Jesses Kiss
2025-12-16 08:47:49,743 - WARNING - Could not find registration number for horse: dq-Favorite Budder
2025-12-16 08:47:49,874 - WARNING - Could not find registration number for horse: dq-Flame of the Yukon
2025-12-16 08:47:49,894 - WARNING - Could not find registration number for horse: dq-Magic Doc
2025-12-16 08:47:50,077 - WARNING - Could not find registration number for horse: dh-Attacked
2025-12-16 08:47:50,135 - WARNING - Could not find registration number for horse: dq-Revenant Inside
2025-12-16 08:47:50,135 - WARNING - Could not find registration number for horse: dq-Galenana
2025-12-16 08:47:50,135 - WARNING - Could not find registration number for horse: dq-Shes True Blue
2025-12-16 08:47:50,203 - WARNING - Could not find registration number for horse: dh-Two Sweet for You
2025-12-16 08:47:50,314 - WARNING - Could not find registration number for horse: dq-Flash of Gold
2025-12-16 08:47:50,337 - WARNING - Could not find registration number for horse: dh-Commander Khai
2025-12-16 08:47:50,354 - WARNING - Could not find registration number for horse: dq-Apolitical Walk
2025-12-16 08:47:50,511 - WARNING - Could not find registration number for horse: dh-Rocky Jack
2025-12-16 08:47:50,555 - WARNING - Could not find registration number for horse: dh-Polliticalresistance
2025-12-16 08:47:50,609 - WARNING - Could not find registration number for horse: dh-Ecstatik
2025-12-16 08:47:50,635 - WARNING - Could not find registration number for horse: dq-Agrigento
2025-12-16 08:47:50,778 - WARNING - Could not find registration number for horse: dq-Ko Olina
2025-12-16 08:47:51,242 - WARNING - Could not find registration number for horse: dh-Relentless Coronado
2025-12-16 08:47:51,251 - WARNING - Could not find registration number for horse: dq-Freddy Fender
2025-12-16 08:47:51,407 - WARNING - Could not find registration number for horse: dh-Try Harder
2025-12-16 08:47:51,495 - WARNING - Could not find registration number for horse: dh-Mr Perrisimo
2025-12-16 08:47:51,534 - WARNING - Could not find registration number for horse: dh-Foreign Policy
2025-12-16 08:47:51,652 - WARNING - Could not find registration number for horse: dq-Chicks Corona Jmg
2025-12-16 08:47:51,658 - WARNING - Could not find registration number for horse: dq-Max Storm
2025-12-16 08:47:51,831 - WARNING - Could not find registration number for horse: dq-Bella Hunting
2025-12-16 08:47:51,877 - WARNING - Could not find registration number for horse: dh-Goodtyme
2025-12-16 08:47:51,883 - WARNING - Could not find registration number for horse: dh-Goodtyme
2025-12-16 08:47:52,061 - WARNING - Could not find registration number for horse: dh-Relentless Pressure
2025-12-16 08:47:52,121 - WARNING - Could not find registration number for horse: dh-Phoebes Baby Girl
2025-12-16 08:47:52,438 - WARNING - Could not find registration number for horse: dq-Luke Chapter Fifteen
2025-12-16 08:47:52,531 - WARNING - Could not find registration number for horse: dh-I Am the Guy Yall
2025-12-16 08:47:52,595 - WARNING - Could not find registration number for horse: dh-I Said Fire Lbh
2025-12-16 08:47:52,880 - WARNING - Could not find registration number for horse: dq-El Clementito
2025-12-16 08:47:53,185 - WARNING - Could not find registration number for horse: dh-Bella Notte
2025-12-16 08:47:53,185 - WARNING - Could not find registration number for horse: dh-Dynasty Blood
2025-12-16 08:47:53,243 - WARNING - Could not find registration number for horse: dh-Carters Baby Blues
2025-12-16 08:47:53,257 - WARNING - Could not find registration number for horse: dh-Interesting Eagle
2025-12-16 08:47:53,414 - WARNING - Could not find registration number for horse: dh-Kt Twos Are Wild
2025-12-16 08:47:53,448 - WARNING - Could not find registration number for horse: dh-Tena Rena
2025-12-16 08:47:53,588 - WARNING - Could not find registration number for horse: dq-A Political Toast
2025-12-16 08:47:53,640 - WARNING - Could not find registration number for horse: dq-El Compayaso
2025-12-16 08:47:53,856 - WARNING - Could not find registration number for horse: dh-Corona19
2025-12-16 08:47:54,099 - WARNING - Could not find registration number for horse: dh-The Don
2025-12-16 08:47:54,896 - WARNING - Could not find registration number for horse: dq-Corona Especiall
2025-12-16 08:47:54,943 - WARNING - Could not find registration number for horse: dh-Lynns Sweet Blood
2025-12-16 08:47:55,107 - WARNING - Could not find registration number for horse: dq-Star Ready
2025-12-16 08:47:55,405 - WARNING - Could not find registration number for horse: dh-Sneaky Kid
2025-12-16 08:47:55,430 - WARNING - Could not find registration number for horse: dh-Aj Taylorsyawlsboss
2025-12-16 08:47:55,604 - WARNING - Could not find registration number for horse: dq-Letal Cowgirl
2025-12-16 08:47:55,756 - WARNING - Could not find registration number for horse: dh-Ab Seis Corazones
2025-12-16 08:47:56,183 - WARNING - Could not find registration number for horse: dq-Eyesa Temptress
2025-12-16 08:47:56,219 - WARNING - Could not find registration number for horse: dq-Xf Ajs Hero
2025-12-16 08:47:56,994 - WARNING - Could not find registration number for horse: dq-Louie Blues
2025-12-16 08:47:57,243 - WARNING - Could not find registration number for horse: dq-Sonya Knows Better
2025-12-16 08:47:57,289 - WARNING - Could not find registration number for horse: dq-Track Smart
2025-12-16 08:47:57,447 - WARNING - Could not find registration number for horse: dh-The Perry Cartel
2025-12-16 08:47:57,565 - WARNING - Could not find registration number for horse: dh-Po Luckie
2025-12-16 08:47:58,021 - INFO - Performing batch database update...
2025-12-16 08:47:58,305 - INFO - Updated 1141 races with results
2025-12-16 08:47:58,464 - WARNING - Could not find registration number for horse: dh-Herewecometogetyou
2025-12-16 08:47:58,648 - WARNING - Could not find registration number for horse: dh-One Tough Charlie
2025-12-16 08:47:58,849 - INFO - Updated 8669 entries with results
2025-12-16 08:47:59,031 - WARNING - Could not find registration number for horse: dq-One Loves Cartel
2025-12-16 08:47:59,233 - INFO - Inserted 5680 wagering records
2025-12-16 08:47:59,325 - INFO - Inserted 1503 fraction records
2025-12-16 08:47:59,764 - WARNING - Could not find registration number for horse: dq-Miss Arkansas
2025-12-16 08:48:00,179 - WARNING - Could not find registration number for horse: dq-Rum 'n Tonic
2025-12-16 08:48:00,223 - WARNING - Could not find registration number for horse: dh-Uptown Social
2025-12-16 08:48:00,348 - WARNING - Could not find registration number for horse: dh-Premium
2025-12-16 08:48:00,520 - WARNING - Could not find registration number for horse: dq-Chief Alpha
2025-12-16 08:48:00,633 - WARNING - Could not find registration number for horse: dh-Quick to Blame
2025-12-16 08:48:00,887 - WARNING - Could not find registration number for horse: dh-Peso in My Pocket
2025-12-16 08:48:00,999 - WARNING - Could not find registration number for horse: dq-One More Sleep
2025-12-16 08:48:01,415 - INFO - Processed 2700 files. Race updates: 22963, Entry updates: 167147
2025-12-16 08:48:01,445 - WARNING - Could not find registration number for horse: dh-Sheza Cat
2025-12-16 08:48:01,624 - WARNING - Could not find registration number for horse: dh-Texas Tidelands
2025-12-16 08:48:01,727 - WARNING - Could not find registration number for horse: dh-Martique Miss
2025-12-16 08:48:01,762 - WARNING - Could not find registration number for horse: dh-Half Scout
2025-12-16 08:48:02,418 - WARNING - Could not find registration number for horse: dh-She Told You So
2025-12-16 08:48:02,562 - WARNING - Could not find registration number for horse: dq-Shes True Blue
2025-12-16 08:48:02,827 - INFO - Inserted 59898 position call records
2025-12-16 08:48:02,891 - WARNING - Could not find registration number for horse: dh-Hopeitsmyluckyday
2025-12-16 08:48:03,101 - WARNING - Could not find registration number for horse: dq-Eurostorm
2025-12-16 08:48:03,413 - WARNING - Could not find registration number for horse: dq-Wild Cat Heat
2025-12-16 08:48:04,139 - WARNING - Could not find registration number for horse: dh-Halfpriced
2025-12-16 08:48:04,418 - WARNING - Could not find registration number for horse: dq-Flying Roar
2025-12-16 08:48:04,496 - WARNING - Could not find registration number for horse: dh-Louisiana Cowgirl
2025-12-16 08:48:04,625 - WARNING - Could not find registration number for horse: dq-Ever True
2025-12-16 08:48:04,889 - WARNING - Could not find registration number for horse: dh-Mike J
2025-12-16 08:48:05,010 - WARNING - Could not find registration number for horse: dh-Big Chopper
2025-12-16 08:48:05,632 - WARNING - Could not find registration number for horse: dq-Shawn's Solving
2025-12-16 08:48:05,765 - WARNING - Could not find registration number for horse: dq-Keep Your Coil
2025-12-16 08:48:05,829 - WARNING - Could not find registration number for horse: dq-Catbernay
2025-12-16 08:48:05,874 - WARNING - Could not find registration number for horse: dq-Firecracker Stand
2025-12-16 08:48:06,041 - WARNING - Could not find registration number for horse: dq-Chollima
2025-12-16 08:48:06,250 - WARNING - Could not find registration number for horse: dq-Kant Beat the Rock
2025-12-16 08:48:06,278 - WARNING - Could not find registration number for horse: dq-American Cat
2025-12-16 08:48:06,317 - WARNING - Could not find registration number for horse: dq-Christine's Jack
2025-12-16 08:48:06,843 - WARNING - Could not find registration number for horse: dh-Feeling Grazeful
2025-12-16 08:48:06,907 - WARNING - Could not find registration number for horse: dh-Fried Asparagus
2025-12-16 08:48:07,129 - WARNING - Could not find registration number for horse: dh-Old Double Diamond
2025-12-16 08:48:07,223 - WARNING - Could not find registration number for horse: dq-Wegonahavagoodtime
2025-12-16 08:48:07,245 - WARNING - Could not find registration number for horse: dh-McOro
2025-12-16 08:48:07,732 - WARNING - Could not find registration number for horse: dq-Jaded Tiger
2025-12-16 08:48:08,231 - WARNING - Could not find registration number for horse: dq-Facts Matter
2025-12-16 08:48:09,116 - WARNING - Could not find registration number for horse: dq-Guillaume
2025-12-16 08:48:09,385 - WARNING - Could not find registration number for horse: dq-I Can Do It
2025-12-16 08:48:09,541 - INFO - Performing batch database update...
2025-12-16 08:48:09,631 - INFO - Updated 573 races with results
2025-12-16 08:48:09,859 - INFO - Updated 3690 entries with results
2025-12-16 08:48:09,888 - WARNING - Could not find registration number for horse: dq-Time to Cruise
2025-12-16 08:48:10,043 - INFO - Inserted 2961 wagering records
2025-12-16 08:48:10,125 - INFO - Inserted 1504 fraction records
2025-12-16 08:48:10,161 - WARNING - Could not find registration number for horse: dq-Tam Char
2025-12-16 08:48:10,258 - WARNING - Could not find registration number for horse: dq-Great Forty Eight
2025-12-16 08:48:10,345 - WARNING - Could not find registration number for horse: dq-Secret Sanctuary
2025-12-16 08:48:10,398 - WARNING - Could not find registration number for horse: dh-High Flying Gracie
2025-12-16 08:48:10,591 - WARNING - Could not find registration number for horse: dh-Coconut Girl
2025-12-16 08:48:11,073 - WARNING - Could not find registration number for horse: dq-Spectrier
2025-12-16 08:48:11,499 - INFO - Inserted 24810 position call records
2025-12-16 08:48:11,636 - WARNING - Could not find registration number for horse: dq-Folly
2025-12-16 08:48:11,681 - WARNING - Could not find registration number for horse: dq-Luv Ya Bye Bye
2025-12-16 08:48:11,845 - WARNING - Could not find registration number for horse: dq-Hellman
2025-12-16 08:48:11,967 - WARNING - Could not find registration number for horse: dq-Superstitieux
2025-12-16 08:48:12,005 - WARNING - Could not find registration number for horse: dh-Alpha Chi Rho
2025-12-16 08:48:12,207 - WARNING - Could not find registration number for horse: dh-The Sicarii
2025-12-16 08:48:12,263 - WARNING - Could not find registration number for horse: dh-Western Lane
2025-12-16 08:48:12,586 - WARNING - Could not find registration number for horse: dh-Mavilus
2025-12-16 08:48:12,711 - INFO - Processed 2800 files. Race updates: 23709, Entry updates: 172414
2025-12-16 08:48:14,307 - WARNING - Could not find registration number for horse: dh-Give It a Go
2025-12-16 08:48:14,668 - WARNING - Could not find registration number for horse: dh-The Thinker
2025-12-16 08:48:15,247 - WARNING - Could not find registration number for horse: dh-Sigmund
2025-12-16 08:48:15,365 - WARNING - Could not find registration number for horse: dh-Sage Runner
2025-12-16 08:48:16,338 - WARNING - Could not find registration number for horse: dh-Master Oogway
2025-12-16 08:48:16,726 - WARNING - Could not find registration number for horse: dq-Hot Lookin Royal
2025-12-16 08:48:16,994 - WARNING - Could not find registration number for horse: dh-Frog Prince
2025-12-16 08:48:17,389 - WARNING - Could not find registration number for horse: dh-Take Charge Too
2025-12-16 08:48:17,527 - WARNING - Could not find registration number for horse: dq-Sweet Syntax
2025-12-16 08:48:17,651 - WARNING - Could not find registration number for horse: dq-Battalion
2025-12-16 08:48:17,792 - WARNING - Could not find registration number for horse: dh-Odinson
2025-12-16 08:48:17,845 - WARNING - Could not find registration number for horse: dq-Cut From Class
2025-12-16 08:48:18,699 - WARNING - Could not find registration number for horse: dq-Matty Bo
2025-12-16 08:48:19,554 - WARNING - Could not find registration number for horse: dh-Crazy Odds
2025-12-16 08:48:19,834 - WARNING - Could not find registration number for horse: dh-Sir Lance
2025-12-16 08:48:20,078 - INFO - Performing batch database update...
2025-12-16 08:48:20,179 - INFO - Updated 655 races with results
2025-12-16 08:48:20,401 - WARNING - Could not find registration number for horse: dq-Ginger Girl
2025-12-16 08:48:20,503 - INFO - Updated 4714 entries with results
2025-12-16 08:48:20,744 - INFO - Inserted 3851 wagering records
2025-12-16 08:48:20,879 - INFO - Inserted 2382 fraction records
2025-12-16 08:48:20,934 - WARNING - Could not find registration number for horse: dq-Huntington
2025-12-16 08:48:21,993 - WARNING - Could not find registration number for horse: dq-Poggibonsi
2025-12-16 08:48:22,930 - INFO - Inserted 32298 position call records
2025-12-16 08:48:23,037 - WARNING - Could not find registration number for horse: dq-Magnolia Wind
2025-12-16 08:48:24,731 - WARNING - Could not find registration number for horse: dh-Masakado
2025-12-16 08:48:24,974 - WARNING - Could not find registration number for horse: dh-King's River
2025-12-16 08:48:25,098 - WARNING - Could not find registration number for horse: dq-Downtown Katie
2025-12-16 08:48:25,436 - WARNING - Could not find registration number for horse: dq-Tidewater
2025-12-16 08:48:25,791 - WARNING - Could not find registration number for horse: dq-Saloon
2025-12-16 08:48:26,278 - WARNING - Could not find registration number for horse: dq-Fun Lovin Criminal
2025-12-16 08:48:26,447 - WARNING - Could not find registration number for horse: dq-Le Vin
2025-12-16 08:48:26,552 - INFO - Processed 2900 files. Race updates: 24602, Entry updates: 179047
2025-12-16 08:48:26,645 - WARNING - Could not find registration number for horse: dq-Market Maven
2025-12-16 08:48:26,830 - WARNING - Could not find registration number for horse: dq-Dream Chaser
2025-12-16 08:48:27,314 - WARNING - Could not find registration number for horse: dq-Orocovix
2025-12-16 08:48:27,469 - WARNING - Could not find registration number for horse: dq-Sea Trident
2025-12-16 08:48:27,502 - WARNING - Could not find registration number for horse: dq-Rustys Gfivefifty
2025-12-16 08:48:27,972 - WARNING - Could not find registration number for horse: dq-Arden'sluckytobe
2025-12-16 08:48:28,487 - WARNING - Could not find registration number for horse: dh-Teo
2025-12-16 08:48:28,550 - WARNING - Could not find registration number for horse: dh-Saint Charles
2025-12-16 08:48:28,687 - WARNING - Could not find registration number for horse: dh-Esperannna
2025-12-16 08:48:29,109 - WARNING - Could not find registration number for horse: dh-Up Her Sleeve
2025-12-16 08:48:29,129 - WARNING - Could not find registration number for horse: dq-Run Witt Run
2025-12-16 08:48:29,697 - WARNING - Could not find registration number for horse: dq-Cinnamon Face
2025-12-16 08:48:29,815 - WARNING - Could not find registration number for horse: dq-Cosmo
2025-12-16 08:48:30,290 - WARNING - Could not find registration number for horse: dh-Run for Mrs Riggs
2025-12-16 08:48:30,465 - WARNING - Could not find registration number for horse: dh-Mischief Angel
2025-12-16 08:48:31,009 - WARNING - Could not find registration number for horse: dq-Libbies Baby
2025-12-16 08:48:32,461 - INFO - Performing batch database update...
2025-12-16 08:48:32,581 - INFO - Updated 596 races with results
2025-12-16 08:48:32,590 - WARNING - Could not find registration number for horse: dh-Glitterary
2025-12-16 08:48:32,669 - WARNING - Could not find registration number for horse: dq-Basket Case
2025-12-16 08:48:32,864 - INFO - Updated 4829 entries with results
2025-12-16 08:48:32,953 - WARNING - Could not find registration number for horse: dh-Get Serious
2025-12-16 08:48:32,968 - WARNING - Could not find registration number for horse: dh-Mantua Man
2025-12-16 08:48:33,214 - WARNING - Could not find registration number for horse: dh-Get Like Mike
2025-12-16 08:48:33,319 - INFO - Inserted 3060 wagering records
2025-12-16 08:48:33,337 - WARNING - Could not find registration number for horse: dh-Power and Glory
2025-12-16 08:48:33,439 - INFO - Inserted 1830 fraction records
2025-12-16 08:48:33,839 - WARNING - Could not find registration number for horse: dh-Timothy
2025-12-16 08:48:33,850 - WARNING - Could not find registration number for horse: dh-Voodoo Priestess
2025-12-16 08:48:33,899 - WARNING - Could not find registration number for horse: dh-Heza Glimpse
2025-12-16 08:48:34,068 - WARNING - Could not find registration number for horse: dh-Sheza Big Diva
2025-12-16 08:48:34,081 - WARNING - Could not find registration number for horse: dh-Humor Me Please
2025-12-16 08:48:34,201 - WARNING - Could not find registration number for horse: dh-Shes Team Wild
2025-12-16 08:48:34,293 - WARNING - Could not find registration number for horse: dq-Blingo Bling
2025-12-16 08:48:34,431 - WARNING - Could not find registration number for horse: dh-Valkarlee
2025-12-16 08:48:34,490 - WARNING - Could not find registration number for horse: dh-Goodtimecountrychick
2025-12-16 08:48:34,715 - WARNING - Could not find registration number for horse: dh-Top Cop
2025-12-16 08:48:34,719 - WARNING - Could not find registration number for horse: dh-Indy Lover
2025-12-16 08:48:34,786 - WARNING - Could not find registration number for horse: dq-Dm Farm Girl
2025-12-16 08:48:34,852 - WARNING - Could not find registration number for horse: dh-Sing It Bessie
2025-12-16 08:48:35,302 - WARNING - Could not find registration number for horse: dh-First Nice Star
2025-12-16 08:48:35,366 - WARNING - Could not find registration number for horse: dh-Ms Eye Opener
2025-12-16 08:48:35,407 - WARNING - Could not find registration number for horse: dq-Mr Bishop
2025-12-16 08:48:35,490 - INFO - Inserted 35664 position call records
2025-12-16 08:48:35,548 - WARNING - Could not find registration number for horse: dh-Mp Bad Habits
2025-12-16 08:48:35,671 - WARNING - Could not find registration number for horse: dh-Illmakeyoupay
2025-12-16 08:48:35,689 - WARNING - Could not find registration number for horse: Its Too Late Now
2025-12-16 08:48:35,747 - WARNING - Could not find registration number for horse: dh-Finest Issue
2025-12-16 08:48:35,784 - WARNING - Could not find registration number for horse: dh-Jtc Dutch N Mexico
2025-12-16 08:48:35,973 - WARNING - Could not find registration number for horse: dh-La Carlota Toxica
2025-12-16 08:48:36,064 - WARNING - Could not find registration number for horse: dh-Leticias Secret
2025-12-16 08:48:36,100 - WARNING - Could not find registration number for horse: dq-Jettin Ta Glory
2025-12-16 08:48:36,173 - WARNING - Could not find registration number for horse: dh-Saltarin Style
2025-12-16 08:48:36,231 - WARNING - Could not find registration number for horse: dq-Revs Favorite Queen
2025-12-16 08:48:36,414 - WARNING - Could not find registration number for horse: 00500
2025-12-16 08:48:36,576 - WARNING - Could not find registration number for horse: 00500
2025-12-16 08:48:36,659 - WARNING - Could not find registration number for horse: dh-Fierros Sis
2025-12-16 08:48:36,866 - WARNING - Could not find registration number for horse: dh-Elena Mae
2025-12-16 08:48:36,981 - WARNING - Could not find registration number for horse: dq-Mr Prize B
2025-12-16 08:48:37,047 - WARNING - Could not find registration number for horse: dh-Witch Way Gray
2025-12-16 08:48:37,066 - WARNING - Could not find registration number for horse: dq-Straitshooterhotshot
2025-12-16 08:48:37,140 - WARNING - Could not find registration number for horse: dh-Pandemiccowboy
2025-12-16 08:48:37,151 - WARNING - Could not find registration number for horse: dq-Nbc Mr Jed
2025-12-16 08:48:37,255 - WARNING - Could not find registration number for horse: dh-Rock My Hocks
2025-12-16 08:48:37,759 - WARNING - Could not find registration number for horse: dh-Jmg One Hott Eagle
2025-12-16 08:48:37,939 - WARNING - Could not find registration number for horse: dh-Shake Me a Corona
2025-12-16 08:48:37,967 - WARNING - Could not find registration number for horse: dh-Struttin Aint Easy
2025-12-16 08:48:38,100 - WARNING - Could not find registration number for horse: dh-Corona Blu Pop Pop
2025-12-16 08:48:38,129 - WARNING - Could not find registration number for horse: dq-Bp Coronas
2025-12-16 08:48:38,284 - WARNING - Could not find registration number for horse: dq-Little Doc Gdp
2025-12-16 08:48:38,713 - WARNING - Could not find registration number for horse: dh-Pecos River Queen
2025-12-16 08:48:38,778 - WARNING - Could not find registration number for horse: dq-Pool Miracle
2025-12-16 08:48:38,889 - WARNING - Could not find registration number for horse: dq-Trepador
2025-12-16 08:48:38,992 - WARNING - Could not find registration number for horse: dq-Amazing Graces Joy
2025-12-16 08:48:39,254 - WARNING - Could not find registration number for horse: dh-Heza Fast Dynasty
2025-12-16 08:48:39,254 - WARNING - Could not find registration number for horse: dh-Send Her Candy
2025-12-16 08:48:39,313 - WARNING - Could not find registration number for horse: dh-Mp Bad Habits
2025-12-16 08:48:39,436 - WARNING - Could not find registration number for horse: dhdq-Curvee
2025-12-16 08:48:39,505 - WARNING - Could not find registration number for horse: dq-Heza Spirited Ace
2025-12-16 08:48:39,515 - WARNING - Could not find registration number for horse: 00500
2025-12-16 08:48:39,556 - WARNING - Could not find registration number for horse: dh-On the Kool Side
2025-12-16 08:48:39,556 - WARNING - Could not find registration number for horse: dh-Queen of Tide
2025-12-16 08:48:39,633 - WARNING - Could not find registration number for horse: dh-Peyton Kennedy
2025-12-16 08:48:39,865 - WARNING - Could not find registration number for horse: dh-Beautiful Call
2025-12-16 08:48:39,907 - WARNING - Could not find registration number for horse: dh-Gf Wild Thoughts
2025-12-16 08:48:39,971 - WARNING - Could not find registration number for horse: dq-Po Boy
2025-12-16 08:48:39,999 - WARNING - Could not find registration number for horse: dh-Bluemoon Arising
2025-12-16 08:48:40,211 - WARNING - Could not find registration number for horse: dq-Singapore Flash
2025-12-16 08:48:40,348 - WARNING - Could not find registration number for horse: dh-Just a Flyin Cowgirl
2025-12-16 08:48:40,388 - WARNING - Could not find registration number for horse: dh-Cartel Fire Two
2025-12-16 08:48:40,693 - WARNING - Could not find registration number for horse: dh-Kartendo Fast Dash
2025-12-16 08:48:40,718 - WARNING - Could not find registration number for horse: dh-Sapphyre
2025-12-16 08:48:40,734 - WARNING - Could not find registration number for horse: dq-Ethics of a Hero
2025-12-16 08:48:40,834 - WARNING - Could not find registration number for horse: dh-Zsuzannah
2025-12-16 08:48:41,595 - WARNING - Could not find registration number for horse: dq-Jess Whatta Glass
2025-12-16 08:48:41,619 - WARNING - Could not find registration number for horse: dh-Classy Looking Chick
2025-12-16 08:48:41,744 - INFO - Processed 3000 files. Race updates: 25512, Entry updates: 186306
2025-12-16 08:48:41,795 - WARNING - Could not find registration number for horse: dh-Dashin Lewee
2025-12-16 08:48:42,340 - WARNING - Could not find registration number for horse: dh-Terrify
2025-12-16 08:48:42,476 - WARNING - Could not find registration number for horse: dq-Heza Spirited Ace
2025-12-16 08:48:42,730 - WARNING - Could not find registration number for horse: dq-Bend the Knee
2025-12-16 08:48:43,097 - WARNING - Could not find registration number for horse: dh-Mint Cookie Cutter
2025-12-16 08:48:43,235 - WARNING - Could not find registration number for horse: dq-Wire Tap
2025-12-16 08:48:43,269 - WARNING - Could not find registration number for horse: dh-Kreede
2025-12-16 08:48:43,278 - WARNING - Could not find registration number for horse: dh-Tyger King
2025-12-16 08:48:43,361 - WARNING - Could not find registration number for horse: dh-Little Doc Gdp
2025-12-16 08:48:43,571 - WARNING - Could not find registration number for horse: dq-Stabby Joe
2025-12-16 08:48:43,699 - WARNING - Could not find registration number for horse: dh-Valentines Miss Gal
2025-12-16 08:48:43,704 - WARNING - Could not find registration number for horse: dh-Runnin Legend
2025-12-16 08:48:43,768 - WARNING - Could not find registration number for horse: dh-Symbolic
2025-12-16 08:48:43,775 - WARNING - Could not find registration number for horse: dh-Cash Train B
2025-12-16 08:48:43,819 - WARNING - Could not find registration number for horse: dq-Today Matters
2025-12-16 08:48:43,869 - WARNING - Could not find registration number for horse: dq-Esta Caliente
2025-12-16 08:48:44,181 - WARNING - Could not find registration number for horse: dq-Trepador
2025-12-16 08:48:44,622 - WARNING - Could not find registration number for horse: dh-Blues Girl
2025-12-16 08:48:44,676 - WARNING - Could not find registration number for horse: dq-Mystic Minister
2025-12-16 08:48:44,708 - WARNING - Could not find registration number for horse: dh-Ten Cent Pystol
2025-12-16 08:48:44,768 - WARNING - Could not find registration number for horse: dh-Constitutionalist
2025-12-16 08:48:44,864 - WARNING - Could not find registration number for horse: dq-Mr Mayhem
2025-12-16 08:48:44,935 - WARNING - Could not find registration number for horse: dh-Singin de Blues
2025-12-16 08:48:44,940 - WARNING - Could not find registration number for horse: dh-Parisian Summer
2025-12-16 08:48:45,335 - WARNING - Could not find registration number for horse: dh-Lota Teresa
2025-12-16 08:48:45,388 - WARNING - Could not find registration number for horse: dq-A Game of Corona
2025-12-16 08:48:45,486 - WARNING - Could not find registration number for horse: dq-Hunter Jumper
2025-12-16 08:48:45,557 - WARNING - Could not find registration number for horse: dh-Pritchit
2025-12-16 08:48:45,946 - WARNING - Could not find registration number for horse: dq-Warrior Empress
2025-12-16 08:48:46,018 - INFO - Performing batch database update...
2025-12-16 08:48:46,102 - INFO - Updated 581 races with results
2025-12-16 08:48:46,118 - WARNING - Could not find registration number for horse: dh-Machinist
2025-12-16 08:48:46,217 - WARNING - Could not find registration number for horse: dq-Kendal Grace
2025-12-16 08:48:46,233 - WARNING - Could not find registration number for horse: dh-Doctor Lee
2025-12-16 08:48:46,355 - WARNING - Could not find registration number for horse: dq-Mo Delirio
2025-12-16 08:48:46,449 - INFO - Updated 5323 entries with results
2025-12-16 08:48:46,465 - WARNING - Could not find registration number for horse: dq-Enzoexpress
2025-12-16 08:48:46,527 - WARNING - Could not find registration number for horse: dq-Keto Friendly
2025-12-16 08:48:46,619 - INFO - Inserted 2644 wagering records
2025-12-16 08:48:46,697 - INFO - Inserted 1395 fraction records
2025-12-16 08:48:46,950 - WARNING - Could not find registration number for horse: dq-Cates Swoosh
2025-12-16 08:48:47,213 - WARNING - Could not find registration number for horse: dq-Awesome Miner
2025-12-16 08:48:47,706 - WARNING - Could not find registration number for horse: dq-Tap Corona
2025-12-16 08:48:47,724 - WARNING - Could not find registration number for horse: dq-Favorite Wave
2025-12-16 08:48:48,167 - WARNING - Could not find registration number for horse: dq-Full of Luck (CHI)
2025-12-16 08:48:48,796 - WARNING - Could not find registration number for horse: dh-Beach Holiday
2025-12-16 08:48:48,852 - WARNING - Could not find registration number for horse: dh-Amicus Brief
2025-12-16 08:48:49,062 - INFO - Inserted 38358 position call records
2025-12-16 08:48:49,674 - WARNING - Could not find registration number for horse: dq-Masai Man
2025-12-16 08:48:49,932 - WARNING - Could not find registration number for horse: dq-Coastal Chaos
2025-12-16 08:48:50,167 - WARNING - Could not find registration number for horse: dq-Enjoy Baseball
2025-12-16 08:48:50,178 - WARNING - Could not find registration number for horse: dq-The Big Patriot
2025-12-16 08:48:51,344 - WARNING - Could not find registration number for horse: dq-Cajun Mandate
2025-12-16 08:48:51,647 - WARNING - Could not find registration number for horse: dq-Red Delicious
2025-12-16 08:48:51,666 - WARNING - Could not find registration number for horse: dh-Illusions of Love
2025-12-16 08:48:51,680 - WARNING - Could not find registration number for horse: dq-Biscottini
2025-12-16 08:48:52,016 - WARNING - Could not find registration number for horse: dq-Gizmo's Mission
2025-12-16 08:48:52,094 - WARNING - Could not find registration number for horse: dq-Test Your Faith
2025-12-16 08:48:52,176 - WARNING - Could not find registration number for horse: dh-Indiana
2025-12-16 08:48:52,202 - WARNING - Could not find registration number for horse: dh-Undetected
2025-12-16 08:48:52,405 - WARNING - Could not find registration number for horse: dh-Tres Reloaded
2025-12-16 08:48:52,700 - WARNING - Could not find registration number for horse: dh-Born for Victory
2025-12-16 08:48:52,930 - WARNING - Could not find registration number for horse: dq-Frontliner
2025-12-16 08:48:53,219 - WARNING - Could not find registration number for horse: dh-Kaztharos
2025-12-16 08:48:53,464 - INFO - Processed 3100 files. Race updates: 26340, Entry updates: 192323
2025-12-16 08:48:53,514 - WARNING - Could not find registration number for horse: dq-El Bandido
2025-12-16 08:48:54,992 - WARNING - Could not find registration number for horse: dh-Lockdown Lover
2025-12-16 08:48:55,288 - WARNING - Could not find registration number for horse: dh-Vamos Antonio
2025-12-16 08:48:56,677 - WARNING - Could not find registration number for horse: dq-Mambo Kitten
2025-12-16 08:48:56,729 - WARNING - Could not find registration number for horse: dq-El de Chirel
2025-12-16 08:48:57,733 - WARNING - Could not find registration number for horse: dh-Welcometomyworld
2025-12-16 08:48:58,009 - WARNING - Could not find registration number for horse: dh-Rainout
2025-12-16 08:48:58,146 - WARNING - Could not find registration number for horse: dq-Baytown Kitty Cat
2025-12-16 08:48:58,165 - WARNING - Could not find registration number for horse: dq-Pearlintherough
2025-12-16 08:48:58,708 - WARNING - Could not find registration number for horse: dh-Shaymyname
2025-12-16 08:48:58,765 - WARNING - Could not find registration number for horse: dh-Dixie Groove
2025-12-16 08:49:00,100 - INFO - Performing batch database update...
2025-12-16 08:49:00,242 - INFO - Updated 843 races with results
2025-12-16 08:49:00,635 - INFO - Updated 5937 entries with results
2025-12-16 08:49:00,882 - INFO - Inserted 4175 wagering records
2025-12-16 08:49:01,072 - INFO - Inserted 2797 fraction records
2025-12-16 08:49:01,358 - WARNING - Could not find registration number for horse: dq-Wonderfinn
2025-12-16 08:49:01,462 - WARNING - Could not find registration number for horse: dh-Kitten With a Whip
2025-12-16 08:49:01,651 - WARNING - Could not find registration number for horse: dh-Perspicacious
2025-12-16 08:49:01,715 - WARNING - Could not find registration number for horse: dh-Slime Queen
2025-12-16 08:49:01,771 - WARNING - Could not find registration number for horse: dh-Striking Chrome
2025-12-16 08:49:02,177 - WARNING - Could not find registration number for horse: dh-Utopia Rose
2025-12-16 08:49:02,420 - WARNING - Could not find registration number for horse: dh-Factorbella
2025-12-16 08:49:02,738 - WARNING - Could not find registration number for horse: dq-Gold Alliance
2025-12-16 08:49:03,374 - WARNING - Could not find registration number for horse: dh-Fast Fall
2025-12-16 08:49:03,592 - INFO - Inserted 41562 position call records
2025-12-16 08:49:03,636 - WARNING - Could not find registration number for horse: dh-Another Saucy Six
2025-12-16 08:49:03,682 - WARNING - Could not find registration number for horse: dh-Queen Cadence
2025-12-16 08:49:03,747 - WARNING - Could not find registration number for horse: dq-Classic Performer
2025-12-16 08:49:03,832 - WARNING - Could not find registration number for horse: dq-Electric Eel
2025-12-16 08:49:04,060 - WARNING - Could not find registration number for horse: dh-Blunder
2025-12-16 08:49:04,160 - WARNING - Could not find registration number for horse: dh-Speight'spercomete
2025-12-16 08:49:04,290 - WARNING - Could not find registration number for horse: dq-When in Rome
2025-12-16 08:49:04,354 - WARNING - Could not find registration number for horse: dh-Samburu (GB)
2025-12-16 08:49:05,748 - WARNING - Could not find registration number for horse: dq-Northern Journey
2025-12-16 08:49:06,403 - WARNING - Could not find registration number for horse: dq-John's Rock
2025-12-16 08:49:06,484 - WARNING - Could not find registration number for horse: dq-Khopilot
2025-12-16 08:49:07,186 - WARNING - Could not find registration number for horse: dh-My Belle Michelle
2025-12-16 08:49:07,210 - WARNING - Could not find registration number for horse: dh-Lady Giuliana
2025-12-16 08:49:07,257 - WARNING - Could not find registration number for horse: dh-Making Me Crazy
2025-12-16 08:49:07,286 - INFO - Processed 3200 files. Race updates: 27207, Entry updates: 198765
2025-12-16 08:49:07,297 - WARNING - Could not find registration number for horse: dh-Best of You
2025-12-16 08:49:07,395 - WARNING - Could not find registration number for horse: dh-Wildcat Dream
2025-12-16 08:49:07,417 - WARNING - Could not find registration number for horse: dh-Fleck
2025-12-16 08:49:07,523 - WARNING - Could not find registration number for horse: dh-Alacritous
2025-12-16 08:49:07,711 - WARNING - Could not find registration number for horse: dh-Princess Moro
2025-12-16 08:49:08,280 - WARNING - Could not find registration number for horse: dq-Kadesh
2025-12-16 08:49:08,383 - WARNING - Could not find registration number for horse: dh-Highly Explosive
2025-12-16 08:49:08,504 - WARNING - Could not find registration number for horse: dh-Boogie Boogee
2025-12-16 08:49:08,849 - WARNING - Could not find registration number for horse: dq-Bronze Kettle
2025-12-16 08:49:10,008 - WARNING - Could not find registration number for horse: dq-Larry's Angel
2025-12-16 08:49:10,476 - WARNING - Could not find registration number for horse: dq-Parade Grand
2025-12-16 08:49:11,127 - WARNING - Could not find registration number for horse: dq-Hip Hip Hooray
2025-12-16 08:49:11,262 - WARNING - Could not find registration number for horse: dq-After Sunrise
2025-12-16 08:49:11,337 - WARNING - Could not find registration number for horse: dq-Pat Daddy
2025-12-16 08:49:12,050 - WARNING - Could not find registration number for horse: dh-Controller
2025-12-16 08:49:12,157 - WARNING - Could not find registration number for horse: dh-Three Point Kuz
2025-12-16 08:49:12,225 - WARNING - Could not find registration number for horse: dh-Little Four
2025-12-16 08:49:12,324 - INFO - Performing batch database update...
2025-12-16 08:49:12,642 - INFO - Updated 552 races with results
2025-12-16 08:49:12,668 - WARNING - Could not find registration number for horse: dh-Sweet Jill's Jack
2025-12-16 08:49:12,929 - INFO - Updated 4712 entries with results
2025-12-16 08:49:12,939 - WARNING - Could not find registration number for horse: dq-Oaxaca
2025-12-16 08:49:13,133 - INFO - Inserted 3071 wagering records
2025-12-16 08:49:13,178 - WARNING - Could not find registration number for horse: dq-My Brother Cam
2025-12-16 08:49:13,233 - INFO - Inserted 1943 fraction records
2025-12-16 08:49:13,256 - WARNING - Could not find registration number for horse: dh-Dougs Morning Pick
2025-12-16 08:49:13,318 - WARNING - Could not find registration number for horse: dq-Ohio Munny
2025-12-16 08:49:13,484 - WARNING - Could not find registration number for horse: dh-Oaken
2025-12-16 08:49:14,608 - WARNING - Could not find registration number for horse: dq-My Ticket
2025-12-16 08:49:14,817 - WARNING - Could not find registration number for horse: dq-Sushi Q
2025-12-16 08:49:15,197 - WARNING - Could not find registration number for horse: dq-My Two Aunt Joans
2025-12-16 08:49:15,264 - INFO - Inserted 33354 position call records
2025-12-16 08:49:15,846 - WARNING - Could not find registration number for horse: dq-Dial Direct
2025-12-16 08:49:16,402 - WARNING - Could not find registration number for horse: dq-Makn Vital Moves
2025-12-16 08:49:16,753 - WARNING - Could not find registration number for horse: dq-Ol' Ned
2025-12-16 08:49:17,420 - WARNING - Could not find registration number for horse: dh-Greatheart
2025-12-16 08:49:17,606 - WARNING - Could not find registration number for horse: dq-Stormin Melly
2025-12-16 08:49:18,222 - WARNING - Could not find registration number for horse: dq-Be Bo
2025-12-16 08:49:18,257 - WARNING - Could not find registration number for horse: dh-Mahaamel
2025-12-16 08:49:18,351 - WARNING - Could not find registration number for horse: dq-Jeri Dawn
2025-12-16 08:49:18,392 - WARNING - Could not find registration number for horse: dq-Seaside Boy
2025-12-16 08:49:19,559 - WARNING - Could not find registration number for horse: dq-California Swing
2025-12-16 08:49:19,838 - WARNING - Could not find registration number for horse: dq-Alebrije
2025-12-16 08:49:20,595 - WARNING - Could not find registration number for horse: dq-Southern Sunset
2025-12-16 08:49:20,782 - WARNING - Could not find registration number for horse: dq-Obviously Too
2025-12-16 08:49:20,911 - WARNING - Could not find registration number for horse: dh-Lady Commander
2025-12-16 08:49:20,961 - INFO - Processed 3300 files. Race updates: 28044, Entry updates: 205008
2025-12-16 08:49:20,981 - WARNING - Could not find registration number for horse: dh-Whiskey Blue
2025-12-16 08:49:22,188 - WARNING - Could not find registration number for horse: dh-Shezapistol
2025-12-16 08:49:22,441 - WARNING - Could not find registration number for horse: dh-Mr. Cougar
2025-12-16 08:49:22,477 - WARNING - Could not find registration number for horse: dq-Suite Caroline
2025-12-16 08:49:22,696 - WARNING - Could not find registration number for horse: dh-Ribbonsinherhair
2025-12-16 08:49:22,742 - WARNING - Could not find registration number for horse: dh-Krusin Rocket
2025-12-16 08:49:22,760 - WARNING - Could not find registration number for horse: dh-Thunders Rocknroll
2025-12-16 08:49:23,175 - WARNING - Could not find registration number for horse: dh-Essential Bella
2025-12-16 08:49:23,232 - WARNING - Could not find registration number for horse: dh-Martique Miss
2025-12-16 08:49:23,502 - WARNING - Could not find registration number for horse: dh-Chartreuse
2025-12-16 08:49:24,515 - WARNING - Could not find registration number for horse: dq-Lundberg
2025-12-16 08:49:25,758 - WARNING - Could not find registration number for horse: dq-Cybertown
2025-12-16 08:49:26,044 - INFO - Performing batch database update...
2025-12-16 08:49:26,125 - INFO - Updated 657 races with results
2025-12-16 08:49:26,400 - INFO - Updated 4950 entries with results
2025-12-16 08:49:26,583 - WARNING - Could not find registration number for horse: dh-Mrs. Beans
2025-12-16 08:49:26,605 - INFO - Inserted 3387 wagering records
2025-12-16 08:49:26,700 - WARNING - Could not find registration number for horse: dh-Ipsum Gratus
2025-12-16 08:49:26,734 - INFO - Inserted 2253 fraction records
2025-12-16 08:49:26,762 - WARNING - Could not find registration number for horse: dh-Ultimate
2025-12-16 08:49:27,141 - WARNING - Could not find registration number for horse: dq-Luna Vieja
2025-12-16 08:49:27,455 - WARNING - Could not find registration number for horse: dq-Number One Dude
2025-12-16 08:49:27,530 - WARNING - Could not find registration number for horse: dq-Cousteau
2025-12-16 08:49:27,542 - WARNING - Could not find registration number for horse: dq-Give Me a Reason
2025-12-16 08:49:27,559 - WARNING - Could not find registration number for horse: dh-Dixie Penny
2025-12-16 08:49:27,814 - WARNING - Could not find registration number for horse: dq-Distorted Secrets
2025-12-16 08:49:28,198 - WARNING - Could not find registration number for horse: dh-Xylophone
2025-12-16 08:49:28,237 - WARNING - Could not find registration number for horse: dh-Scarlet Position
2025-12-16 08:49:28,881 - WARNING - Could not find registration number for horse: dq-Nazareno
2025-12-16 08:49:28,952 - INFO - Inserted 38928 position call records
2025-12-16 08:49:28,993 - WARNING - Could not find registration number for horse: dq-Aristocracy
2025-12-16 08:49:29,099 - WARNING - Could not find registration number for horse: dq-Off the Meds
2025-12-16 08:49:29,463 - WARNING - Could not find registration number for horse: dq-Effortlesslyelgant
2025-12-16 08:49:29,487 - WARNING - Could not find registration number for horse: dq-Southern Sunset
2025-12-16 08:49:29,676 - WARNING - Could not find registration number for horse: dq-Triple Titos
2025-12-16 08:49:29,854 - WARNING - Could not find registration number for horse: dq-Give It a Go
2025-12-16 08:49:31,721 - WARNING - Could not find registration number for horse: dh-Spooky One
2025-12-16 08:49:31,839 - WARNING - Could not find registration number for horse: dh-Mizzen Money
2025-12-16 08:49:32,679 - WARNING - Could not find registration number for horse: dq-True Dakotan
2025-12-16 08:49:33,091 - WARNING - Could not find registration number for horse: dq-End of the Rainbow
2025-12-16 08:49:33,233 - WARNING - Could not find registration number for horse: dq-One Tough Rose
2025-12-16 08:49:33,570 - WARNING - Could not find registration number for horse: dq-Jump a Fox
2025-12-16 08:49:33,787 - WARNING - Could not find registration number for horse: dq-Box of Joe
2025-12-16 08:49:34,135 - WARNING - Could not find registration number for horse: dq-Tailorbeswift
2025-12-16 08:49:34,347 - INFO - Processed 3400 files. Race updates: 28899, Entry updates: 211951
2025-12-16 08:49:34,555 - WARNING - Could not find registration number for horse: dq-Musical Cat
2025-12-16 08:49:34,676 - WARNING - Could not find registration number for horse: dq-Wicked T
2025-12-16 08:49:34,936 - WARNING - Could not find registration number for horse: dq-My Beautiful Belle
2025-12-16 08:49:35,043 - WARNING - Could not find registration number for horse: dq-I Don't See Colors
2025-12-16 08:49:35,494 - WARNING - Could not find registration number for horse: dh-Stanhope
2025-12-16 08:49:35,561 - WARNING - Could not find registration number for horse: dq-Luckytobeinamerica
2025-12-16 08:49:35,738 - WARNING - Could not find registration number for horse: dh-Act of Valor
2025-12-16 08:49:36,300 - WARNING - Could not find registration number for horse: dh-Nautical Nature
2025-12-16 08:49:36,369 - WARNING - Could not find registration number for horse: dh-Where You Was
2025-12-16 08:49:36,591 - WARNING - Could not find registration number for horse: dh-Beach Warrior
2025-12-16 08:49:36,773 - WARNING - Could not find registration number for horse: dq-Contemptuous Miss
2025-12-16 08:49:37,280 - WARNING - Could not find registration number for horse: dq-Factum Love Style
2025-12-16 08:49:38,532 - WARNING - Could not find registration number for horse: dq-Nick the Cardshark
2025-12-16 08:49:38,797 - WARNING - Could not find registration number for horse: dh-Kirby
2025-12-16 08:49:38,896 - WARNING - Could not find registration number for horse: dh-Necco
2025-12-16 08:49:38,959 - WARNING - Could not find registration number for horse: dh-Brokenhearted
2025-12-16 08:49:39,034 - INFO - Performing batch database update...
2025-12-16 08:49:39,135 - INFO - Updated 735 races with results
2025-12-16 08:49:39,443 - INFO - Updated 5954 entries with results
2025-12-16 08:49:39,460 - WARNING - Could not find registration number for horse: dh-Beckon
2025-12-16 08:49:39,665 - INFO - Inserted 3700 wagering records
2025-12-16 08:49:39,815 - INFO - Inserted 2520 fraction records
2025-12-16 08:49:40,397 - WARNING - Could not find registration number for horse: dh-Jack's Lilly
2025-12-16 08:49:40,895 - WARNING - Could not find registration number for horse: dh-Bowtothequeen
2025-12-16 08:49:41,625 - WARNING - Could not find registration number for horse: dq-African Angel
2025-12-16 08:49:41,733 - WARNING - Could not find registration number for horse: dq-Savvy On Blanc
2025-12-16 08:49:42,182 - INFO - Inserted 37794 position call records
2025-12-16 08:49:42,987 - WARNING - Could not find registration number for horse: dh-Tactical Pajamas
2025-12-16 08:49:43,055 - WARNING - Could not find registration number for horse: dh-I Recall
2025-12-16 08:49:43,707 - WARNING - Could not find registration number for horse: dq-Nature Trail
2025-12-16 08:49:44,355 - WARNING - Could not find registration number for horse: dq-Treasured Gem
2025-12-16 08:49:45,093 - WARNING - Could not find registration number for horse: dq-Lucky Smile
2025-12-16 08:49:45,174 - INFO - Processed 3500 files. Race updates: 29646, Entry updates: 217098
2025-12-16 08:49:45,541 - WARNING - Could not find registration number for horse: dq-Barrelhouse
2025-12-16 08:49:46,294 - WARNING - Could not find registration number for horse: dq-Cinco de Mandee
2025-12-16 08:49:46,614 - WARNING - Could not find registration number for horse: dq-Cuz
2025-12-16 08:49:46,627 - WARNING - Could not find registration number for horse: dh-Express Star
2025-12-16 08:49:46,660 - WARNING - Could not find registration number for horse: dq-Field Letters
2025-12-16 08:49:46,671 - WARNING - Could not find registration number for horse: dh-Ault
2025-12-16 08:49:46,757 - WARNING - Could not find registration number for horse: dh-So Close So Far
2025-12-16 08:49:46,789 - WARNING - Could not find registration number for horse: dh-Mountain Tree
2025-12-16 08:49:47,992 - WARNING - Could not find registration number for horse: dh-Hindenburg
2025-12-16 08:49:48,282 - WARNING - Could not find registration number for horse: dh-Jareth
2025-12-16 08:49:48,545 - INFO - Performing batch database update...
2025-12-16 08:49:48,619 - INFO - Updated 522 races with results
2025-12-16 08:49:48,989 - INFO - Updated 3646 entries with results
2025-12-16 08:49:48,994 - WARNING - Could not find registration number for horse: dh-Ensemble (IRE)
2025-12-16 08:49:49,062 - WARNING - Could not find registration number for horse: dh-Peace Seeker
2025-12-16 08:49:49,084 - WARNING - Could not find registration number for horse: dq-Leave 'Em Loaded
2025-12-16 08:49:49,119 - WARNING - Could not find registration number for horse: dq-Wild Irish
2025-12-16 08:49:49,179 - INFO - Inserted 2870 wagering records
2025-12-16 08:49:49,287 - INFO - Inserted 1930 fraction records
2025-12-16 08:49:49,435 - WARNING - Could not find registration number for horse: dh-Tapio
2025-12-16 08:49:49,930 - WARNING - Could not find registration number for horse: dh-American Speed
2025-12-16 08:49:50,197 - WARNING - Could not find registration number for horse: dq-Montauk Daddy
2025-12-16 08:49:50,327 - WARNING - Could not find registration number for horse: dh-Van
2025-12-16 08:49:50,396 - WARNING - Could not find registration number for horse: dh-Digital Footprint
2025-12-16 08:49:50,673 - WARNING - Could not find registration number for horse: dq-Designer
2025-12-16 08:49:50,681 - WARNING - Could not find registration number for horse: dh-Ault
2025-12-16 08:49:50,737 - WARNING - Could not find registration number for horse: dh-Youmustbea Weasley
2025-12-16 08:49:50,801 - INFO - Inserted 24390 position call records
2025-12-16 08:49:51,144 - WARNING - Could not find registration number for horse: dq-Away to Return
2025-12-16 08:49:51,225 - WARNING - Could not find registration number for horse: dh-U S Constitution
2025-12-16 08:49:51,636 - WARNING - Could not find registration number for horse: dh-Krug
2025-12-16 08:49:51,901 - WARNING - Could not find registration number for horse: dq-Yankee Dollar
2025-12-16 08:49:52,153 - WARNING - Could not find registration number for horse: dq-Catching Stars
2025-12-16 08:49:52,627 - WARNING - Could not find registration number for horse: dq-Afandi
2025-12-16 08:49:53,011 - WARNING - Could not find registration number for horse: dq-Kake's Tap Dancer
2025-12-16 08:49:53,035 - WARNING - Could not find registration number for horse: dq-Chelonian
2025-12-16 08:49:53,494 - WARNING - Could not find registration number for horse: dq-Duplication
2025-12-16 08:49:53,773 - WARNING - Could not find registration number for horse: dh-Coral Cat
2025-12-16 08:49:54,305 - WARNING - Could not find registration number for horse: dh-A Bandido Choice
2025-12-16 08:49:54,307 - WARNING - Could not find registration number for horse: dh-Book Em Tamo
2025-12-16 08:49:54,364 - WARNING - Could not find registration number for horse: dhdq-Jess Trickie
2025-12-16 08:49:54,578 - WARNING - Could not find registration number for horse: dq-Mh Babe I Will Fly
2025-12-16 08:49:54,674 - WARNING - Could not find registration number for horse: dh-Terry's Boy
2025-12-16 08:49:54,875 - WARNING - Could not find registration number for horse: dq-Riddle
2025-12-16 08:49:54,958 - WARNING - Could not find registration number for horse: Nowhere Too Run
2025-12-16 08:49:54,974 - WARNING - Could not find registration number for horse: dh-Honeymoonz Over
2025-12-16 08:49:55,461 - WARNING - Could not find registration number for horse: dq-Jj Miss Jessie Bug
2025-12-16 08:49:55,584 - WARNING - Could not find registration number for horse: dh-Pietrelcina
2025-12-16 08:49:55,693 - WARNING - Could not find registration number for horse: dh-Bold Hoppertunity
2025-12-16 08:49:56,128 - WARNING - Could not find registration number for horse: dq-Checo Perez Tlc
2025-12-16 08:49:56,362 - WARNING - Could not find registration number for horse: dh-Agolden Eagle Spring
2025-12-16 08:49:56,430 - WARNING - Could not find registration number for horse: dh-Ja Chase This Rocket
2025-12-16 08:49:56,455 - INFO - Processed 3600 files. Race updates: 30446, Entry updates: 222486
2025-12-16 08:49:56,526 - WARNING - Could not find registration number for horse: dh-Shezabear
2025-12-16 08:49:56,554 - WARNING - Could not find registration number for horse: dh-Seattle Steel
2025-12-16 08:49:56,721 - WARNING - Could not find registration number for horse: dh-Kobe D Man
2025-12-16 08:49:56,795 - WARNING - Could not find registration number for horse: dh-Tripoli
2025-12-16 08:49:56,917 - WARNING - Could not find registration number for horse: dh-Jess Yaya
2025-12-16 08:49:56,989 - WARNING - Could not find registration number for horse: dq-Ts Attack the End
2025-12-16 08:49:57,173 - WARNING - Could not find registration number for horse: dh-C Z Rocket
2025-12-16 08:49:57,366 - WARNING - Could not find registration number for horse: dh-Engee Ombee
2025-12-16 08:49:57,774 - WARNING - Could not find registration number for horse: dh-Jersey Bird
2025-12-16 08:49:57,943 - WARNING - Could not find registration number for horse: dq-Madd Maxx
2025-12-16 08:49:58,166 - WARNING - Could not find registration number for horse: dq-Torts On a Wagon
2025-12-16 08:49:58,166 - WARNING - Could not find registration number for horse: dq-Cartels Eagle
2025-12-16 08:49:58,235 - WARNING - Could not find registration number for horse: dq-My Fancy Man
2025-12-16 08:49:58,365 - INFO - Performing batch database update...
2025-12-16 08:49:58,419 - WARNING - Could not find registration number for horse: dq-Vals Sizzling Lips
2025-12-16 08:49:58,461 - WARNING - Could not find registration number for horse: dq-Temple City Run
2025-12-16 08:49:58,476 - INFO - Updated 588 races with results
2025-12-16 08:49:58,755 - INFO - Updated 3987 entries with results
2025-12-16 08:49:58,772 - WARNING - Could not find registration number for horse: Nowhere Too Run
2025-12-16 08:49:58,986 - WARNING - Could not find registration number for horse: dq-Interested Party
2025-12-16 08:49:58,986 - WARNING - Could not find registration number for horse: dq-Miss Triana
2025-12-16 08:49:58,987 - WARNING - Could not find registration number for horse: dh-Charismatic
2025-12-16 08:49:59,032 - WARNING - Could not find registration number for horse: dq-Professor T
2025-12-16 08:49:59,034 - INFO - Inserted 3759 wagering records
2025-12-16 08:49:59,047 - WARNING - Could not find registration number for horse: dq-Lipstick Lou
2025-12-16 08:49:59,049 - WARNING - Could not find registration number for horse: dh-Ts Attack the End
2025-12-16 08:49:59,105 - WARNING - Could not find registration number for horse: dh-Philosophos
2025-12-16 08:49:59,111 - WARNING - Could not find registration number for horse: dq-Nunothat
2025-12-16 08:49:59,120 - WARNING - Could not find registration number for horse: dh-Casanovas Racy Miss
2025-12-16 08:49:59,145 - INFO - Inserted 1574 fraction records
2025-12-16 08:49:59,225 - WARNING - Could not find registration number for horse: dq-Holy Storm
2025-12-16 08:49:59,227 - WARNING - Could not find registration number for horse: dq-Eye Dinozzo
2025-12-16 08:49:59,321 - WARNING - Could not find registration number for horse: dq-Flynabovethestorm
2025-12-16 08:49:59,429 - WARNING - Could not find registration number for horse: dq-Moes Arctic Blast
2025-12-16 08:49:59,470 - WARNING - Could not find registration number for horse: dq-Kt Haileys Comet
2025-12-16 08:49:59,634 - WARNING - Could not find registration number for horse: dq-Oughta B Behind Bars
2025-12-16 08:49:59,828 - WARNING - Could not find registration number for horse: dq-Silver Beemer
2025-12-16 08:49:59,894 - WARNING - Could not find registration number for horse: dq-Contrabandista
2025-12-16 08:50:00,040 - WARNING - Could not find registration number for horse: dq-Ts My Wife Says Sell
2025-12-16 08:50:00,202 - WARNING - Could not find registration number for horse: dq-Joda Tempting Gravel
2025-12-16 08:50:00,207 - WARNING - Could not find registration number for horse: dh-Slippery Ann
2025-12-16 08:50:00,282 - WARNING - Could not find registration number for horse: dq-Colonel Klink
2025-12-16 08:50:00,370 - WARNING - Could not find registration number for horse: dh-Fabulous Fast Prize
2025-12-16 08:50:00,404 - WARNING - Could not find registration number for horse: dh-Risin Cowboy
2025-12-16 08:50:00,610 - WARNING - Could not find registration number for horse: dq-Ivory Sin Frenos Mf
2025-12-16 08:50:00,616 - WARNING - Could not find registration number for horse: dq-Jess Southard
2025-12-16 08:50:00,767 - WARNING - Could not find registration number for horse: dq-Windys Sweet Favorit
2025-12-16 08:50:00,856 - INFO - Inserted 27624 position call records
2025-12-16 08:50:00,910 - WARNING - Could not find registration number for horse: dh-Perrys Special K
2025-12-16 08:50:01,015 - WARNING - Could not find registration number for horse: dq-My Heart's On Fire
2025-12-16 08:50:01,543 - WARNING - Could not find registration number for horse: dq-Redd Dirt Runner
2025-12-16 08:50:01,815 - WARNING - Could not find registration number for horse: dq-Fire On Time
2025-12-16 08:50:02,142 - WARNING - Could not find registration number for horse: dq-Trs Justa Crazy Dale
2025-12-16 08:50:02,173 - WARNING - Could not find registration number for horse: dh-Demidanu
2025-12-16 08:50:02,221 - WARNING - Could not find registration number for horse: dq-Colonel Klink
2025-12-16 08:50:02,226 - WARNING - Could not find registration number for horse: dh-Girls in Charge
2025-12-16 08:50:02,531 - WARNING - Could not find registration number for horse: dq-Red Surprise
2025-12-16 08:50:02,644 - WARNING - Could not find registration number for horse: dq-Gal With Authority
2025-12-16 08:50:02,810 - WARNING - Could not find registration number for horse: dh-Presido Pete
2025-12-16 08:50:02,868 - WARNING - Could not find registration number for horse: dh-Relentless Fantsy
2025-12-16 08:50:03,171 - WARNING - Could not find registration number for horse: dh-Casanovas Racy Miss
2025-12-16 08:50:03,495 - WARNING - Could not find registration number for horse: dh-Ts Attack the End
2025-12-16 08:50:03,580 - WARNING - Could not find registration number for horse: dq-Hired Then Fired
2025-12-16 08:50:03,892 - WARNING - Could not find registration number for horse: dq-Racing the Rails
2025-12-16 08:50:04,509 - WARNING - Could not find registration number for horse: dq-Colonel Klink
2025-12-16 08:50:04,890 - WARNING - Could not find registration number for horse: dq-Jess a Rednec Cowboy
2025-12-16 08:50:05,010 - WARNING - Could not find registration number for horse: dq-Big Dreamer
2025-12-16 08:50:05,506 - WARNING - Could not find registration number for horse: dh-Big Boss Ben
2025-12-16 08:50:05,630 - WARNING - Could not find registration number for horse: dh-Mystery Man
2025-12-16 08:50:05,970 - WARNING - Could not find registration number for horse: dq-Cottonwood Blossom
2025-12-16 08:50:05,990 - WARNING - Could not find registration number for horse: dq-Whistler
2025-12-16 08:50:06,518 - WARNING - Could not find registration number for horse: dq-Kissed a Cadet
2025-12-16 08:50:06,535 - WARNING - Could not find registration number for horse: dh-Babys Time to Sing
2025-12-16 08:50:06,586 - WARNING - Could not find registration number for horse: dh-Last Sentence
2025-12-16 08:50:06,955 - WARNING - Could not find registration number for horse: dh-Dc One Sweet Lady
2025-12-16 08:50:07,139 - WARNING - Could not find registration number for horse: dh-Chicksfabulouscorona
2025-12-16 08:50:07,632 - INFO - Performing batch database update...
2025-12-16 08:50:07,712 - INFO - Updated 539 races with results
2025-12-16 08:50:07,886 - INFO - Updated 3290 entries with results
2025-12-16 08:50:08,062 - INFO - Inserted 2804 wagering records
2025-12-16 08:50:08,143 - INFO - Inserted 1431 fraction records
2025-12-16 08:50:09,055 - WARNING - Could not find registration number for horse: dq-Starship Rogue
2025-12-16 08:50:09,191 - WARNING - Could not find registration number for horse: dq-Big Beautiful Wall
2025-12-16 08:50:09,717 - WARNING - Could not find registration number for horse: dq-Fearless Fly
2025-12-16 08:50:09,780 - INFO - Inserted 24966 position call records
2025-12-16 08:50:10,168 - WARNING - Could not find registration number for horse: dq-La Regalada
2025-12-16 08:50:10,626 - WARNING - Could not find registration number for horse: dq-Wizard Serrat
2025-12-16 08:50:10,666 - INFO - Processed 3700 files. Race updates: 31372, Entry updates: 228673
2025-12-16 08:50:10,855 - WARNING - Could not find registration number for horse: dq-Logan's Runner
2025-12-16 08:50:10,945 - WARNING - Could not find registration number for horse: dq-Lucky as a Seven
2025-12-16 08:50:11,042 - WARNING - Could not find registration number for horse: dhdq-One in Vermillion
2025-12-16 08:50:11,406 - WARNING - Could not find registration number for horse: dh-How Did He Do That
2025-12-16 08:50:11,776 - WARNING - Could not find registration number for horse: dq-Smarty Pants Sandy
2025-12-16 08:50:12,093 - WARNING - Could not find registration number for horse: dq-Cinnamon Dream
2025-12-16 08:50:12,310 - WARNING - Could not find registration number for horse: dq-Passage of Lines
2025-12-16 08:50:12,424 - WARNING - Could not find registration number for horse: dq-Witty
2025-12-16 08:50:12,746 - WARNING - Could not find registration number for horse: dq-Satchel de Ritches
2025-12-16 08:50:13,206 - WARNING - Could not find registration number for horse: dq-Rockin Cowboy
2025-12-16 08:50:13,568 - WARNING - Could not find registration number for horse: dq-Diamond of Ekati
2025-12-16 08:50:13,905 - WARNING - Could not find registration number for horse: dq-Moon Dog
2025-12-16 08:50:14,498 - WARNING - Could not find registration number for horse: dq-Mr. Roundtree
2025-12-16 08:50:15,504 - WARNING - Could not find registration number for horse: dq-Petulant Delight
2025-12-16 08:50:15,670 - WARNING - Could not find registration number for horse: dq-Ifihadachance
2025-12-16 08:50:15,735 - WARNING - Could not find registration number for horse: dq-Ego Man
2025-12-16 08:50:15,802 - WARNING - Could not find registration number for horse: dq-Whyisshesoolucky
2025-12-16 08:50:15,851 - WARNING - Could not find registration number for horse: dh-Country Captain
2025-12-16 08:50:16,075 - WARNING - Could not find registration number for horse: dq-Afleet Diva
2025-12-16 08:50:16,314 - WARNING - Could not find registration number for horse: dq-It's Sizzling Time
2025-12-16 08:50:16,414 - WARNING - Could not find registration number for horse: dh-Double Dealer
2025-12-16 08:50:16,517 - WARNING - Could not find registration number for horse: dq-Cajun Cousin
2025-12-16 08:50:16,834 - WARNING - Could not find registration number for horse: dq-Mantaketheblesings
2025-12-16 08:50:17,076 - WARNING - Could not find registration number for horse: dq-Marvelousmoondance
2025-12-16 08:50:17,387 - WARNING - Could not find registration number for horse: dq-Matoula
2025-12-16 08:50:17,498 - INFO - Performing batch database update...
2025-12-16 08:50:17,589 - INFO - Updated 611 races with results
2025-12-16 08:50:17,844 - INFO - Updated 4653 entries with results
2025-12-16 08:50:17,925 - WARNING - Could not find registration number for horse: dh-Titanic Rose
2025-12-16 08:50:18,024 - WARNING - Could not find registration number for horse: dq-Classy American
2025-12-16 08:50:18,058 - INFO - Inserted 3130 wagering records
2025-12-16 08:50:18,188 - INFO - Inserted 2097 fraction records
2025-12-16 08:50:18,284 - WARNING - Could not find registration number for horse: dh-Kilimanjara
2025-12-16 08:50:18,488 - WARNING - Could not find registration number for horse: dq-Boca Royalty
2025-12-16 08:50:18,559 - WARNING - Could not find registration number for horse: dq-Texas Basin
2025-12-16 08:50:18,664 - WARNING - Could not find registration number for horse: dq-It's a Pity
2025-12-16 08:50:19,269 - WARNING - Could not find registration number for horse: dq-Navy Rules
2025-12-16 08:50:19,736 - WARNING - Could not find registration number for horse: dq-Fast Bob
2025-12-16 08:50:19,890 - INFO - Inserted 28734 position call records
2025-12-16 08:50:19,947 - WARNING - Could not find registration number for horse: dq-Big City Bob
2025-12-16 08:50:20,748 - WARNING - Could not find registration number for horse: dq-Jewels in the Bay
2025-12-16 08:50:21,629 - WARNING - Could not find registration number for horse: dq-Cajun Cousin
2025-12-16 08:50:21,779 - WARNING - Could not find registration number for horse: dh-Bahama Pearl
2025-12-16 08:50:21,843 - WARNING - Could not find registration number for horse: dh-Knock Out Kid
2025-12-16 08:50:21,939 - WARNING - Could not find registration number for horse: dq-Takemetothemoon
2025-12-16 08:50:22,083 - WARNING - Could not find registration number for horse: dq-Louella Street
2025-12-16 08:50:22,726 - WARNING - Could not find registration number for horse: dq-My Hunny Bunny
2025-12-16 08:50:22,903 - WARNING - Could not find registration number for horse: dq-Nuedorf
2025-12-16 08:50:22,969 - WARNING - Could not find registration number for horse: dh-Private Cabana
2025-12-16 08:50:22,972 - WARNING - Could not find registration number for horse: dq-Just Jeremy
2025-12-16 08:50:23,103 - WARNING - Could not find registration number for horse: dh-Viral Video
2025-12-16 08:50:23,234 - WARNING - Could not find registration number for horse: dh-Whoosh
2025-12-16 08:50:23,356 - WARNING - Could not find registration number for horse: dh-Separate Ways
2025-12-16 08:50:23,979 - WARNING - Could not find registration number for horse: dq-Finally Captured
2025-12-16 08:50:24,399 - WARNING - Could not find registration number for horse: dq-Road Call
2025-12-16 08:50:24,981 - WARNING - Could not find registration number for horse: dq-Polar Wind
2025-12-16 08:50:25,239 - INFO - Processed 3800 files. Race updates: 32387, Entry updates: 235903
2025-12-16 08:50:25,408 - WARNING - Could not find registration number for horse: dq-Rerally
2025-12-16 08:50:27,030 - WARNING - Could not find registration number for horse: dh-Mischievous Jones
2025-12-16 08:50:27,224 - WARNING - Could not find registration number for horse: dh-Rudy Rod
2025-12-16 08:50:27,454 - INFO - Performing batch database update...
2025-12-16 08:50:27,537 - WARNING - Could not find registration number for horse: dq-Incomparable
2025-12-16 08:50:27,542 - INFO - Updated 546 races with results
2025-12-16 08:50:27,610 - WARNING - Could not find registration number for horse: dh-Ira the Icon
2025-12-16 08:50:27,672 - WARNING - Could not find registration number for horse: dh-Zoppi Fischbein
2025-12-16 08:50:27,781 - INFO - Updated 4080 entries with results
2025-12-16 08:50:27,842 - WARNING - Could not find registration number for horse: dq-Burn the Evidence
2025-12-16 08:50:27,989 - INFO - Inserted 2900 wagering records
2025-12-16 08:50:28,014 - WARNING - Could not find registration number for horse: dh-Smooth B
2025-12-16 08:50:28,104 - INFO - Inserted 1844 fraction records
2025-12-16 08:50:28,158 - WARNING - Could not find registration number for horse: dh-Baafeed
2025-12-16 08:50:28,907 - WARNING - Could not find registration number for horse: dq-Surviving the Storm
2025-12-16 08:50:29,013 - WARNING - Could not find registration number for horse: dhdq-Secret Shaker
2025-12-16 08:50:29,206 - WARNING - Could not find registration number for horse: dh-Jd Kandy Krush
2025-12-16 08:50:29,768 - WARNING - Could not find registration number for horse: dq-Vp Savvy Chick
2025-12-16 08:50:30,036 - INFO - Inserted 28548 position call records
2025-12-16 08:50:30,227 - WARNING - Could not find registration number for horse: dh-Gigi Gets Half
2025-12-16 08:50:30,289 - WARNING - Could not find registration number for horse: dh-Goodtime in Texas
2025-12-16 08:50:30,588 - WARNING - Could not find registration number for horse: dq-AA SWEET VICTORY
2025-12-16 08:50:30,668 - WARNING - Could not find registration number for horse: dq-Dancers Pass
2025-12-16 08:50:30,674 - WARNING - Could not find registration number for horse: dq-Rebs a Streakin
2025-12-16 08:50:30,707 - WARNING - Could not find registration number for horse: dh-Max in Heavenly
2025-12-16 08:50:30,845 - WARNING - Could not find registration number for horse: dh-Jr Mitey Effort
2025-12-16 08:50:31,009 - WARNING - Could not find registration number for horse: dh-Kiss Me Pretty Perry
2025-12-16 08:50:31,115 - WARNING - Could not find registration number for horse: dh-Wuhan Madness
2025-12-16 08:50:31,203 - WARNING - Could not find registration number for horse: dh-Wagons of Kool
2025-12-16 08:50:31,330 - WARNING - Could not find registration number for horse: dh-Crb Beast
2025-12-16 08:50:31,360 - WARNING - Could not find registration number for horse: dq-The Rev Rocker
2025-12-16 08:50:31,412 - WARNING - Could not find registration number for horse: dh-Zooming for Muddy
2025-12-16 08:50:31,751 - WARNING - Could not find registration number for horse: dh-El Dashingseparatist
2025-12-16 08:50:31,816 - WARNING - Could not find registration number for horse: Its Too Late Now
2025-12-16 08:50:31,871 - WARNING - Could not find registration number for horse: dh-Steel Blood
2025-12-16 08:50:31,886 - WARNING - Could not find registration number for horse: dq-Flamingo
2025-12-16 08:50:31,886 - WARNING - Could not find registration number for horse: dq-Grand Hercules
2025-12-16 08:50:31,891 - WARNING - Could not find registration number for horse: dh-Superieur B
2025-12-16 08:50:31,897 - WARNING - Could not find registration number for horse: dq-Em Real Bad Jetsie
2025-12-16 08:50:31,981 - WARNING - Could not find registration number for horse: dq-Classic California
2025-12-16 08:50:31,999 - WARNING - Could not find registration number for horse: dh-Twister First Digger
2025-12-16 08:50:32,070 - WARNING - Could not find registration number for horse: dh-Do Reckless Train
2025-12-16 08:50:32,118 - WARNING - Could not find registration number for horse: dh-Lota Git It
2025-12-16 08:50:32,120 - WARNING - Could not find registration number for horse: dq-Sapphire Boots
2025-12-16 08:50:32,169 - WARNING - Could not find registration number for horse: dq-Dashing Courage
2025-12-16 08:50:32,173 - WARNING - Could not find registration number for horse: dh-Mo Delirio
2025-12-16 08:50:32,180 - WARNING - Could not find registration number for horse: dh-Jess Grand Going
2025-12-16 08:50:32,239 - WARNING - Could not find registration number for horse: dh-Rb American Patriot
2025-12-16 08:50:32,239 - WARNING - Could not find registration number for horse: dh-Lucky Larry
2025-12-16 08:50:32,247 - WARNING - Could not find registration number for horse: dh-Pepsi Chick
2025-12-16 08:50:32,259 - WARNING - Could not find registration number for horse: dh-Chapmann
2025-12-16 08:50:32,296 - WARNING - Could not find registration number for horse: dh-Diva Stone Fdd
2025-12-16 08:50:32,409 - WARNING - Could not find registration number for horse: dq-Kiss My Hat
2025-12-16 08:50:32,711 - WARNING - Could not find registration number for horse: dq-Chilitas
2025-12-16 08:50:32,747 - WARNING - Could not find registration number for horse: dh-This Eagle Bites
2025-12-16 08:50:32,809 - WARNING - Could not find registration number for horse: dh-Sagans Star
2025-12-16 08:50:32,962 - WARNING - Could not find registration number for horse: dh-Favorite Jess
2025-12-16 08:50:33,042 - WARNING - Could not find registration number for horse: dh-Freighttrainacumin
2025-12-16 08:50:33,053 - WARNING - Could not find registration number for horse: dq-El Coronita Cartel
2025-12-16 08:50:33,103 - WARNING - Could not find registration number for horse: dh-Formula Won
2025-12-16 08:50:33,106 - WARNING - Could not find registration number for horse: dq-Copper Pipes
2025-12-16 08:50:33,148 - WARNING - Could not find registration number for horse: dh-Elninodeorodepenasco
2025-12-16 08:50:33,217 - WARNING - Could not find registration number for horse: dq-Lucky Flush
2025-12-16 08:50:33,234 - WARNING - Could not find registration number for horse: dh-One Mystery Lover V
2025-12-16 08:50:33,281 - WARNING - Could not find registration number for horse: dq-Americas Icon
2025-12-16 08:50:33,397 - WARNING - Could not find registration number for horse: dq-Chilitas
2025-12-16 08:50:33,720 - WARNING - Could not find registration number for horse: dq-Lota Likes
2025-12-16 08:50:33,734 - WARNING - Could not find registration number for horse: dq-Texan Corvette
2025-12-16 08:50:33,781 - WARNING - Could not find registration number for horse: dh-Toretto
2025-12-16 08:50:33,852 - WARNING - Could not find registration number for horse: dq-Daddys Velvet Cartel
2025-12-16 08:50:34,073 - WARNING - Could not find registration number for horse: dh-Ladys Charm Dynasty
2025-12-16 08:50:34,129 - WARNING - Could not find registration number for horse: dh-Ladie Luck
2025-12-16 08:50:34,134 - WARNING - Could not find registration number for horse: dh-Cj Classy Sassy Chic
2025-12-16 08:50:34,223 - WARNING - Could not find registration number for horse: dh-Bp Coronas
2025-12-16 08:50:34,291 - WARNING - Could not find registration number for horse: dq-Gonnabefirst
2025-12-16 08:50:34,348 - WARNING - Could not find registration number for horse: dq-Hit and Run
2025-12-16 08:50:34,358 - WARNING - Could not find registration number for horse: dq-Mountain Pass
2025-12-16 08:50:34,393 - WARNING - Could not find registration number for horse: dq-La Chicalinda
2025-12-16 08:50:34,423 - WARNING - Could not find registration number for horse: dq-Jingle and Go
2025-12-16 08:50:34,440 - WARNING - Could not find registration number for horse: dq-Kas Pecosa
2025-12-16 08:50:34,481 - WARNING - Could not find registration number for horse: dh-Jmg Apollitical Capo
2025-12-16 08:50:34,539 - WARNING - Could not find registration number for horse: dh-Jb Shiner Bok
2025-12-16 08:50:34,647 - WARNING - Could not find registration number for horse: dq-Jesstuffeyed Billy
2025-12-16 08:50:34,682 - WARNING - Could not find registration number for horse: dh-Stel Best Chance
2025-12-16 08:50:34,743 - WARNING - Could not find registration number for horse: dq-Lethal Fast Cash
2025-12-16 08:50:34,758 - WARNING - Could not find registration number for horse: dq-Grand Hercules
2025-12-16 08:50:34,758 - WARNING - Could not find registration number for horse: dh-Hc La Negrita
2025-12-16 08:50:34,801 - WARNING - Could not find registration number for horse: dh-Jess Packn Heat
2025-12-16 08:50:34,928 - WARNING - Could not find registration number for horse: dh-Jr the Famous Eagle
2025-12-16 08:50:34,944 - WARNING - Could not find registration number for horse: dq-Copper Pipes
2025-12-16 08:50:34,947 - WARNING - Could not find registration number for horse: dh-Yiayia
2025-12-16 08:50:34,986 - WARNING - Could not find registration number for horse: dq-Ottyes Royal
2025-12-16 08:50:34,993 - WARNING - Could not find registration number for horse: dh-Southern Tic Tac
2025-12-16 08:50:35,085 - WARNING - Could not find registration number for horse: dq-Talented Man
2025-12-16 08:50:35,155 - WARNING - Could not find registration number for horse: dq-Gato Siciliano
2025-12-16 08:50:35,156 - WARNING - Could not find registration number for horse: dh-Hc Feliz Navidad
2025-12-16 08:50:35,240 - WARNING - Could not find registration number for horse: dq-Bronx Tale
2025-12-16 08:50:35,395 - WARNING - Could not find registration number for horse: dq-Nobby Walsh
2025-12-16 08:50:35,453 - WARNING - Could not find registration number for horse: dh-Hitting the Ivory
2025-12-16 08:50:35,628 - WARNING - Could not find registration number for horse: dq-Dakota Gurl
2025-12-16 08:50:35,702 - WARNING - Could not find registration number for horse: dh-Moonflasheagle
2025-12-16 08:50:35,894 - WARNING - Could not find registration number for horse: dq-Walstreet Trader
2025-12-16 08:50:35,980 - WARNING - Could not find registration number for horse: dh-Shine On Fortuna
2025-12-16 08:50:36,021 - WARNING - Could not find registration number for horse: dh-K W
2025-12-16 08:50:36,516 - WARNING - Could not find registration number for horse: dh-Wagon Boss
2025-12-16 08:50:37,112 - WARNING - Could not find registration number for horse: dh-Hesa Party Wagon
2025-12-16 08:50:37,207 - WARNING - Could not find registration number for horse: dh-Watch Out
2025-12-16 08:50:37,815 - WARNING - Could not find registration number for horse: dh-Pyc Jess for Fun
2025-12-16 08:50:37,833 - WARNING - Could not find registration number for horse: dh-Wagon Dancer
2025-12-16 08:50:37,874 - WARNING - Could not find registration number for horse: dh-Sickem
2025-12-16 08:50:37,922 - WARNING - Could not find registration number for horse: dh-Big City Bane
2025-12-16 08:50:38,131 - WARNING - Could not find registration number for horse: dh-Sheza Big Diva
2025-12-16 08:50:38,282 - WARNING - Could not find registration number for horse: dh-Texas Long Bow
2025-12-16 08:50:38,529 - WARNING - Could not find registration number for horse: dq-Ring Tailed Tooter
2025-12-16 08:50:38,597 - WARNING - Could not find registration number for horse: dh-Ms Eye Opener
2025-12-16 08:50:38,653 - WARNING - Could not find registration number for horse: dh-Blu Jean Blues
2025-12-16 08:50:38,937 - WARNING - Could not find registration number for horse: dh-Waving Her Corona
2025-12-16 08:50:39,054 - WARNING - Could not find registration number for horse: dh-Oceans 13
2025-12-16 08:50:39,090 - WARNING - Could not find registration number for horse: dh-Quick Mary Be Famous
2025-12-16 08:50:39,200 - INFO - Performing batch database update...
2025-12-16 08:50:39,295 - WARNING - Could not find registration number for horse: dh-Apollitical War
2025-12-16 08:50:39,334 - INFO - Updated 588 races with results
2025-12-16 08:50:39,613 - WARNING - Could not find registration number for horse: dh-Jlc Run Bubba Run
2025-12-16 08:50:39,626 - WARNING - Could not find registration number for horse: dh-Perazzzi
2025-12-16 08:50:39,650 - WARNING - Could not find registration number for horse: dh-Firstly
2025-12-16 08:50:39,660 - WARNING - Could not find registration number for horse: dh-Ls Jacks Back
2025-12-16 08:50:39,660 - WARNING - Could not find registration number for horse: dh-Rip Wheeler
2025-12-16 08:50:39,739 - WARNING - Could not find registration number for horse: dh-Shazoom On the Wagon
2025-12-16 08:50:39,764 - INFO - Updated 4182 entries with results
2025-12-16 08:50:39,765 - WARNING - Could not find registration number for horse: dh-Sensational Courage
2025-12-16 08:50:39,783 - WARNING - Could not find registration number for horse: dh-R Allie Kat
2025-12-16 08:50:39,837 - WARNING - Could not find registration number for horse: dh-Capsure the Magic
2025-12-16 08:50:39,926 - INFO - Inserted 2825 wagering records
2025-12-16 08:50:39,927 - INFO - Inserted 17 fraction records
2025-12-16 08:50:39,963 - WARNING - Could not find registration number for horse: 00500
2025-12-16 08:50:39,972 - WARNING - Could not find registration number for horse: Little Dolls Party
2025-12-16 08:50:40,160 - WARNING - Could not find registration number for horse: dh-Seperate Lyft
2025-12-16 08:50:40,194 - WARNING - Could not find registration number for horse: dh-Jessies Hero
2025-12-16 08:50:40,285 - WARNING - Could not find registration number for horse: dh-Designated Eagle
2025-12-16 08:50:40,314 - WARNING - Could not find registration number for horse: dh-Kallimani
2025-12-16 08:50:40,418 - WARNING - Could not find registration number for horse: dh-Howthestorygoes
2025-12-16 08:50:40,489 - WARNING - Could not find registration number for horse: dh-Peves Big Hoss
2025-12-16 08:50:40,527 - WARNING - Could not find registration number for horse: dh-Southern Swagger
2025-12-16 08:50:40,578 - WARNING - Could not find registration number for horse: dh-Country Boy Floyd
2025-12-16 08:50:40,596 - WARNING - Could not find registration number for horse: Little Dolls Party
2025-12-16 08:50:40,617 - WARNING - Could not find registration number for horse: dh-Duanes Howd Id Do
2025-12-16 08:50:40,651 - WARNING - Could not find registration number for horse: Its Too Late Now
2025-12-16 08:50:41,223 - WARNING - Could not find registration number for horse: dh-Cato Fong
2025-12-16 08:50:41,267 - INFO - Processed 3900 files. Race updates: 33359, Entry updates: 243327
2025-12-16 08:50:41,332 - WARNING - Could not find registration number for horse: dq-Thrill and Fury
2025-12-16 08:50:41,358 - WARNING - Could not find registration number for horse: dh-Shaydom
2025-12-16 08:50:41,525 - WARNING - Could not find registration number for horse: dq-Five Bar Lady
2025-12-16 08:50:41,651 - WARNING - Could not find registration number for horse: dh-Midnight Ryde
2025-12-16 08:50:41,725 - WARNING - Could not find registration number for horse: dh-Sausalito 100
2025-12-16 08:50:41,844 - INFO - Inserted 32790 position call records
2025-12-16 08:50:42,081 - WARNING - Could not find registration number for horse: dh-Favorite Movie
2025-12-16 08:50:42,120 - WARNING - Could not find registration number for horse: dh-Shes Reagle
2025-12-16 08:50:42,345 - WARNING - Could not find registration number for horse: dh-Ginger Browne
2025-12-16 08:50:42,829 - WARNING - Could not find registration number for horse: dh-Jess Right Now
2025-12-16 08:50:42,886 - WARNING - Could not find registration number for horse: dh-Jess Desert Rose
2025-12-16 08:50:43,107 - WARNING - Could not find registration number for horse: dh-The Osc Jefa
2025-12-16 08:50:43,238 - WARNING - Could not find registration number for horse: dh-A Political Eye
2025-12-16 08:50:43,352 - WARNING - Could not find registration number for horse: dh-Jess a Livewire
2025-12-16 08:50:43,663 - WARNING - Could not find registration number for horse: dh-Jessa Beast
2025-12-16 08:50:43,717 - WARNING - Could not find registration number for horse: dh-Acapulco Bay
2025-12-16 08:50:43,878 - WARNING - Could not find registration number for horse: dh-Angel 937
2025-12-16 08:50:43,969 - WARNING - Could not find registration number for horse: dh-Lethal Beast
2025-12-16 08:50:44,010 - WARNING - Could not find registration number for horse: dh-Jl Apollitical Miss
2025-12-16 08:50:44,073 - WARNING - Could not find registration number for horse: dh-Ace Hygh
2025-12-16 08:50:44,378 - WARNING - Could not find registration number for horse: dh-Inocent Bystander
2025-12-16 08:50:44,499 - WARNING - Could not find registration number for horse: Little Dolls Party
2025-12-16 08:50:44,765 - WARNING - Could not find registration number for horse: dh-Tres Seis 727
2025-12-16 08:50:45,561 - WARNING - Could not find registration number for horse: dh-Mega Bond
2025-12-16 08:50:45,594 - WARNING - Could not find registration number for horse: dh-Partylikearocstar
2025-12-16 08:50:45,653 - WARNING - Could not find registration number for horse: dh-Dashin Lewee
2025-12-16 08:50:45,673 - WARNING - Could not find registration number for horse: dh-Just Chillin
2025-12-16 08:50:45,704 - WARNING - Could not find registration number for horse: dh-Relentless Legacy
2025-12-16 08:50:45,828 - WARNING - Could not find registration number for horse: dh-Jc Wild Queen
2025-12-16 08:50:45,978 - WARNING - Could not find registration number for horse: dh-Deesdrinking Doubles
2025-12-16 08:50:46,181 - WARNING - Could not find registration number for horse: dh-Misstic Coronita
2025-12-16 08:50:46,247 - WARNING - Could not find registration number for horse: dh-One Handsome Jess V
2025-12-16 08:50:47,356 - WARNING - Could not find registration number for horse: dh-Miss Dashing Streak
2025-12-16 08:50:47,479 - WARNING - Could not find registration number for horse: dh-Miss Triana
2025-12-16 08:50:47,711 - WARNING - Could not find registration number for horse: dq-Kentucky Dawn
2025-12-16 08:50:48,524 - WARNING - Could not find registration number for horse: dq-Saturday's Gold
2025-12-16 08:50:48,682 - WARNING - Could not find registration number for horse: dh-Essential Kiss
2025-12-16 08:50:48,766 - WARNING - Could not find registration number for horse: dq-Twentyone N Change
2025-12-16 08:50:48,775 - WARNING - Could not find registration number for horse: dh-Just Ask Watts
2025-12-16 08:50:48,829 - WARNING - Could not find registration number for horse: dq-Connors Outlaw
2025-12-16 08:50:48,907 - WARNING - Could not find registration number for horse: dh-Toro Santo
2025-12-16 08:50:49,171 - WARNING - Could not find registration number for horse: dh-Jazzy Lassie
2025-12-16 08:50:49,681 - WARNING - Could not find registration number for horse: dh-Claudette Heir
2025-12-16 08:50:49,933 - WARNING - Could not find registration number for horse: dh-Da Solitario
2025-12-16 08:50:49,939 - WARNING - Could not find registration number for horse: dh-Sword of Gold
2025-12-16 08:50:50,009 - WARNING - Could not find registration number for horse: dh-Promise Code
2025-12-16 08:50:50,016 - WARNING - Could not find registration number for horse: dh-Cletajean
2025-12-16 08:50:50,111 - WARNING - Could not find registration number for horse: dh-Lake Bee
2025-12-16 08:50:50,675 - WARNING - Could not find registration number for horse: 00500
2025-12-16 08:50:50,767 - WARNING - Could not find registration number for horse: dh-Rosy Edge
2025-12-16 08:50:50,794 - WARNING - Could not find registration number for horse: dh-Laridae
2025-12-16 08:50:50,880 - WARNING - Could not find registration number for horse: dh-Sure Shot Shelly
2025-12-16 08:50:50,913 - WARNING - Could not find registration number for horse: dh-Hopgun
2025-12-16 08:50:51,172 - WARNING - Could not find registration number for horse: dh-Sinnin N Grinnin
2025-12-16 08:50:51,390 - WARNING - Could not find registration number for horse: dh-Ragan's Jet
2025-12-16 08:50:52,917 - WARNING - Could not find registration number for horse: dh-Franz
2025-12-16 08:50:53,046 - WARNING - Could not find registration number for horse: dh-Tater
2025-12-16 08:50:53,567 - WARNING - Could not find registration number for horse: dh-Fearless Prince
2025-12-16 08:50:53,633 - WARNING - Could not find registration number for horse: dh-Punch Em
2025-12-16 08:50:53,700 - WARNING - Could not find registration number for horse: dq-Poseidons Wave
2025-12-16 08:50:53,745 - WARNING - Could not find registration number for horse: dh-Sea Level
2025-12-16 08:50:53,821 - WARNING - Could not find registration number for horse: dh-Triple L's Cutter
2025-12-16 08:50:54,028 - WARNING - Could not find registration number for horse: dh-Lawless Wallace
2025-12-16 08:50:54,154 - WARNING - Could not find registration number for horse: dh-Lethal Viking
2025-12-16 08:50:54,329 - WARNING - Could not find registration number for horse: dh-Over Da Edge
2025-12-16 08:50:54,444 - WARNING - Could not find registration number for horse: dh-Kinda Temted Z
2025-12-16 08:50:54,449 - WARNING - Could not find registration number for horse: dh-Black Jack Patriot
2025-12-16 08:50:54,743 - WARNING - Could not find registration number for horse: dh-Roar Like a Lion
2025-12-16 08:50:55,239 - WARNING - Could not find registration number for horse: dh-Prince of Earl
2025-12-16 08:50:55,296 - WARNING - Could not find registration number for horse: dh-Slick Country Boy
2025-12-16 08:50:55,507 - WARNING - Could not find registration number for horse: dh-Stone Cold Leader
2025-12-16 08:50:55,913 - WARNING - Could not find registration number for horse: dq-Social Club
2025-12-16 08:50:56,384 - WARNING - Could not find registration number for horse: dh-Just a Kool Boy
2025-12-16 08:50:56,851 - WARNING - Could not find registration number for horse: dh-New Cut Road
2025-12-16 08:50:56,965 - WARNING - Could not find registration number for horse: dh-Wealth N Health
2025-12-16 08:50:57,506 - INFO - Processed 4000 files. Race updates: 34358, Entry updates: 251522
2025-12-16 08:50:57,589 - WARNING - Could not find registration number for horse: dq-Drinkroundthetruth
2025-12-16 08:50:57,944 - WARNING - Could not find registration number for horse: dh-Dankeshayne
2025-12-16 08:50:58,065 - WARNING - Could not find registration number for horse: dh-The Rite One
2025-12-16 08:50:58,141 - WARNING - Could not find registration number for horse: dh-Town Peak Senator
2025-12-16 08:50:58,296 - WARNING - Could not find registration number for horse: dh-Seza Bold Jesse
2025-12-16 08:50:58,391 - WARNING - Could not find registration number for horse: dh-Bv Higher Power
2025-12-16 08:50:58,412 - WARNING - Could not find registration number for horse: dh-Money Flashin
2025-12-16 08:50:58,470 - WARNING - Could not find registration number for horse: dq-Apollitical Wzy
2025-12-16 08:50:58,527 - WARNING - Could not find registration number for horse: dq-El Diamante Pa
2025-12-16 08:50:58,638 - WARNING - Could not find registration number for horse: dh-Sheza Fastone Rb
2025-12-16 08:50:58,826 - WARNING - Could not find registration number for horse: dq-Hs Hawk
2025-12-16 08:50:58,879 - WARNING - Could not find registration number for horse: dh-Wr Ruby Red Rose
2025-12-16 08:50:59,163 - WARNING - Could not find registration number for horse: dh-Ap Scout
2025-12-16 08:50:59,403 - WARNING - Could not find registration number for horse: dh-Politics Gone Wild
2025-12-16 08:50:59,728 - INFO - Performing batch database update...
2025-12-16 08:50:59,813 - WARNING - Could not find registration number for horse: dq-Wasting Light
2025-12-16 08:50:59,840 - INFO - Updated 1026 races with results
2025-12-16 08:50:59,842 - WARNING - Could not find registration number for horse: dq-Mimis Delight
2025-12-16 08:51:00,070 - WARNING - Could not find registration number for horse: dq-Tee Roy
2025-12-16 08:51:00,132 - WARNING - Could not find registration number for horse: dq-White Lightenin
2025-12-16 08:51:00,201 - WARNING - Could not find registration number for horse: dh-Apollitical Boogie J
2025-12-16 08:51:00,391 - INFO - Updated 8760 entries with results
2025-12-16 08:51:00,494 - WARNING - Could not find registration number for horse: dh-Flyn Eyes
2025-12-16 08:51:00,659 - INFO - Inserted 4351 wagering records
2025-12-16 08:51:00,709 - WARNING - Could not find registration number for horse: dq-Hesa Gamer
2025-12-16 08:51:00,780 - INFO - Inserted 2290 fraction records
2025-12-16 08:51:00,914 - WARNING - Could not find registration number for horse: dh-Rock a Jess V
2025-12-16 08:51:00,962 - WARNING - Could not find registration number for horse: dh-Ma Classy Queen
2025-12-16 08:51:00,997 - WARNING - Could not find registration number for horse: dq-Cartel N Sass
2025-12-16 08:51:01,354 - WARNING - Could not find registration number for horse: dh-Jess Good Wine
2025-12-16 08:51:01,403 - WARNING - Could not find registration number for horse: dq-Princess Celina
2025-12-16 08:51:01,426 - WARNING - Could not find registration number for horse: dh-Jess Sweet Intention
2025-12-16 08:51:01,639 - WARNING - Could not find registration number for horse: dq-Aj Lucky Winner
2025-12-16 08:51:01,642 - WARNING - Could not find registration number for horse: dq-Sandy Rose
2025-12-16 08:51:01,656 - WARNING - Could not find registration number for horse: Just One Too Many
2025-12-16 08:51:02,132 - WARNING - Could not find registration number for horse: dq-Baylor
2025-12-16 08:51:02,169 - WARNING - Could not find registration number for horse: dq-Six Pack Royal
2025-12-16 08:51:02,398 - WARNING - Could not find registration number for horse: dh-A S Cartel Kat
2025-12-16 08:51:02,414 - WARNING - Could not find registration number for horse: dq-Spiritual Advisor
2025-12-16 08:51:02,416 - WARNING - Could not find registration number for horse: dq-Zero Zero Siete
2025-12-16 08:51:02,443 - WARNING - Could not find registration number for horse: dq-Sting Cartel V
2025-12-16 08:51:02,468 - WARNING - Could not find registration number for horse: dh-One Famous Trick
2025-12-16 08:51:02,797 - WARNING - Could not find registration number for horse: dq-Jess One Hot Chick
2025-12-16 08:51:02,934 - WARNING - Could not find registration number for horse: Just One Too Many
2025-12-16 08:51:03,143 - WARNING - Could not find registration number for horse: dq-Gabriel
2025-12-16 08:51:03,154 - WARNING - Could not find registration number for horse: dh-Sassin Fire
2025-12-16 08:51:03,247 - WARNING - Could not find registration number for horse: dh-Go Diego
2025-12-16 08:51:03,369 - WARNING - Could not find registration number for horse: dh-Jess for Your Lady
2025-12-16 08:51:03,398 - WARNING - Could not find registration number for horse: dh-Escape Room
2025-12-16 08:51:03,424 - WARNING - Could not find registration number for horse: dq-Fly On Down
2025-12-16 08:51:03,447 - WARNING - Could not find registration number for horse: dh-Really Big News
2025-12-16 08:51:03,447 - WARNING - Could not find registration number for horse: dq-Rb Legacy
2025-12-16 08:51:03,457 - WARNING - Could not find registration number for horse: dh-Warm Red Wine
2025-12-16 08:51:03,477 - WARNING - Could not find registration number for horse: dq-Eyeonagoodtime
2025-12-16 08:51:03,630 - WARNING - Could not find registration number for horse: dh-Im No Lawyer Butt
2025-12-16 08:51:03,685 - WARNING - Could not find registration number for horse: dh-Wyfire
2025-12-16 08:51:03,685 - WARNING - Could not find registration number for horse: dq-Ace Hygh
2025-12-16 08:51:03,709 - WARNING - Could not find registration number for horse: dh-Ride Around
2025-12-16 08:51:03,770 - WARNING - Could not find registration number for horse: dh-The Springs
2025-12-16 08:51:03,841 - WARNING - Could not find registration number for horse: dq-Six Feet
2025-12-16 08:51:04,056 - WARNING - Could not find registration number for horse: dq-Drinkroundthetruth
2025-12-16 08:51:04,404 - WARNING - Could not find registration number for horse: dh-Cant Pass This One
2025-12-16 08:51:04,608 - INFO - Inserted 64338 position call records
2025-12-16 08:51:04,700 - WARNING - Could not find registration number for horse: dh-Top Cowboy
2025-12-16 08:51:04,769 - WARNING - Could not find registration number for horse: dq-El Quemadito
2025-12-16 08:51:04,876 - WARNING - Could not find registration number for horse: dh-Relentless Eagle
2025-12-16 08:51:04,916 - WARNING - Could not find registration number for horse: dq-I Get Stormed
2025-12-16 08:51:05,049 - WARNING - Could not find registration number for horse: dh-Its a Ruidoso Weddin
2025-12-16 08:51:05,843 - WARNING - Could not find registration number for horse: dq-Abstract Lilly
2025-12-16 08:51:05,950 - WARNING - Could not find registration number for horse: dq-Hope Hes Special
2025-12-16 08:51:06,212 - WARNING - Could not find registration number for horse: dh-Favorite Valentine Z
2025-12-16 08:51:06,442 - WARNING - Could not find registration number for horse: dh-Pitchins Favorite
2025-12-16 08:51:06,911 - WARNING - Could not find registration number for horse: dh-Holy Bullet
2025-12-16 08:51:07,733 - WARNING - Could not find registration number for horse: dh-Sports Idol
2025-12-16 08:51:08,275 - WARNING - Could not find registration number for horse: dh-Quagmire Magic
2025-12-16 08:51:08,522 - WARNING - Could not find registration number for horse: dh-Rexford
2025-12-16 08:51:09,456 - WARNING - Could not find registration number for horse: dq-Al Siete D Copas
2025-12-16 08:51:09,535 - WARNING - Could not find registration number for horse: dh-A Scooter With Sisu
2025-12-16 08:51:09,780 - WARNING - Could not find registration number for horse: dh-Two Seven
2025-12-16 08:51:09,936 - WARNING - Could not find registration number for horse: dh-Bp Down to Policies
2025-12-16 08:51:09,952 - WARNING - Could not find registration number for horse: dh-Beaux Dashes
2025-12-16 08:51:10,226 - WARNING - Could not find registration number for horse: dh-Kung Fu King
2025-12-16 08:51:10,387 - WARNING - Could not find registration number for horse: dh-Maudest Moonflash
2025-12-16 08:51:11,848 - WARNING - Could not find registration number for horse: dq-Bella Renella
2025-12-16 08:51:11,850 - WARNING - Could not find registration number for horse: dq-Anmer Hall
2025-12-16 08:51:12,084 - WARNING - Could not find registration number for horse: dq-Band of Glory
2025-12-16 08:51:12,379 - WARNING - Could not find registration number for horse: dq-Vegan
2025-12-16 08:51:13,059 - WARNING - Could not find registration number for horse: dq-Ice Queen
2025-12-16 08:51:13,225 - WARNING - Could not find registration number for horse: dq-Big Splash
2025-12-16 08:51:13,481 - WARNING - Could not find registration number for horse: dq-Warrior's Moon
2025-12-16 08:51:13,496 - WARNING - Could not find registration number for horse: dh-Brigid Thornton
2025-12-16 08:51:13,670 - WARNING - Could not find registration number for horse: dh-Madiha
2025-12-16 08:51:13,696 - WARNING - Could not find registration number for horse: dh-Cowboy Coach
2025-12-16 08:51:13,713 - WARNING - Could not find registration number for horse: dq-Forgiving Spirit
2025-12-16 08:51:13,717 - INFO - Processed 4100 files. Race updates: 35366, Entry updates: 259508
2025-12-16 08:51:13,891 - WARNING - Could not find registration number for horse: dq-Giver Not a Taker
2025-12-16 08:51:13,956 - WARNING - Could not find registration number for horse: dq-Crew Dragon
2025-12-16 08:51:13,981 - WARNING - Could not find registration number for horse: dh-Sunshine Babe
2025-12-16 08:51:14,148 - WARNING - Could not find registration number for horse: dq-Lucky for You
2025-12-16 08:51:14,149 - WARNING - Could not find registration number for horse: dq-Sea of Cortez (IRE)
2025-12-16 08:51:14,336 - WARNING - Could not find registration number for horse: dq-Nineeleventurbo
2025-12-16 08:51:14,503 - WARNING - Could not find registration number for horse: dq-Who U Daddy
2025-12-16 08:51:14,620 - WARNING - Could not find registration number for horse: dh-Calm Sea
2025-12-16 08:51:14,729 - WARNING - Could not find registration number for horse: dh-Hula Candy
2025-12-16 08:51:15,151 - WARNING - Could not find registration number for horse: dq-Flatterwithjewels
2025-12-16 08:51:15,673 - WARNING - Could not find registration number for horse: dq-Impec (IRE)
2025-12-16 08:51:15,819 - WARNING - Could not find registration number for horse: dq-Bella Renella
2025-12-16 08:51:16,024 - WARNING - Could not find registration number for horse: dq-Gypsy King
2025-12-16 08:51:16,050 - WARNING - Could not find registration number for horse: dq-Circle of Trust
2025-12-16 08:51:16,412 - WARNING - Could not find registration number for horse: dh-One Fast Game
2025-12-16 08:51:16,707 - WARNING - Could not find registration number for horse: dq-The Giants Candy
2025-12-16 08:51:16,816 - WARNING - Could not find registration number for horse: dh-Three Times a Lady
2025-12-16 08:51:16,821 - WARNING - Could not find registration number for horse: dq-Vegas Burner
2025-12-16 08:51:16,968 - WARNING - Could not find registration number for horse: dq-Kitzkaty
2025-12-16 08:51:17,048 - WARNING - Could not find registration number for horse: dh-One Valiant Love
2025-12-16 08:51:17,499 - WARNING - Could not find registration number for horse: dh-Trane Station V
2025-12-16 08:51:17,751 - WARNING - Could not find registration number for horse: dq-Hero's Medal
2025-12-16 08:51:17,935 - WARNING - Could not find registration number for horse: dq-Irondale
2025-12-16 08:51:18,017 - WARNING - Could not find registration number for horse: dh-American Flyer
2025-12-16 08:51:18,080 - WARNING - Could not find registration number for horse: dh-Concord Bridge
2025-12-16 08:51:18,725 - WARNING - Could not find registration number for horse: dq-Black Jack Patriot
2025-12-16 08:51:18,849 - WARNING - Could not find registration number for horse: dq-Big Celebration
2025-12-16 08:51:19,345 - WARNING - Could not find registration number for horse: dh-Steerage
2025-12-16 08:51:19,448 - WARNING - Could not find registration number for horse: dh-Hamilton's Way
2025-12-16 08:51:19,465 - WARNING - Could not find registration number for horse: dh-No More Talk
2025-12-16 08:51:19,507 - WARNING - Could not find registration number for horse: dh-Pentathlon
2025-12-16 08:51:19,516 - WARNING - Could not find registration number for horse: dh-Alpha Sonny
2025-12-16 08:51:19,592 - WARNING - Could not find registration number for horse: dh-First Deputy
2025-12-16 08:51:19,593 - WARNING - Could not find registration number for horse: dq-Special Moment
2025-12-16 08:51:19,793 - INFO - Performing batch database update...
2025-12-16 08:51:19,890 - INFO - Updated 1040 races with results
2025-12-16 08:51:19,979 - WARNING - Could not find registration number for horse: dq-Jess Valiant Z
2025-12-16 08:51:20,322 - INFO - Updated 8040 entries with results
2025-12-16 08:51:20,347 - WARNING - Could not find registration number for horse: dh-Mainstreet Warrior
2025-12-16 08:51:20,716 - INFO - Inserted 6201 wagering records
2025-12-16 08:51:20,766 - WARNING - Could not find registration number for horse: dh-Eye On Kia
2025-12-16 08:51:20,766 - WARNING - Could not find registration number for horse: dq-Smart Uncle
2025-12-16 08:51:20,949 - INFO - Inserted 3686 fraction records
2025-12-16 08:51:21,015 - WARNING - Could not find registration number for horse: dq-Eyes On Target
2025-12-16 08:51:23,216 - WARNING - Could not find registration number for horse: dh-High Power Icon
2025-12-16 08:51:23,234 - WARNING - Could not find registration number for horse: dq-Big Gift
2025-12-16 08:51:23,470 - WARNING - Could not find registration number for horse: dh-Kool N Ez
2025-12-16 08:51:23,665 - WARNING - Could not find registration number for horse: dq-Pour On the Cole
2025-12-16 08:51:23,881 - WARNING - Could not find registration number for horse: dh-Nostalgic One
2025-12-16 08:51:24,046 - INFO - Inserted 56064 position call records
2025-12-16 08:51:24,231 - WARNING - Could not find registration number for horse: dh-Variable Cost (GB)
2025-12-16 08:51:24,322 - WARNING - Could not find registration number for horse: dh-Tresjetdash
2025-12-16 08:51:24,389 - WARNING - Could not find registration number for horse: dh-Might B Southern
2025-12-16 08:51:24,917 - WARNING - Could not find registration number for horse: dq-Elegant Boy
2025-12-16 08:51:25,036 - WARNING - Could not find registration number for horse: dq-Stretch Run
2025-12-16 08:51:25,038 - WARNING - Could not find registration number for horse: dq-Vin Santo
2025-12-16 08:51:25,485 - WARNING - Could not find registration number for horse: dh-Get Spooled
2025-12-16 08:51:25,546 - WARNING - Could not find registration number for horse: dh-Nomos
2025-12-16 08:51:25,750 - WARNING - Could not find registration number for horse: dq-Wildroses101
2025-12-16 08:51:25,794 - WARNING - Could not find registration number for horse: dq-Dm Frankie Blue Eyes
2025-12-16 08:51:25,843 - WARNING - Could not find registration number for horse: dhdq-Wildstarinthesky
2025-12-16 08:51:25,943 - WARNING - Could not find registration number for horse: dh-Rappers Thief
2025-12-16 08:51:25,944 - WARNING - Could not find registration number for horse: dh-Whiskey Rain
2025-12-16 08:51:25,989 - WARNING - Could not find registration number for horse: dq-Won Sassy Ride
2025-12-16 08:51:26,060 - WARNING - Could not find registration number for horse: dh-Trinyti
2025-12-16 08:51:26,258 - WARNING - Could not find registration number for horse: dh-Eyem the Man Delfin
2025-12-16 08:51:26,596 - WARNING - Could not find registration number for horse: dh-Ef Facile Dynasty
2025-12-16 08:51:26,649 - WARNING - Could not find registration number for horse: dh-First Moon Destiny
2025-12-16 08:51:26,658 - WARNING - Could not find registration number for horse: dh-Six Eagles Moon You
2025-12-16 08:51:26,715 - WARNING - Could not find registration number for horse: dq-Running Rebel
2025-12-16 08:51:26,752 - WARNING - Could not find registration number for horse: dq-Using Nitro
2025-12-16 08:51:26,768 - WARNING - Could not find registration number for horse: dh-Nola Brees
2025-12-16 08:51:26,824 - WARNING - Could not find registration number for horse: dh-A Candy Dynasty
2025-12-16 08:51:26,881 - WARNING - Could not find registration number for horse: dh-Dashing Chapo
2025-12-16 08:51:26,889 - WARNING - Could not find registration number for horse: dh-Fs Big Daddys Jane
2025-12-16 08:51:26,981 - WARNING - Could not find registration number for horse: dh-Cobre
2025-12-16 08:51:27,109 - WARNING - Could not find registration number for horse: dh-Playin Quarters
2025-12-16 08:51:27,190 - WARNING - Could not find registration number for horse: dh-Cautiousnoptimistic
2025-12-16 08:51:27,371 - WARNING - Could not find registration number for horse: dq-Daddys First Fire
2025-12-16 08:51:27,445 - WARNING - Could not find registration number for horse: dq-Mr James Rocket
2025-12-16 08:51:27,524 - WARNING - Could not find registration number for horse: dh-Mr. Fighter
2025-12-16 08:51:27,736 - WARNING - Could not find registration number for horse: dh-High Kicking Eagle
2025-12-16 08:51:27,774 - WARNING - Could not find registration number for horse: dq-Saturncloud
2025-12-16 08:51:27,793 - WARNING - Could not find registration number for horse: dh-Delightful Interest
2025-12-16 08:51:28,133 - WARNING - Could not find registration number for horse: dh-Rouge Eagle
2025-12-16 08:51:28,170 - WARNING - Could not find registration number for horse: dq-Macdara
2025-12-16 08:51:28,192 - WARNING - Could not find registration number for horse: dh-Time Heist
2025-12-16 08:51:28,479 - WARNING - Could not find registration number for horse: dq-Let's Go Big Blue
2025-12-16 08:51:28,623 - WARNING - Could not find registration number for horse: dh-Midnight Special B
2025-12-16 08:51:28,827 - WARNING - Could not find registration number for horse: dq-Elunicodecandy
2025-12-16 08:51:28,872 - WARNING - Could not find registration number for horse: dh-Brother Jess
2025-12-16 08:51:28,948 - WARNING - Could not find registration number for horse: dq-Million Air Eagle
2025-12-16 08:51:28,960 - WARNING - Could not find registration number for horse: dh-Hot Candy Mess
2025-12-16 08:51:29,095 - WARNING - Could not find registration number for horse: dh-Rally Up the Alley
2025-12-16 08:51:29,237 - WARNING - Could not find registration number for horse: dh-Bregman
2025-12-16 08:51:29,294 - WARNING - Could not find registration number for horse: dh-Ec Prosperity
2025-12-16 08:51:29,304 - WARNING - Could not find registration number for horse: dq-Mattie Jane
2025-12-16 08:51:29,385 - WARNING - Could not find registration number for horse: dh-Que Sera Sir Ralph
2025-12-16 08:51:29,452 - INFO - Processed 4200 files. Race updates: 36306, Entry updates: 266372
2025-12-16 08:51:29,484 - WARNING - Could not find registration number for horse: dh-Eyesa Forrest
2025-12-16 08:51:29,513 - WARNING - Could not find registration number for horse: dh-Credible
2025-12-16 08:51:29,625 - WARNING - Could not find registration number for horse: dq-Wild Firemaker
2025-12-16 08:51:29,771 - WARNING - Could not find registration number for horse: dh-Wine and Whisky
2025-12-16 08:51:30,824 - WARNING - Could not find registration number for horse: dq-Frawwwg
2025-12-16 08:51:30,826 - WARNING - Could not find registration number for horse: dq-Hes Flyin Ryan
2025-12-16 08:51:30,860 - WARNING - Could not find registration number for horse: dh-Woodkiss Covit
2025-12-16 08:51:30,884 - WARNING - Could not find registration number for horse: dh-Hes Audacious
2025-12-16 08:51:30,922 - WARNING - Could not find registration number for horse: dh-Flat Out Gittin It
2025-12-16 08:51:30,957 - WARNING - Could not find registration number for horse: dq-Jess King Max
2025-12-16 08:51:31,003 - WARNING - Could not find registration number for horse: dq-Alamo Lake
2025-12-16 08:51:31,106 - WARNING - Could not find registration number for horse: dq-Maka Roon
2025-12-16 08:51:31,119 - WARNING - Could not find registration number for horse: dq-Wl Soulja Boy
2025-12-16 08:51:31,142 - WARNING - Could not find registration number for horse: dq-Kell's Kiss
2025-12-16 08:51:31,308 - WARNING - Could not find registration number for horse: dh-Pilot Bound
2025-12-16 08:51:31,416 - WARNING - Could not find registration number for horse: dh-Frank James Jr
2025-12-16 08:51:31,569 - WARNING - Could not find registration number for horse: dh-Papalotes Vike
2025-12-16 08:51:31,857 - WARNING - Could not find registration number for horse: dq-Discreet Tiger
2025-12-16 08:51:32,088 - WARNING - Could not find registration number for horse: dq-Tempting Barbie
2025-12-16 08:51:32,286 - WARNING - Could not find registration number for horse: dq-La Brujita Mayor
2025-12-16 08:51:32,362 - WARNING - Could not find registration number for horse: dq-Sofi
2025-12-16 08:51:32,594 - WARNING - Could not find registration number for horse: dq-Politics Gone Wild
2025-12-16 08:51:32,608 - WARNING - Could not find registration number for horse: dh-Gran Manna
2025-12-16 08:51:32,688 - WARNING - Could not find registration number for horse: dq-A Reliable Cartel V
2025-12-16 08:51:32,716 - WARNING - Could not find registration number for horse: dq-Md Chiquity Boot
2025-12-16 08:51:32,921 - WARNING - Could not find registration number for horse: dq-One Big Check
2025-12-16 08:51:33,279 - WARNING - Could not find registration number for horse: dh-Zippin by U
2025-12-16 08:51:33,335 - WARNING - Could not find registration number for horse: dq-Separate Traffic
2025-12-16 08:51:33,608 - WARNING - Could not find registration number for horse: dq-Kiss My Wild Candy
2025-12-16 08:51:33,647 - WARNING - Could not find registration number for horse: dq-J El Soverano
2025-12-16 08:51:33,724 - WARNING - Could not find registration number for horse: dh-Amaryillis
2025-12-16 08:51:33,865 - WARNING - Could not find registration number for horse: dq-Ez On My Mind
2025-12-16 08:51:34,089 - WARNING - Could not find registration number for horse: dh-Im Fun N Fancy
2025-12-16 08:51:34,092 - WARNING - Could not find registration number for horse: dh-Saltie Fire
2025-12-16 08:51:34,204 - WARNING - Could not find registration number for horse: dq-Moon Jumpn Jessica
2025-12-16 08:51:34,204 - WARNING - Could not find registration number for horse: dh-He's No Yoke
2025-12-16 08:51:34,305 - WARNING - Could not find registration number for horse: dq-Hot Mechanic
2025-12-16 08:51:34,448 - WARNING - Could not find registration number for horse: dq-Midnight Special B
2025-12-16 08:51:34,571 - INFO - Performing batch database update...
2025-12-16 08:51:34,593 - WARNING - Could not find registration number for horse: dh-Kings Touch
2025-12-16 08:51:34,666 - INFO - Updated 611 races with results
2025-12-16 08:51:34,667 - WARNING - Could not find registration number for horse: dh-Cq Featured First
2025-12-16 08:51:34,741 - WARNING - Could not find registration number for horse: dh-Mr Perry Moon
2025-12-16 08:51:34,790 - WARNING - Could not find registration number for horse: dh-Fast Moonflash
2025-12-16 08:51:34,801 - WARNING - Could not find registration number for horse: dh-Mountain Vike
2025-12-16 08:51:34,846 - WARNING - Could not find registration number for horse: dh-Shesafivebarlady
2025-12-16 08:51:34,928 - WARNING - Could not find registration number for horse: dh-Trump This Record
2025-12-16 08:51:35,019 - INFO - Updated 5256 entries with results
2025-12-16 08:51:35,099 - WARNING - Could not find registration number for horse: dh-Uncle Shine
2025-12-16 08:51:35,114 - WARNING - Could not find registration number for horse: dh-Ultra Rich
2025-12-16 08:51:35,187 - WARNING - Could not find registration number for horse: dq-Jess a Fast Prize
2025-12-16 08:51:35,222 - WARNING - Could not find registration number for horse: dh-Eye Em Highly Rated
2025-12-16 08:51:35,225 - INFO - Inserted 2681 wagering records
2025-12-16 08:51:35,289 - INFO - Inserted 933 fraction records
2025-12-16 08:51:35,573 - WARNING - Could not find registration number for horse: dq-Jess One Hot Chick
2025-12-16 08:51:35,634 - WARNING - Could not find registration number for horse: dq-Daddys Fanatic
2025-12-16 08:51:35,656 - WARNING - Could not find registration number for horse: dq-Taxed
2025-12-16 08:51:35,765 - WARNING - Could not find registration number for horse: dh-Ur Daddys Lady
2025-12-16 08:51:35,795 - WARNING - Could not find registration number for horse: dq-Stone Cold Dynasty
2025-12-16 08:51:35,920 - WARNING - Could not find registration number for horse: dq-Flashing Tools
2025-12-16 08:51:35,950 - WARNING - Could not find registration number for horse: dh-Jess to Reel
2025-12-16 08:51:35,981 - WARNING - Could not find registration number for horse: dh-Bella Y Sofia
2025-12-16 08:51:36,003 - WARNING - Could not find registration number for horse: dq-A Kings Dynasty
2025-12-16 08:51:36,045 - WARNING - Could not find registration number for horse: dh-D Oro Sis
2025-12-16 08:51:36,117 - WARNING - Could not find registration number for horse: dq-Bv Teresita
2025-12-16 08:51:36,248 - WARNING - Could not find registration number for horse: dh-Torts On a Wagon
2025-12-16 08:51:36,631 - WARNING - Could not find registration number for horse: dh-Rasing the Bar
2025-12-16 08:51:36,992 - WARNING - Could not find registration number for horse: dq-Wikked Felina
2025-12-16 08:51:37,316 - WARNING - Could not find registration number for horse: dh-Missbsinterest
2025-12-16 08:51:37,325 - WARNING - Could not find registration number for horse: dh-Uncle Shine
2025-12-16 08:51:37,438 - WARNING - Could not find registration number for horse: dh-Corona Sunrize
2025-12-16 08:51:37,448 - WARNING - Could not find registration number for horse: dq-Jv Papp B Moven
2025-12-16 08:51:37,510 - WARNING - Could not find registration number for horse: dh-Haha Rainbow Glock
2025-12-16 08:51:37,630 - INFO - Inserted 37872 position call records
2025-12-16 08:51:37,695 - WARNING - Could not find registration number for horse: dq-Josiahs Bay
2025-12-16 08:51:37,799 - WARNING - Could not find registration number for horse: dq-Eyesa Noyz Chick
2025-12-16 08:51:37,826 - WARNING - Could not find registration number for horse: dh-Ebw Dancnthemoonlite
2025-12-16 08:51:38,102 - WARNING - Could not find registration number for horse: dh-Sundanz
2025-12-16 08:51:38,117 - WARNING - Could not find registration number for horse: dh-Rosa Paige
2025-12-16 08:51:38,182 - WARNING - Could not find registration number for horse: dh-Brother Ben
2025-12-16 08:51:38,323 - WARNING - Could not find registration number for horse: dq-Margaret River
2025-12-16 08:51:38,501 - WARNING - Could not find registration number for horse: dh-Cd One Suite Wagon
2025-12-16 08:51:38,512 - WARNING - Could not find registration number for horse: dh-Docs Twisted Candle
2025-12-16 08:51:38,534 - WARNING - Could not find registration number for horse: dh-Cg Back N Payne
2025-12-16 08:51:38,620 - WARNING - Could not find registration number for horse: dh-Cash Cruzer
2025-12-16 08:51:38,637 - WARNING - Could not find registration number for horse: dh-Big Daddys Dream
2025-12-16 08:51:38,680 - WARNING - Could not find registration number for horse: dh-Gg Blushin Red
2025-12-16 08:51:38,735 - WARNING - Could not find registration number for horse: dh-Honky Tonk
2025-12-16 08:51:38,828 - WARNING - Could not find registration number for horse: dq-Moonshine Diva
2025-12-16 08:51:38,883 - WARNING - Could not find registration number for horse: dq-Tell Papa
2025-12-16 08:51:39,309 - WARNING - Could not find registration number for horse: dq-One Little Liar
2025-12-16 08:51:39,325 - WARNING - Could not find registration number for horse: dh-King On the Moon
2025-12-16 08:51:39,415 - WARNING - Could not find registration number for horse: dh-Triggered
2025-12-16 08:51:39,473 - WARNING - Could not find registration number for horse: dh-Quien Es
2025-12-16 08:51:39,597 - WARNING - Could not find registration number for horse: dq-Mr Jess Janway
2025-12-16 08:51:39,700 - WARNING - Could not find registration number for horse: dq-Best Queens Card
2025-12-16 08:51:39,707 - WARNING - Could not find registration number for horse: dh-Gold Boundry
2025-12-16 08:51:39,738 - WARNING - Could not find registration number for horse: dq-Leap Day
2025-12-16 08:51:39,786 - WARNING - Could not find registration number for horse: dh-Hold Me Only
2025-12-16 08:51:39,786 - WARNING - Could not find registration number for horse: dh-Nelse McLeod
2025-12-16 08:51:39,957 - WARNING - Could not find registration number for horse: dh-Franks Dehere
2025-12-16 08:51:40,047 - WARNING - Could not find registration number for horse: dh-Daddys Southerndream
2025-12-16 08:51:40,195 - WARNING - Could not find registration number for horse: dh-Speed Thru Fire
2025-12-16 08:51:40,258 - WARNING - Could not find registration number for horse: dh-Il Corsa
2025-12-16 08:51:40,291 - WARNING - Could not find registration number for horse: dq-Sortaria
2025-12-16 08:51:40,311 - WARNING - Could not find registration number for horse: dh-Wave Runner
2025-12-16 08:51:40,378 - WARNING - Could not find registration number for horse: dh-Sundanz
2025-12-16 08:51:40,406 - WARNING - Could not find registration number for horse: dq-Captain Scotty
2025-12-16 08:51:40,435 - WARNING - Could not find registration number for horse: dq-Osbaldoperfection
2025-12-16 08:51:40,487 - WARNING - Could not find registration number for horse: dh-Prince of Fast
2025-12-16 08:51:40,547 - WARNING - Could not find registration number for horse: dq-Kobe Interest
2025-12-16 08:51:40,663 - WARNING - Could not find registration number for horse: dh-Foose Lee
2025-12-16 08:51:40,959 - WARNING - Could not find registration number for horse: dq-Tickle This Ivory
2025-12-16 08:51:41,011 - WARNING - Could not find registration number for horse: dh-Uncaptured Dreams
2025-12-16 08:51:41,036 - WARNING - Could not find registration number for horse: dh-Cvt Dallas
2025-12-16 08:51:41,377 - WARNING - Could not find registration number for horse: dh-Sortaria
2025-12-16 08:51:41,397 - WARNING - Could not find registration number for horse: dh-E Bar Scout
2025-12-16 08:51:41,593 - WARNING - Could not find registration number for horse: dh-Fs Maxx Velocity
2025-12-16 08:51:41,734 - WARNING - Could not find registration number for horse: dq-Star of Stars
2025-12-16 08:51:41,805 - WARNING - Could not find registration number for horse: dh-Roll On Camron
2025-12-16 08:51:41,885 - WARNING - Could not find registration number for horse: dq-Jack of Blades
2025-12-16 08:51:42,114 - WARNING - Could not find registration number for horse: dq-Go Thru the Hole
2025-12-16 08:51:42,286 - WARNING - Could not find registration number for horse: dh-Caxambas Candy
2025-12-16 08:51:42,324 - WARNING - Could not find registration number for horse: dh-Eyez a Rising
2025-12-16 08:51:42,458 - WARNING - Could not find registration number for horse: dh-Great Britain
2025-12-16 08:51:42,523 - WARNING - Could not find registration number for horse: dq-Piloto Propaige
2025-12-16 08:51:43,156 - WARNING - Could not find registration number for horse: dq-Cd Wagon of Secrets
2025-12-16 08:51:43,176 - WARNING - Could not find registration number for horse: dq-R Tootsie Glitter
2025-12-16 08:51:43,419 - WARNING - Could not find registration number for horse: dq-Smart as Me
2025-12-16 08:51:43,490 - WARNING - Could not find registration number for horse: dh-Cajun Red
2025-12-16 08:51:43,568 - WARNING - Could not find registration number for horse: dh-Dale Yeah
2025-12-16 08:51:43,618 - WARNING - Could not find registration number for horse: dh-Makn Diamonds
2025-12-16 08:51:44,031 - WARNING - Could not find registration number for horse: dh-Calzone
2025-12-16 08:51:44,125 - WARNING - Could not find registration number for horse: dh-One Handsome Eagle
2025-12-16 08:51:44,544 - WARNING - Could not find registration number for horse: dq-Apolitical Magic
2025-12-16 08:51:44,595 - INFO - Processed 4300 files. Race updates: 37255, Entry updates: 273995
2025-12-16 08:51:45,021 - WARNING - Could not find registration number for horse: dh-Giovannino
2025-12-16 08:51:45,130 - WARNING - Could not find registration number for horse: dh-Heathguard
2025-12-16 08:51:45,835 - WARNING - Could not find registration number for horse: dq-Praline's Cat
2025-12-16 08:51:45,929 - WARNING - Could not find registration number for horse: dq-The Big Calico
2025-12-16 08:51:46,268 - WARNING - Could not find registration number for horse: dh-Fine Am Eye
2025-12-16 08:51:46,457 - WARNING - Could not find registration number for horse: dq-Crowley's War
2025-12-16 08:51:46,473 - WARNING - Could not find registration number for horse: dq-Super Caro
2025-12-16 08:51:46,738 - WARNING - Could not find registration number for horse: dh-Wood Dee Queen
2025-12-16 08:51:46,903 - WARNING - Could not find registration number for horse: dq-Street Cop Officer
2025-12-16 08:51:46,991 - INFO - Performing batch database update...
2025-12-16 08:51:47,080 - INFO - Updated 554 races with results
2025-12-16 08:51:47,319 - INFO - Updated 4420 entries with results
2025-12-16 08:51:47,554 - WARNING - Could not find registration number for horse: dq-Tap First
2025-12-16 08:51:47,557 - INFO - Inserted 3397 wagering records
2025-12-16 08:51:47,688 - INFO - Inserted 1877 fraction records
2025-12-16 08:51:48,086 - WARNING - Could not find registration number for horse: dh-Rc Heza Flashn Dream
2025-12-16 08:51:48,302 - WARNING - Could not find registration number for horse: dh-Devons Cartel
2025-12-16 08:51:49,154 - WARNING - Could not find registration number for horse: dh-Summer At the Spa
2025-12-16 08:51:49,491 - WARNING - Could not find registration number for horse: dh-Pugilist
2025-12-16 08:51:49,823 - INFO - Inserted 34404 position call records
2025-12-16 08:51:50,632 - WARNING - Could not find registration number for horse: dh-Stephanie's Charm
2025-12-16 08:51:50,759 - WARNING - Could not find registration number for horse: dh-Mohawk Trail
2025-12-16 08:51:51,013 - WARNING - Could not find registration number for horse: dq-Hello Sucker
2025-12-16 08:51:51,349 - WARNING - Could not find registration number for horse: dq-Colors
2025-12-16 08:51:51,795 - WARNING - Could not find registration number for horse: dq-Irazu
2025-12-16 08:51:51,914 - WARNING - Could not find registration number for horse: dq-Extreme Access
2025-12-16 08:51:52,158 - WARNING - Could not find registration number for horse: dq-Miss Unconcerned
2025-12-16 08:51:52,692 - WARNING - Could not find registration number for horse: dh-The Judge and Jury
2025-12-16 08:51:53,100 - WARNING - Could not find registration number for horse: dh-Storm the Court
2025-12-16 08:51:53,484 - WARNING - Could not find registration number for horse: dh-Treasured Gem
2025-12-16 08:51:53,606 - WARNING - Could not find registration number for horse: dh-Faccia Bella
2025-12-16 08:51:54,038 - WARNING - Could not find registration number for horse: dh-Diamond Luvubaby
2025-12-16 08:51:54,216 - WARNING - Could not find registration number for horse: dq-Luna Amarilla
2025-12-16 08:51:54,431 - WARNING - Could not find registration number for horse: dh-Thirsty Date
2025-12-16 08:51:55,267 - WARNING - Could not find registration number for horse: dh-Miss Easy
2025-12-16 08:51:55,455 - WARNING - Could not find registration number for horse: dq-Well Connected
2025-12-16 08:51:55,738 - WARNING - Could not find registration number for horse: dq-Maliced
2025-12-16 08:51:55,780 - WARNING - Could not find registration number for horse: dh-Bachelorette
2025-12-16 08:51:55,835 - WARNING - Could not find registration number for horse: dq-Blame It On Eddie
2025-12-16 08:51:56,043 - WARNING - Could not find registration number for horse: dh-Grand Deal
2025-12-16 08:51:56,289 - WARNING - Could not find registration number for horse: dh-El Sicario
2025-12-16 08:51:56,597 - WARNING - Could not find registration number for horse: dq-Patio Party
2025-12-16 08:51:57,409 - WARNING - Could not find registration number for horse: dq-Strike One
2025-12-16 08:51:57,694 - WARNING - Could not find registration number for horse: dq-Spin Doctor
2025-12-16 08:51:58,100 - INFO - Processed 4400 files. Race updates: 38147, Entry updates: 281001
2025-12-16 08:51:58,102 - INFO - Performing batch database update...
2025-12-16 08:51:58,195 - INFO - Updated 546 races with results
2025-12-16 08:51:58,461 - INFO - Updated 4549 entries with results
2025-12-16 08:51:58,653 - INFO - Inserted 2954 wagering records
2025-12-16 08:51:58,732 - WARNING - Could not find registration number for horse: dh-Exacting
2025-12-16 08:51:58,758 - INFO - Inserted 1800 fraction records
2025-12-16 08:51:58,891 - WARNING - Could not find registration number for horse: dq-It's Official
2025-12-16 08:51:58,946 - WARNING - Could not find registration number for horse: dq-Hosanna
2025-12-16 08:51:58,984 - WARNING - Could not find registration number for horse: dh-Piypa de Lynda
2025-12-16 08:51:59,032 - WARNING - Could not find registration number for horse: dh-Danes Heart
2025-12-16 08:51:59,145 - WARNING - Could not find registration number for horse: dq-Connect Me
2025-12-16 08:51:59,164 - WARNING - Could not find registration number for horse: dh-Bronze Kettle
2025-12-16 08:52:00,114 - WARNING - Could not find registration number for horse: dq-Striking Again
2025-12-16 08:52:00,158 - WARNING - Could not find registration number for horse: dq-Momma K's Boy
2025-12-16 08:52:00,312 - WARNING - Could not find registration number for horse: dq-Turbie
2025-12-16 08:52:00,661 - WARNING - Could not find registration number for horse: dq-Mere Bag of Shells
2025-12-16 08:52:00,758 - INFO - Inserted 30456 position call records
2025-12-16 08:52:00,914 - WARNING - Could not find registration number for horse: dq-Ratatat
2025-12-16 08:52:01,039 - WARNING - Could not find registration number for horse: dq-Late Date
2025-12-16 08:52:01,846 - WARNING - Could not find registration number for horse: dq-Grand Deal
2025-12-16 08:52:03,706 - WARNING - Could not find registration number for horse: dq-Saltmakeshersweet
2025-12-16 08:52:04,583 - WARNING - Could not find registration number for horse: dq-Next Generation
2025-12-16 08:52:04,867 - WARNING - Could not find registration number for horse: dq-Royal Dragoon
2025-12-16 08:52:05,359 - WARNING - Could not find registration number for horse: dq-Patio Party
2025-12-16 08:52:05,529 - WARNING - Could not find registration number for horse: dh-Akayla (IRE)
2025-12-16 08:52:05,736 - WARNING - Could not find registration number for horse: dq-My Caliente Corona
2025-12-16 08:52:05,774 - WARNING - Could not find registration number for horse: dq-Tier One
2025-12-16 08:52:05,807 - WARNING - Could not find registration number for horse: dq-Little Toy Guns
2025-12-16 08:52:05,914 - WARNING - Could not find registration number for horse: dh-Pacific View
2025-12-16 08:52:06,023 - WARNING - Could not find registration number for horse: dh-Moonstrike (GB)
2025-12-16 08:52:06,425 - WARNING - Could not find registration number for horse: dq-Some Is Nine
2025-12-16 08:52:06,912 - WARNING - Could not find registration number for horse: dh-John Jay
2025-12-16 08:52:07,088 - WARNING - Could not find registration number for horse: dh-Jamaican Traffic
2025-12-16 08:52:07,154 - WARNING - Could not find registration number for horse: dh-Express Lady
2025-12-16 08:52:07,735 - WARNING - Could not find registration number for horse: dh-Dats Mr. Mo
2025-12-16 08:52:07,821 - WARNING - Could not find registration number for horse: dh-Kobe Beach
2025-12-16 08:52:07,933 - WARNING - Could not find registration number for horse: dh-It's Sizzling Time
2025-12-16 08:52:07,945 - WARNING - Could not find registration number for horse: dq-Breezy Connection
2025-12-16 08:52:08,187 - WARNING - Could not find registration number for horse: dq-My Hombre
2025-12-16 08:52:08,215 - WARNING - Could not find registration number for horse: dh-Kygo (GER)
2025-12-16 08:52:08,409 - WARNING - Could not find registration number for horse: dq-Golden Text
2025-12-16 08:52:08,431 - WARNING - Could not find registration number for horse: dhdq-Leo Monte
2025-12-16 08:52:08,453 - WARNING - Could not find registration number for horse: dh-Under the Gun
2025-12-16 08:52:08,566 - WARNING - Could not find registration number for horse: dq-Toffee
2025-12-16 08:52:08,591 - WARNING - Could not find registration number for horse: dq-Happilea
2025-12-16 08:52:08,605 - WARNING - Could not find registration number for horse: dh-Frosty the Giant
2025-12-16 08:52:08,641 - WARNING - Could not find registration number for horse: dh-Mahoney Road
2025-12-16 08:52:08,778 - WARNING - Could not find registration number for horse: dh-Jubawithatwist
2025-12-16 08:52:09,146 - WARNING - Could not find registration number for horse: dh-Congrats for Glory
2025-12-16 08:52:09,238 - WARNING - Could not find registration number for horse: dq-Draft Capital
2025-12-16 08:52:09,393 - INFO - Processed 4500 files. Race updates: 38965, Entry updates: 286314
2025-12-16 08:52:09,449 - WARNING - Could not find registration number for horse: dh-The Motto
2025-12-16 08:52:09,624 - WARNING - Could not find registration number for horse: dh-Monba Quake
2025-12-16 08:52:09,968 - WARNING - Could not find registration number for horse: dh-La Tourista
2025-12-16 08:52:10,046 - INFO - Performing batch database update...
2025-12-16 08:52:10,084 - WARNING - Could not find registration number for horse: dh-Down to Bizzness
2025-12-16 08:52:10,145 - WARNING - Could not find registration number for horse: dh-Talk Radio
2025-12-16 08:52:10,154 - INFO - Updated 685 races with results
2025-12-16 08:52:10,268 - WARNING - Could not find registration number for horse: dh-Drop Anchor
2025-12-16 08:52:10,398 - WARNING - Could not find registration number for horse: dh-Silver Matt
2025-12-16 08:52:10,452 - INFO - Updated 4577 entries with results
2025-12-16 08:52:10,577 - WARNING - Could not find registration number for horse: dh-The Equinest
2025-12-16 08:52:10,686 - INFO - Inserted 3633 wagering records
2025-12-16 08:52:10,828 - INFO - Inserted 2166 fraction records
2025-12-16 08:52:12,007 - WARNING - Could not find registration number for horse: dq-Future Victory
2025-12-16 08:52:12,007 - WARNING - Could not find registration number for horse: dh-El Cheapo
2025-12-16 08:52:12,296 - WARNING - Could not find registration number for horse: dq-Vettori Kin (BRZ)
2025-12-16 08:52:12,369 - WARNING - Could not find registration number for horse: dh-Semi Charmed Day
2025-12-16 08:52:12,499 - WARNING - Could not find registration number for horse: dh-Redhot Katie
2025-12-16 08:52:12,736 - WARNING - Could not find registration number for horse: dh-Midnight Frost
2025-12-16 08:52:13,068 - INFO - Inserted 34710 position call records
2025-12-16 08:52:13,122 - WARNING - Could not find registration number for horse: dq-Kinison
2025-12-16 08:52:14,440 - WARNING - Could not find registration number for horse: dh-Kall Kat
2025-12-16 08:52:14,496 - WARNING - Could not find registration number for horse: dh-Heavenly Hash
2025-12-16 08:52:14,831 - WARNING - Could not find registration number for horse: dh-Mucho Macho Chick
2025-12-16 08:52:15,012 - WARNING - Could not find registration number for horse: dh-Your So Sillea
2025-12-16 08:52:15,063 - WARNING - Could not find registration number for horse: dh-Flyin Bessie
2025-12-16 08:52:15,266 - WARNING - Could not find registration number for horse: dh-English Classic
2025-12-16 08:52:15,395 - WARNING - Could not find registration number for horse: dh-Quaria Comet
2025-12-16 08:52:15,498 - WARNING - Could not find registration number for horse: dh-Blacksmith Strong
2025-12-16 08:52:15,909 - WARNING - Could not find registration number for horse: dh-Diamond City
2025-12-16 08:52:16,199 - WARNING - Could not find registration number for horse: dh-Legal Attack (GB)
2025-12-16 08:52:17,077 - WARNING - Could not find registration number for horse: dq-Jareth
2025-12-16 08:52:17,645 - WARNING - Could not find registration number for horse: dh-Fly Perrier Fly
2025-12-16 08:52:17,708 - WARNING - Could not find registration number for horse: dh-Hes Jess Relentless
2025-12-16 08:52:18,078 - WARNING - Could not find registration number for horse: dq-Lucky's Secret
2025-12-16 08:52:18,250 - WARNING - Could not find registration number for horse: dq-Callmetank
2025-12-16 08:52:18,663 - WARNING - Could not find registration number for horse: dq-Master of the Ring
2025-12-16 08:52:19,077 - WARNING - Could not find registration number for horse: dq-Antares
2025-12-16 08:52:19,085 - WARNING - Could not find registration number for horse: dq-Crj Quiet Queen
2025-12-16 08:52:19,397 - WARNING - Could not find registration number for horse: dq-Lil Miss Sunshine
2025-12-16 08:52:19,745 - WARNING - Could not find registration number for horse: dq-Magisterial
2025-12-16 08:52:19,917 - WARNING - Could not find registration number for horse: dq-Six Shots of T
2025-12-16 08:52:19,955 - WARNING - Could not find registration number for horse: dq-Juana Gallo
2025-12-16 08:52:20,299 - WARNING - Could not find registration number for horse: dh-Hydrogen
2025-12-16 08:52:20,356 - WARNING - Could not find registration number for horse: dh-After the Candy
2025-12-16 08:52:20,365 - WARNING - Could not find registration number for horse: dh-Red Venus
2025-12-16 08:52:20,490 - WARNING - Could not find registration number for horse: dq-Good Bye Putin
2025-12-16 08:52:20,607 - WARNING - Could not find registration number for horse: dh-Superstar Bea
2025-12-16 08:52:20,666 - WARNING - Could not find registration number for horse: dh-Jz Wagon Train
2025-12-16 08:52:20,970 - WARNING - Could not find registration number for horse: dq-Limited Offer
2025-12-16 08:52:21,151 - WARNING - Could not find registration number for horse: dh-Crj Quiet Queen
2025-12-16 08:52:21,170 - WARNING - Could not find registration number for horse: dh-Ms Parkside
2025-12-16 08:52:21,233 - WARNING - Could not find registration number for horse: dh-Go Go Sadie
2025-12-16 08:52:21,759 - WARNING - Could not find registration number for horse: dq-Daddy'sfavoriteson
2025-12-16 08:52:22,522 - WARNING - Could not find registration number for horse: dq-Unmachable
2025-12-16 08:52:22,944 - WARNING - Could not find registration number for horse: dh-Hey Sequoia
2025-12-16 08:52:23,051 - WARNING - Could not find registration number for horse: dh-Ize Sharpie
2025-12-16 08:52:23,166 - WARNING - Could not find registration number for horse: dh-Chocolate Freckles
2025-12-16 08:52:23,173 - WARNING - Could not find registration number for horse: dh-Fullbridledphantom
2025-12-16 08:52:24,017 - WARNING - Could not find registration number for horse: dq-Frisco Kid
2025-12-16 08:52:24,078 - WARNING - Could not find registration number for horse: dq-Silent Declaration
2025-12-16 08:52:24,173 - WARNING - Could not find registration number for horse: dh-Mischievous Emma
2025-12-16 08:52:24,218 - WARNING - Could not find registration number for horse: dq-Square Footage
2025-12-16 08:52:24,285 - WARNING - Could not find registration number for horse: dq-Stylish Elegance
2025-12-16 08:52:24,346 - WARNING - Could not find registration number for horse: dq-Dusalut
2025-12-16 08:52:24,660 - WARNING - Could not find registration number for horse: dq-Fine Point Assay
2025-12-16 08:52:25,062 - WARNING - Could not find registration number for horse: dq-Ted's Candy Girl
2025-12-16 08:52:25,244 - INFO - Processed 4600 files. Race updates: 39805, Entry updates: 293563
2025-12-16 08:52:25,328 - WARNING - Could not find registration number for horse: dh-Bakersfield Babe
2025-12-16 08:52:25,344 - WARNING - Could not find registration number for horse: dq-Straus's Place
2025-12-16 08:52:25,603 - WARNING - Could not find registration number for horse: dq-Holiday House
2025-12-16 08:52:25,868 - WARNING - Could not find registration number for horse: dq-Red Texas Showdown
2025-12-16 08:52:25,916 - WARNING - Could not find registration number for horse: dh-Wicked Blue
2025-12-16 08:52:26,110 - WARNING - Could not find registration number for horse: dq-Wild Arch
2025-12-16 08:52:26,343 - WARNING - Could not find registration number for horse: dh-Spire
2025-12-16 08:52:26,550 - INFO - Performing batch database update...
2025-12-16 08:52:26,583 - WARNING - Could not find registration number for horse: dq-Tippa the Iceberg
2025-12-16 08:52:26,611 - WARNING - Could not find registration number for horse: dq-We All Agree
2025-12-16 08:52:26,662 - INFO - Updated 770 races with results
2025-12-16 08:52:26,716 - WARNING - Could not find registration number for horse: dq-Baron's Song
2025-12-16 08:52:26,911 - WARNING - Could not find registration number for horse: dq-Bedrock
2025-12-16 08:52:27,152 - INFO - Updated 6765 entries with results
2025-12-16 08:52:27,230 - WARNING - Could not find registration number for horse: dq-The Weekend
2025-12-16 08:52:27,452 - INFO - Inserted 4895 wagering records
2025-12-16 08:52:27,587 - INFO - Inserted 2312 fraction records
2025-12-16 08:52:27,724 - WARNING - Could not find registration number for horse: dq-Thirsty Tiger
2025-12-16 08:52:28,123 - WARNING - Could not find registration number for horse: dq-Im Perky
2025-12-16 08:52:28,420 - WARNING - Could not find registration number for horse: dq-Daisy Jones
2025-12-16 08:52:28,584 - WARNING - Could not find registration number for horse: dq-Cr Royalty Foose
2025-12-16 08:52:28,768 - WARNING - Could not find registration number for horse: dq-Nsm Take the Cash
2025-12-16 08:52:29,111 - WARNING - Could not find registration number for horse: dq-Jfr Big Iron
2025-12-16 08:52:29,725 - WARNING - Could not find registration number for horse: dq-Shootist
2025-12-16 08:52:29,874 - WARNING - Could not find registration number for horse: dq-Lunar Unit
2025-12-16 08:52:30,059 - WARNING - Could not find registration number for horse: dq-Political Hottie
2025-12-16 08:52:30,222 - WARNING - Could not find registration number for horse: dh-Shesaheatwave
2025-12-16 08:52:30,305 - WARNING - Could not find registration number for horse: dh-A Thousand Dreams
2025-12-16 08:52:30,425 - WARNING - Could not find registration number for horse: dq-Look James
2025-12-16 08:52:30,578 - INFO - Inserted 50154 position call records
2025-12-16 08:52:30,923 - WARNING - Could not find registration number for horse: dh-Fly to the Beach
2025-12-16 08:52:31,052 - WARNING - Could not find registration number for horse: dh-Ab Rip Wheeler
2025-12-16 08:52:31,142 - WARNING - Could not find registration number for horse: dq-Maximus Momentus
2025-12-16 08:52:31,310 - WARNING - Could not find registration number for horse: dh-Chasin the Dynasty
2025-12-16 08:52:31,479 - WARNING - Could not find registration number for horse: dh-Tbt Meter Reader
2025-12-16 08:52:31,857 - WARNING - Could not find registration number for horse: dq-Blind Spot
2025-12-16 08:52:32,065 - WARNING - Could not find registration number for horse: dq-Sarah's Dancer
2025-12-16 08:52:32,084 - WARNING - Could not find registration number for horse: dh-Silver Bullet Lady
2025-12-16 08:52:32,354 - WARNING - Could not find registration number for horse: dh-Know How (GB)
2025-12-16 08:52:32,616 - WARNING - Could not find registration number for horse: dq-Kodiak Mamba (IRE)
2025-12-16 08:52:32,652 - WARNING - Could not find registration number for horse: dq-Palace View (IRE)
2025-12-16 08:52:33,314 - WARNING - Could not find registration number for horse: dq-One Punch Charlie
2025-12-16 08:52:33,367 - WARNING - Could not find registration number for horse: dh-Mr Narcissistic
2025-12-16 08:52:33,587 - WARNING - Could not find registration number for horse: dq-Bee Me
2025-12-16 08:52:33,613 - WARNING - Could not find registration number for horse: dh-Prince Sussex
2025-12-16 08:52:34,169 - WARNING - Could not find registration number for horse: dq-Madigan Squeeze
2025-12-16 08:52:34,294 - WARNING - Could not find registration number for horse: dq-Mr. Who
2025-12-16 08:52:34,460 - WARNING - Could not find registration number for horse: dq-Skinny Secret
2025-12-16 08:52:34,535 - WARNING - Could not find registration number for horse: dh-Lake Shore Drive
2025-12-16 08:52:34,667 - WARNING - Could not find registration number for horse: dh-Half to Reload
2025-12-16 08:52:35,011 - WARNING - Could not find registration number for horse: dq-Ninetyfour Expos
2025-12-16 08:52:35,363 - WARNING - Could not find registration number for horse: dq-Systematic
2025-12-16 08:52:35,536 - WARNING - Could not find registration number for horse: dq-Mimi's Golden Ring
2025-12-16 08:52:36,024 - WARNING - Could not find registration number for horse: dq-Seattle Causeway
2025-12-16 08:52:36,289 - WARNING - Could not find registration number for horse: dq-Chairman Rainbow
2025-12-16 08:52:36,722 - WARNING - Could not find registration number for horse: dq-Ashlee's Ring
2025-12-16 08:52:37,418 - WARNING - Could not find registration number for horse: dq-Hallie's Hero
2025-12-16 08:52:37,696 - INFO - Processed 4700 files. Race updates: 40630, Entry updates: 299741
2025-12-16 08:52:37,889 - WARNING - Could not find registration number for horse: dq-Society's Thunder
2025-12-16 08:52:38,055 - WARNING - Could not find registration number for horse: Cozy Curlin Kitten
2025-12-16 08:52:38,188 - WARNING - Could not find registration number for horse: dq-Glenrosa
2025-12-16 08:52:38,416 - WARNING - Could not find registration number for horse: dq-Angelou
2025-12-16 08:52:38,612 - WARNING - Could not find registration number for horse: dq-Trigger's Bay
2025-12-16 08:52:39,381 - WARNING - Could not find registration number for horse: dq-Contrivance
2025-12-16 08:52:39,680 - INFO - Performing batch database update...
2025-12-16 08:52:39,708 - WARNING - Could not find registration number for horse: dq-Go With Gusto
2025-12-16 08:52:39,758 - WARNING - Could not find registration number for horse: dq-Hard Rock Warrior
2025-12-16 08:52:39,767 - INFO - Updated 583 races with results
2025-12-16 08:52:39,773 - WARNING - Could not find registration number for horse: dq-Lady Maeve (IRE)
2025-12-16 08:52:39,989 - INFO - Updated 4183 entries with results
2025-12-16 08:52:40,040 - WARNING - Could not find registration number for horse: dq-Golden Train
2025-12-16 08:52:40,198 - WARNING - Could not find registration number for horse: Cozy Curlin Kitten
2025-12-16 08:52:40,200 - WARNING - Could not find registration number for horse: dq-Strike the Pose
2025-12-16 08:52:40,348 - INFO - Inserted 4985 wagering records
2025-12-16 08:52:40,468 - INFO - Inserted 2060 fraction records
2025-12-16 08:52:41,091 - WARNING - Could not find registration number for horse: dh-Mrs. C
2025-12-16 08:52:41,215 - WARNING - Could not find registration number for horse: dh-Muskoka Giant
2025-12-16 08:52:41,359 - WARNING - Could not find registration number for horse: dh-Playmate
2025-12-16 08:52:41,513 - WARNING - Could not find registration number for horse: dq-Dancing Duchess
2025-12-16 08:52:41,592 - WARNING - Could not find registration number for horse: dh-Bongino
2025-12-16 08:52:41,614 - WARNING - Could not find registration number for horse: dq-Tapping a Rhythm
2025-12-16 08:52:41,633 - WARNING - Could not find registration number for horse: dq-Mrs. C
2025-12-16 08:52:41,655 - WARNING - Could not find registration number for horse: dq-Mister Meseeks
2025-12-16 08:52:41,766 - WARNING - Could not find registration number for horse: dh-Charlotte's Silver
2025-12-16 08:52:41,829 - WARNING - Could not find registration number for horse: dh-Katchy Name
2025-12-16 08:52:41,932 - WARNING - Could not find registration number for horse: dh-Clear Destination
2025-12-16 08:52:42,283 - WARNING - Could not find registration number for horse: dh-Have a Souper Day
2025-12-16 08:52:42,541 - INFO - Inserted 33306 position call records
2025-12-16 08:52:42,602 - WARNING - Could not find registration number for horse: dq-Astapovo
2025-12-16 08:52:42,607 - WARNING - Could not find registration number for horse: dh-Chasing Bourbon
2025-12-16 08:52:42,787 - WARNING - Could not find registration number for horse: dh-Vandoo
2025-12-16 08:52:43,091 - WARNING - Could not find registration number for horse: dq-Hai Bobbi
2025-12-16 08:52:43,352 - WARNING - Could not find registration number for horse: dh-Pipit
2025-12-16 08:52:43,599 - WARNING - Could not find registration number for horse: dh-Souper Sunshine
2025-12-16 08:52:43,613 - WARNING - Could not find registration number for horse: dh-Golden Canary
2025-12-16 08:52:43,682 - WARNING - Could not find registration number for horse: Cozy Curlin Kitten
2025-12-16 08:52:43,717 - WARNING - Could not find registration number for horse: dh-Jimmies Big Day
2025-12-16 08:52:43,719 - WARNING - Could not find registration number for horse: dh-Ondine Lady
2025-12-16 08:52:43,850 - WARNING - Could not find registration number for horse: dq-Seattle Down Under
2025-12-16 08:52:43,954 - WARNING - Could not find registration number for horse: dh-Hits Different
2025-12-16 08:52:44,566 - WARNING - Could not find registration number for horse: dh-Rocket Joe Copper
2025-12-16 08:52:44,895 - WARNING - Could not find registration number for horse: dh-Hardware Gap
2025-12-16 08:52:45,020 - WARNING - Could not find registration number for horse: dh-Benlion
2025-12-16 08:52:45,373 - WARNING - Could not find registration number for horse: dh-Timeskip
2025-12-16 08:52:45,777 - WARNING - Could not find registration number for horse: dq-Solo Album
2025-12-16 08:52:45,957 - WARNING - Could not find registration number for horse: dq-Chairman Rainbow
2025-12-16 08:52:46,141 - WARNING - Could not find registration number for horse: dq-Souper Sunshine
2025-12-16 08:52:46,295 - WARNING - Could not find registration number for horse: dq-Rock Bullet
2025-12-16 08:52:46,728 - WARNING - Could not find registration number for horse: dq-Twixter
2025-12-16 08:52:47,053 - WARNING - Could not find registration number for horse: dq-Why Em Sea Ay
2025-12-16 08:52:47,135 - WARNING - Could not find registration number for horse: dq-Buck's Fizz
2025-12-16 08:52:47,414 - WARNING - Could not find registration number for horse: dh-Wenjack
2025-12-16 08:52:47,656 - WARNING - Could not find registration number for horse: dh-Big Investment
2025-12-16 08:52:47,878 - WARNING - Could not find registration number for horse: dq-Hot Omelet
2025-12-16 08:52:47,929 - WARNING - Could not find registration number for horse: dh-Distorted Flash
2025-12-16 08:52:48,174 - WARNING - Could not find registration number for horse: dh-Dicey
2025-12-16 08:52:48,278 - WARNING - Could not find registration number for horse: dq-Julie's Mist
2025-12-16 08:52:48,284 - WARNING - Could not find registration number for horse: dh-Messier
2025-12-16 08:52:48,515 - WARNING - Could not find registration number for horse: dh-Journeyman
2025-12-16 08:52:48,774 - WARNING - Could not find registration number for horse: dh-Royal Blush
2025-12-16 08:52:49,016 - WARNING - Could not find registration number for horse: dh-She Makes a Point
2025-12-16 08:52:49,430 - WARNING - Could not find registration number for horse: dq-Hurricane Clair
2025-12-16 08:52:50,727 - WARNING - Could not find registration number for horse: dq-Three Sonny Sideup
2025-12-16 08:52:50,827 - WARNING - Could not find registration number for horse: dh-Hey Roxy
2025-12-16 08:52:50,947 - WARNING - Could not find registration number for horse: dh-Jacks Spring Break
2025-12-16 08:52:50,958 - WARNING - Could not find registration number for horse: dh-Naughty Natalie
2025-12-16 08:52:51,130 - WARNING - Could not find registration number for horse: dh-Kwik
2025-12-16 08:52:52,127 - WARNING - Could not find registration number for horse: dh-Clear Destination
2025-12-16 08:52:52,376 - WARNING - Could not find registration number for horse: dh-Avoman
2025-12-16 08:52:52,499 - WARNING - Could not find registration number for horse: Little Dolls Party
2025-12-16 08:52:52,739 - WARNING - Could not find registration number for horse: dq-Shanghai Skipper
2025-12-16 08:52:53,373 - WARNING - Could not find registration number for horse: dh-West Texas Rain
2025-12-16 08:52:53,604 - WARNING - Could not find registration number for horse: dh-Mister Wayside
2025-12-16 08:52:53,763 - INFO - Processed 4800 files. Race updates: 41552, Entry updates: 307064
2025-12-16 08:52:54,115 - INFO - Performing batch database update...
2025-12-16 08:52:54,139 - WARNING - Could not find registration number for horse: dq-Devil's Bit
2025-12-16 08:52:54,205 - INFO - Updated 680 races with results
2025-12-16 08:52:54,322 - WARNING - Could not find registration number for horse: dh-Cecis Desert Wonder
2025-12-16 08:52:54,505 - WARNING - Could not find registration number for horse: dh-Canyons Streaking
2025-12-16 08:52:54,513 - INFO - Updated 5365 entries with results
2025-12-16 08:52:54,644 - WARNING - Could not find registration number for horse: dh-Whole Lotta Turnpike
2025-12-16 08:52:55,084 - WARNING - Could not find registration number for horse: dh-Wf Wire Me Roses
2025-12-16 08:52:55,146 - INFO - Inserted 4507 wagering records
2025-12-16 08:52:55,256 - INFO - Inserted 1440 fraction records
2025-12-16 08:52:55,584 - WARNING - Could not find registration number for horse: dh-Rc 2
2025-12-16 08:52:55,820 - WARNING - Could not find registration number for horse: dh-Stolin Home Brew
2025-12-16 08:52:55,832 - WARNING - Could not find registration number for horse: dh-Storm of Coronas
2025-12-16 08:52:55,900 - WARNING - Could not find registration number for horse: dh-Jk Catch the Spirit
2025-12-16 08:52:56,014 - WARNING - Could not find registration number for horse: dq-Brush My Secret
2025-12-16 08:52:56,030 - WARNING - Could not find registration number for horse: dh-Bv Sweet Caroline
2025-12-16 08:52:56,109 - WARNING - Could not find registration number for horse: dh-Hes All Corona
2025-12-16 08:52:56,111 - WARNING - Could not find registration number for horse: dh-Paige
2025-12-16 08:52:56,229 - WARNING - Could not find registration number for horse: dh-Relentless Zoom
2025-12-16 08:52:56,303 - WARNING - Could not find registration number for horse: dh-Rc Jones 11
2025-12-16 08:52:56,367 - WARNING - Could not find registration number for horse: dh-Run Marie Run
2025-12-16 08:52:56,526 - WARNING - Could not find registration number for horse: dh-Rare Roy
2025-12-16 08:52:56,566 - WARNING - Could not find registration number for horse: dh-Romantic Sweetgirl
2025-12-16 08:52:56,658 - WARNING - Could not find registration number for horse: dh-Apollitical Suze
2025-12-16 08:52:56,699 - WARNING - Could not find registration number for horse: dh-Lethal Timber
2025-12-16 08:52:56,894 - WARNING - Could not find registration number for horse: dh-Dance the Dust Off
2025-12-16 08:52:57,098 - WARNING - Could not find registration number for horse: dh-Parr for Dynasty
2025-12-16 08:52:57,139 - WARNING - Could not find registration number for horse: dh-Yo Brindis Delite
2025-12-16 08:52:57,218 - WARNING - Could not find registration number for horse: dq-Pops Awesome
2025-12-16 08:52:57,227 - WARNING - Could not find registration number for horse: dh-Wr Ahhhsome Lady
2025-12-16 08:52:57,477 - WARNING - Could not find registration number for horse: dh-The Dream
2025-12-16 08:52:57,535 - WARNING - Could not find registration number for horse: dh-Diamond Dusting
2025-12-16 08:52:57,535 - WARNING - Could not find registration number for horse: dq-Tribal Creek
2025-12-16 08:52:57,537 - WARNING - Could not find registration number for horse: dq-Moon Music
2025-12-16 08:52:57,565 - WARNING - Could not find registration number for horse: Time Too Go
2025-12-16 08:52:57,769 - INFO - Inserted 42702 position call records
2025-12-16 08:52:57,987 - WARNING - Could not find registration number for horse: dh-Er Movin Pappa
2025-12-16 08:52:58,149 - WARNING - Could not find registration number for horse: dh-Cruzn Pro
2025-12-16 08:52:58,169 - WARNING - Could not find registration number for horse: dh-Aj Fast Corona
2025-12-16 08:52:58,220 - WARNING - Could not find registration number for horse: dq-Come Correct
2025-12-16 08:52:58,264 - WARNING - Could not find registration number for horse: dq-Pappas On Joy
2025-12-16 08:52:58,322 - WARNING - Could not find registration number for horse: dq-Billyboysacoastin
2025-12-16 08:52:58,467 - WARNING - Could not find registration number for horse: Little Dolls Party
2025-12-16 08:52:58,525 - WARNING - Could not find registration number for horse: dq-Tribal Creek
2025-12-16 08:52:58,688 - WARNING - Could not find registration number for horse: dq-Bongino
2025-12-16 08:52:58,769 - WARNING - Could not find registration number for horse: dq-Moonlite Graham
2025-12-16 08:52:58,870 - WARNING - Could not find registration number for horse: dq-Jk Blue Hero
2025-12-16 08:52:59,062 - WARNING - Could not find registration number for horse: dq-Jump the Gun
2025-12-16 08:52:59,104 - WARNING - Could not find registration number for horse: dq-Perry Legacy
2025-12-16 08:52:59,107 - WARNING - Could not find registration number for horse: dq-Kcross Dashonacorona
2025-12-16 08:52:59,115 - WARNING - Could not find registration number for horse: dh-Big Caney
2025-12-16 08:52:59,223 - WARNING - Could not find registration number for horse: Time Too Go
2025-12-16 08:52:59,282 - WARNING - Could not find registration number for horse: dq-Eagles Peak
2025-12-16 08:52:59,452 - WARNING - Could not find registration number for horse: dh-Justoneofthemgirls
2025-12-16 08:52:59,508 - WARNING - Could not find registration number for horse: dh-Nomad Too
2025-12-16 08:52:59,751 - WARNING - Could not find registration number for horse: dh-Pendelton
2025-12-16 08:52:59,808 - WARNING - Could not find registration number for horse: dq-Tribal Creek
2025-12-16 08:53:00,034 - WARNING - Could not find registration number for horse: dq-Jv Rockin Da Winner
2025-12-16 08:53:00,051 - WARNING - Could not find registration number for horse: dh-Tbt Meter Reader
2025-12-16 08:53:00,147 - WARNING - Could not find registration number for horse: dh-Racys Pilot
2025-12-16 08:53:00,188 - WARNING - Could not find registration number for horse: dh-Favorite Captain
2025-12-16 08:53:00,205 - WARNING - Could not find registration number for horse: dh-Choot Em Lizz
2025-12-16 08:53:00,266 - WARNING - Could not find registration number for horse: dh-Giant Courage
2025-12-16 08:53:00,323 - WARNING - Could not find registration number for horse: dq-Hi Tail It
2025-12-16 08:53:00,441 - WARNING - Could not find registration number for horse: dq-Zulu Diamond
2025-12-16 08:53:00,486 - WARNING - Could not find registration number for horse: dh-Game for Corona Hot
2025-12-16 08:53:00,535 - WARNING - Could not find registration number for horse: dh-U Crack Me Up
2025-12-16 08:53:00,562 - WARNING - Could not find registration number for horse: dh-Nbc Mr Blackie
2025-12-16 08:53:00,607 - WARNING - Could not find registration number for horse: dq-Streakin Zoomer Cat
2025-12-16 08:53:00,609 - WARNING - Could not find registration number for horse: dq-Wild Firewater
2025-12-16 08:53:00,736 - WARNING - Could not find registration number for horse: dq-Whiskey Wes
2025-12-16 08:53:00,893 - WARNING - Could not find registration number for horse: dq-Wheels Up Bb
2025-12-16 08:53:00,948 - WARNING - Could not find registration number for horse: Time Too Go
2025-12-16 08:53:00,964 - WARNING - Could not find registration number for horse: dq-Hes Audacious
2025-12-16 08:53:01,365 - WARNING - Could not find registration number for horse: dq-Rm Political Rose
2025-12-16 08:53:01,410 - WARNING - Could not find registration number for horse: dq-Candy Track
2025-12-16 08:53:01,437 - WARNING - Could not find registration number for horse: dh-She Hit a Homer
2025-12-16 08:53:01,470 - WARNING - Could not find registration number for horse: dq-Lota Totherescue
2025-12-16 08:53:01,552 - WARNING - Could not find registration number for horse: dhdq-Broadway Dish
2025-12-16 08:53:01,671 - WARNING - Could not find registration number for horse: dh-Chasing Glock
2025-12-16 08:53:01,719 - WARNING - Could not find registration number for horse: dq-Jm Special Ryon
2025-12-16 08:53:01,809 - WARNING - Could not find registration number for horse: dh-Chanel Gypsy
2025-12-16 08:53:01,939 - WARNING - Could not find registration number for horse: dh-Ivory Lips
2025-12-16 08:53:02,030 - WARNING - Could not find registration number for horse: dq-Drinkroundthetruth
2025-12-16 08:53:02,188 - WARNING - Could not find registration number for horse: dq-Gg Pearl Hart
2025-12-16 08:53:02,314 - WARNING - Could not find registration number for horse: dh-Super Stuper
2025-12-16 08:53:02,495 - WARNING - Could not find registration number for horse: dh-Nazboo
2025-12-16 08:53:02,735 - WARNING - Could not find registration number for horse: dh-Wind River Dynasty
2025-12-16 08:53:02,763 - WARNING - Could not find registration number for horse: dq-Deans Daddy
2025-12-16 08:53:02,846 - WARNING - Could not find registration number for horse: dq-Wanna See My Quickie
2025-12-16 08:53:02,846 - WARNING - Could not find registration number for horse: Time Too Go
2025-12-16 08:53:02,948 - WARNING - Could not find registration number for horse: dq-Bp Desert Streak
2025-12-16 08:53:03,051 - WARNING - Could not find registration number for horse: dq-Talent Not Luck
2025-12-16 08:53:03,097 - WARNING - Could not find registration number for horse: dh-Freeman
2025-12-16 08:53:03,155 - WARNING - Could not find registration number for horse: dq-Dont Be a Karen
2025-12-16 08:53:03,202 - WARNING - Could not find registration number for horse: dq-Grs Daddys Mamacita
2025-12-16 08:53:03,245 - WARNING - Could not find registration number for horse: dq-Meleros Chica
2025-12-16 08:53:03,343 - WARNING - Could not find registration number for horse: dq-Wagons Moving First
2025-12-16 08:53:03,436 - WARNING - Could not find registration number for horse: dh-My Favorite Partner
2025-12-16 08:53:03,454 - WARNING - Could not find registration number for horse: dq-Separate Traffic
2025-12-16 08:53:03,514 - WARNING - Could not find registration number for horse: dh-Kiss of Bliss
2025-12-16 08:53:03,527 - WARNING - Could not find registration number for horse: dq-Classic Dynasty Dash
2025-12-16 08:53:04,005 - WARNING - Could not find registration number for horse: dh-La Bella Julia
2025-12-16 08:53:04,071 - WARNING - Could not find registration number for horse: dh-Our Dear Girl
2025-12-16 08:53:04,117 - WARNING - Could not find registration number for horse: dh-Tempting Babe
2025-12-16 08:53:04,135 - WARNING - Could not find registration number for horse: dhdq-Getcha Romance
2025-12-16 08:53:04,378 - WARNING - Could not find registration number for horse: dq-Daddy Dollar Os
2025-12-16 08:53:04,737 - WARNING - Could not find registration number for horse: dq-Alberta Sun
2025-12-16 08:53:04,796 - WARNING - Could not find registration number for horse: dh-Big Crush Bb
2025-12-16 08:53:04,859 - WARNING - Could not find registration number for horse: dh-Hs Paul Walker
2025-12-16 08:53:04,867 - WARNING - Could not find registration number for horse: dq-Hide My Wine
2025-12-16 08:53:04,970 - WARNING - Could not find registration number for horse: dq-Margaret River
2025-12-16 08:53:05,085 - WARNING - Could not find registration number for horse: dq-Lose My Number
2025-12-16 08:53:05,329 - WARNING - Could not find registration number for horse: dq-Second to No Other
2025-12-16 08:53:05,408 - WARNING - Could not find registration number for horse: dq-Pops Awesome
2025-12-16 08:53:05,420 - WARNING - Could not find registration number for horse: dq-Mc Eagle
2025-12-16 08:53:05,671 - WARNING - Could not find registration number for horse: dq-Cee Cee Gee
2025-12-16 08:53:05,720 - WARNING - Could not find registration number for horse: dq-Drest for Success
2025-12-16 08:53:06,061 - WARNING - Could not find registration number for horse: dq-Where Is My Corona
2025-12-16 08:53:06,264 - WARNING - Could not find registration number for horse: dq-Blue Skye Jade
2025-12-16 08:53:06,298 - WARNING - Could not find registration number for horse: dh-Love N the Moon
2025-12-16 08:53:06,298 - WARNING - Could not find registration number for horse: dq-Wicked Corona Z
2025-12-16 08:53:06,337 - WARNING - Could not find registration number for horse: dh-Little Scary Chic
2025-12-16 08:53:06,349 - WARNING - Could not find registration number for horse: dh-Scandalous Fury
2025-12-16 08:53:06,416 - WARNING - Could not find registration number for horse: dh-Rarin
2025-12-16 08:53:06,439 - WARNING - Could not find registration number for horse: dq-Jumpn Regal
2025-12-16 08:53:06,500 - WARNING - Could not find registration number for horse: dq-Trace My Dust
2025-12-16 08:53:06,550 - WARNING - Could not find registration number for horse: dq-Duanes Howd Id Do
2025-12-16 08:53:06,877 - WARNING - Could not find registration number for horse: dq-Twelve Stars
2025-12-16 08:53:06,890 - WARNING - Could not find registration number for horse: dq-Daddy Dollar Os
2025-12-16 08:53:07,226 - WARNING - Could not find registration number for horse: dq-Rosies Bolt
2025-12-16 08:53:07,449 - WARNING - Could not find registration number for horse: dq-Alamo Lake
2025-12-16 08:53:07,476 - WARNING - Could not find registration number for horse: dh-Short Pockets
2025-12-16 08:53:07,486 - INFO - Processed 4900 files. Race updates: 42554, Entry updates: 315201
2025-12-16 08:53:07,486 - WARNING - Could not find registration number for horse: dh-Awesome Walker
2025-12-16 08:53:07,542 - INFO - Final batch database update...
2025-12-16 08:53:07,552 - INFO - Updated 334 races with results
2025-12-16 08:53:07,757 - INFO - Updated 6688 entries with results
2025-12-16 08:53:07,790 - INFO - Inserted 1285 wagering records
2025-12-16 08:53:07,816 - INFO - Inserted 424 fraction records
2025-12-16 08:53:08,831 - INFO - Inserted 30156 position call records
2025-12-16 08:53:08,844 - INFO - ============================================================
2025-12-16 08:53:08,844 - INFO - RESULT CHART EXTRACTION COMPLETE
2025-12-16 08:53:08,844 - INFO - ============================================================
2025-12-16 08:53:08,844 - INFO - Files processed: 4906
2025-12-16 08:53:08,844 - INFO - Races updated: 42618
2025-12-16 08:53:08,844 - INFO - Entries updated: 315773
2025-12-16 08:53:08,844 - INFO - Wagering records: 1285
2025-12-16 08:53:08,844 - INFO - Fraction records: 424
2025-12-16 08:53:08,844 - INFO - Errors: 0
2025-12-16 08:53:08,844 - INFO - Duration: 656.61 seconds
2025-12-16 08:53:08,844 - INFO - Files per second: 7.47
2025-12-16 08:53:08,844 - INFO - ============================================================
2025-12-16 08:53:08,865 - INFO - ============================================================
2025-12-16 08:53:08,865 - INFO - FULL PIPELINE COMPLETE
2025-12-16 08:53:08,865 - INFO - ============================================================
2025-12-16 08:53:08,865 - INFO - Total pipeline duration: 46.2 minutes
2025-12-16 08:53:08,865 - INFO - ============================================================
2025-12-16 08:53:08,874 - INFO -    Horses: 72,170
2025-12-16 08:53:08,874 - INFO -    Races: 7,992
2025-12-16 08:53:08,874 - INFO -    Entries: 75,314
2025-12-16 08:53:08,874 - INFO -    Wagering records: 177,077
2026-03-29 20:57:40,152 - INFO - Starting horse data extraction from 2023 PPs
2026-03-29 20:57:40,152 - INFO - Using 45 workers with high-memory optimization
2026-03-29 20:58:10,278 - INFO - Found 5925 XML files to process
2026-03-29 20:58:10,633 - ERROR - Error processing file ('2023 PPs\\SIMD20230101AQU_USA.xml.zip', '__MACOSX/._SIMD20230101AQU_USA.xml'): 'utf-8' codec can't decode byte 0x80 in position 37: invalid start byte
2026-03-29 20:58:18,653 - INFO - Performing batch database insert...
2026-03-29 20:58:33,637 - INFO - Processed 100 files. Horses: 6824, Trainers: 2025, Owners: 4131
2026-03-29 20:58:50,560 - INFO - Processed 200 files. Horses: 13643, Trainers: 2833, Owners: 6768
2026-03-29 20:59:05,091 - INFO - Processed 300 files. Horses: 18421, Trainers: 3191, Owners: 8402
2026-03-29 20:59:21,712 - INFO - Processed 400 files. Horses: 21557, Trainers: 3339, Owners: 9488
2026-03-29 20:59:38,096 - INFO - Processed 500 files. Horses: 23821, Trainers: 3514, Owners: 10222
2026-03-29 20:59:54,824 - INFO - Processed 600 files. Horses: 25495, Trainers: 3640, Owners: 10788
2026-03-29 21:00:10,981 - INFO - Processed 700 files. Horses: 26856, Trainers: 3710, Owners: 11281
2026-03-29 21:00:28,740 - INFO - Processed 800 files. Horses: 28533, Trainers: 3989, Owners: 11908
2026-03-29 21:00:45,939 - INFO - Processed 900 files. Horses: 29913, Trainers: 4093, Owners: 12503
2026-03-29 21:01:04,128 - INFO - Processed 1000 files. Horses: 31695, Trainers: 4259, Owners: 13149
2026-03-29 21:01:19,934 - INFO - Processed 1100 files. Horses: 32991, Trainers: 4352, Owners: 13650
2026-03-29 21:01:38,527 - INFO - Processed 1200 files. Horses: 34217, Trainers: 4465, Owners: 14153
2026-03-29 21:01:57,820 - INFO - Processed 1300 files. Horses: 35872, Trainers: 4639, Owners: 14778
2026-03-29 21:02:16,806 - INFO - Processed 1400 files. Horses: 37255, Trainers: 4755, Owners: 15212
2026-03-29 21:02:33,746 - INFO - Processed 1500 files. Horses: 38782, Trainers: 4906, Owners: 15848
2026-03-29 21:02:51,581 - INFO - Processed 1600 files. Horses: 40215, Trainers: 5067, Owners: 16450
2026-03-29 21:03:09,996 - INFO - Processed 1700 files. Horses: 41795, Trainers: 5225, Owners: 17095
2026-03-29 21:03:27,762 - INFO - Processed 1800 files. Horses: 43196, Trainers: 5391, Owners: 17766
2026-03-29 21:03:43,715 - INFO - Processed 1900 files. Horses: 45017, Trainers: 5578, Owners: 18527
2026-03-29 21:04:01,651 - INFO - Processed 2000 files. Horses: 46310, Trainers: 5672, Owners: 19043
2026-03-29 21:04:20,308 - INFO - Processed 2100 files. Horses: 47760, Trainers: 5778, Owners: 19605
2026-03-29 21:04:38,561 - INFO - Processed 2200 files. Horses: 49342, Trainers: 5869, Owners: 20164
2026-03-29 21:04:54,270 - INFO - Processed 2300 files. Horses: 50513, Trainers: 5956, Owners: 20641
2026-03-29 21:05:11,341 - INFO - Processed 2400 files. Horses: 51587, Trainers: 6030, Owners: 21035
2026-03-29 21:05:29,643 - INFO - Processed 2500 files. Horses: 52455, Trainers: 6105, Owners: 21398
2026-03-29 21:05:49,366 - INFO - Processed 2600 files. Horses: 53498, Trainers: 6207, Owners: 21837
2026-03-29 21:06:05,030 - INFO - Processed 2700 files. Horses: 54361, Trainers: 6290, Owners: 22203
2026-03-29 21:06:25,203 - INFO - Processed 2800 files. Horses: 55646, Trainers: 6414, Owners: 22760
2026-03-29 21:06:45,705 - INFO - Processed 2900 files. Horses: 56492, Trainers: 6488, Owners: 23073
2026-03-29 21:07:05,219 - INFO - Processed 3000 files. Horses: 57164, Trainers: 6524, Owners: 23320
2026-03-29 21:07:22,421 - INFO - Processed 3100 files. Horses: 57740, Trainers: 6568, Owners: 23535
2026-03-29 21:07:43,304 - INFO - Processed 3200 files. Horses: 58323, Trainers: 6614, Owners: 23792
2026-03-29 21:08:03,116 - INFO - Processed 3300 files. Horses: 58993, Trainers: 6656, Owners: 24035
2026-03-29 21:08:22,354 - INFO - Processed 3400 files. Horses: 59639, Trainers: 6688, Owners: 24277
2026-03-29 21:08:40,516 - INFO - Processed 3500 files. Horses: 60249, Trainers: 6727, Owners: 24502
2026-03-29 21:09:02,307 - INFO - Processed 3600 files. Horses: 60974, Trainers: 6753, Owners: 24769
2026-03-29 21:09:20,790 - INFO - Processed 3700 files. Horses: 61547, Trainers: 6775, Owners: 24956
2026-03-29 21:09:39,759 - INFO - Processed 3800 files. Horses: 62067, Trainers: 6803, Owners: 25142
2026-03-29 21:09:45,683 - INFO - Starting horse data extraction from 2023 PPs
2026-03-29 21:09:45,683 - INFO - Using 45 workers with high-memory optimization
2026-03-29 21:09:45,881 - INFO - Found 5925 XML files to process
2026-03-29 21:09:46,251 - ERROR - Error processing file ('2023 PPs\\SIMD20230101AQU_USA.xml.zip', '__MACOSX/._SIMD20230101AQU_USA.xml'): 'utf-8' codec can't decode byte 0x80 in position 37: invalid start byte
2026-03-29 21:09:54,526 - INFO - Performing batch database insert...
2026-03-29 21:09:58,688 - INFO - Processed 3900 files. Horses: 62801, Trainers: 6857, Owners: 25366
2026-03-29 21:10:09,861 - INFO - Processed 100 files. Horses: 6848, Trainers: 2054, Owners: 4114
2026-03-29 21:10:18,556 - INFO - Processed 4000 files. Horses: 63311, Trainers: 6895, Owners: 25544
2026-03-29 21:10:27,250 - INFO - Processed 200 files. Horses: 13627, Trainers: 2843, Owners: 6772
2026-03-29 21:10:39,918 - INFO - Processed 4100 files. Horses: 63807, Trainers: 6919, Owners: 25736
2026-03-29 21:10:42,411 - INFO - Processed 300 files. Horses: 18347, Trainers: 3184, Owners: 8390
2026-03-29 21:10:59,016 - INFO - Processed 400 files. Horses: 21518, Trainers: 3354, Owners: 9483
2026-03-29 21:11:01,158 - INFO - Processed 4200 files. Horses: 64288, Trainers: 6944, Owners: 25936
2026-03-29 21:11:16,169 - INFO - Processed 500 files. Horses: 23795, Trainers: 3515, Owners: 10201
2026-03-29 21:11:22,686 - INFO - Processed 4300 files. Horses: 64850, Trainers: 6967, Owners: 26131
2026-03-29 21:11:34,262 - INFO - Processed 600 files. Horses: 25415, Trainers: 3628, Owners: 10789
2026-03-29 21:11:45,053 - INFO - Processed 4400 files. Horses: 65353, Trainers: 6998, Owners: 26323
2026-03-29 21:11:51,601 - INFO - Processed 700 files. Horses: 26847, Trainers: 3723, Owners: 11280
2026-03-29 21:12:08,356 - INFO - Processed 4500 files. Horses: 65855, Trainers: 7041, Owners: 26514
2026-03-29 21:12:10,092 - INFO - Processed 800 files. Horses: 28425, Trainers: 4000, Owners: 11849
2026-03-29 21:12:27,965 - INFO - Processed 900 files. Horses: 29917, Trainers: 4110, Owners: 12505
2026-03-29 21:12:30,501 - INFO - Processed 4600 files. Horses: 66336, Trainers: 7063, Owners: 26675
2026-03-29 21:12:46,790 - INFO - Processed 1000 files. Horses: 31708, Trainers: 4282, Owners: 13146
2026-03-29 21:12:51,428 - INFO - Processed 4700 files. Horses: 66897, Trainers: 7099, Owners: 26874
2026-03-29 21:13:04,337 - INFO - Processed 1100 files. Horses: 33002, Trainers: 4375, Owners: 13649
2026-03-29 21:13:14,794 - INFO - Processed 4800 files. Horses: 67372, Trainers: 7147, Owners: 27071
2026-03-29 21:13:23,776 - INFO - Processed 1200 files. Horses: 34280, Trainers: 4493, Owners: 14181
2026-03-29 21:13:39,482 - INFO - Processed 4900 files. Horses: 67813, Trainers: 7165, Owners: 27252
2026-03-29 21:13:44,200 - INFO - Processed 1300 files. Horses: 35885, Trainers: 4665, Owners: 14778
2026-03-29 21:14:03,184 - INFO - Processed 5000 files. Horses: 68482, Trainers: 7195, Owners: 27479
2026-03-29 21:14:04,065 - INFO - Processed 1400 files. Horses: 37275, Trainers: 4781, Owners: 15213
2026-03-29 21:14:21,980 - INFO - Processed 1500 files. Horses: 38796, Trainers: 4932, Owners: 15849
2026-03-29 21:14:24,231 - INFO - Processed 5100 files. Horses: 69020, Trainers: 7215, Owners: 27633
2026-03-29 21:14:41,825 - INFO - Processed 1600 files. Horses: 40215, Trainers: 5089, Owners: 16454
2026-03-29 21:14:48,606 - INFO - Processed 5200 files. Horses: 69559, Trainers: 7237, Owners: 27793
2026-03-29 21:15:02,223 - INFO - Processed 1700 files. Horses: 41778, Trainers: 5248, Owners: 17086
2026-03-29 21:15:13,680 - INFO - Processed 5300 files. Horses: 70088, Trainers: 7273, Owners: 27930
2026-03-29 21:15:21,463 - INFO - Processed 1800 files. Horses: 43202, Trainers: 5415, Owners: 17764
2026-03-29 21:15:38,246 - INFO - Processed 1900 files. Horses: 45045, Trainers: 5605, Owners: 18530
2026-03-29 21:15:39,432 - INFO - Processed 5400 files. Horses: 70615, Trainers: 7290, Owners: 28102
2026-03-29 21:15:58,138 - INFO - Processed 2000 files. Horses: 46310, Trainers: 5695, Owners: 19044
2026-03-29 21:16:02,178 - INFO - Processed 5500 files. Horses: 71187, Trainers: 7315, Owners: 28283
2026-03-29 21:16:16,668 - INFO - Processed 2100 files. Horses: 47825, Trainers: 5805, Owners: 19633
2026-03-29 21:16:27,274 - INFO - Processed 5600 files. Horses: 71773, Trainers: 7338, Owners: 28455
2026-03-29 21:16:36,121 - INFO - Processed 2200 files. Horses: 49227, Trainers: 5892, Owners: 20152
2026-03-29 21:16:50,453 - INFO - Processed 5700 files. Horses: 72302, Trainers: 7355, Owners: 28652
2026-03-29 21:16:52,449 - INFO - Processed 2300 files. Horses: 50535, Trainers: 5977, Owners: 20641
2026-03-29 21:17:10,748 - INFO - Processed 2400 files. Horses: 51612, Trainers: 6050, Owners: 21037
2026-03-29 21:17:17,418 - INFO - Processed 5800 files. Horses: 72828, Trainers: 7373, Owners: 28826
2026-03-29 21:17:30,298 - INFO - Processed 2500 files. Horses: 52491, Trainers: 6126, Owners: 21402
2026-03-29 21:17:33,637 - INFO - Processed 5900 files. Horses: 73436, Trainers: 7416, Owners: 28989
2026-03-29 21:17:36,225 - INFO - Inserted 73847 horses
2026-03-29 21:17:36,504 - INFO - Inserted 7421 trainers
2026-03-29 21:17:37,628 - INFO - Inserted 29104 owners
2026-03-29 21:17:37,962 - INFO - ============================================================
2026-03-29 21:17:37,962 - INFO - EXTRACTION COMPLETE
2026-03-29 21:17:37,962 - INFO - ============================================================
2026-03-29 21:17:37,962 - INFO - Files processed: 5924
2026-03-29 21:17:37,962 - INFO - Horses extracted: 73847
2026-03-29 21:17:37,962 - INFO - Trainers extracted: 7421
2026-03-29 21:17:37,962 - INFO - Owners extracted: 29104
2026-03-29 21:17:37,962 - INFO - Errors: 1
2026-03-29 21:17:37,962 - INFO - Duration: 1197.81 seconds
2026-03-29 21:17:37,962 - INFO - Files per second: 4.95
2026-03-29 21:17:37,962 - INFO - ============================================================
2026-03-29 21:17:50,191 - INFO - Processed 2600 files. Horses: 53523, Trainers: 6226, Owners: 21832
2026-03-29 21:18:05,971 - INFO - Processed 2700 files. Horses: 54405, Trainers: 6311, Owners: 22210
2026-03-29 21:18:26,029 - INFO - Processed 2800 files. Horses: 55662, Trainers: 6433, Owners: 22757
2026-03-29 21:18:45,204 - INFO - Processed 2900 files. Horses: 56545, Trainers: 6508, Owners: 23076
2026-03-29 21:19:03,507 - INFO - Processed 3000 files. Horses: 57181, Trainers: 6540, Owners: 23320
2026-03-29 21:19:19,325 - INFO - Processed 3100 files. Horses: 57753, Trainers: 6586, Owners: 23536
2026-03-29 21:19:38,349 - INFO - Processed 3200 files. Horses: 58339, Trainers: 6632, Owners: 23792
2026-03-29 21:19:56,325 - INFO - Processed 3300 files. Horses: 59004, Trainers: 6678, Owners: 24035
2026-03-29 21:20:14,450 - INFO - Processed 3400 files. Horses: 59664, Trainers: 6710, Owners: 24279
2026-03-29 21:20:32,749 - INFO - Processed 3500 files. Horses: 60266, Trainers: 6747, Owners: 24499
2026-03-29 21:20:52,793 - INFO - Processed 3600 files. Horses: 60994, Trainers: 6775, Owners: 24768
2026-03-29 21:21:11,747 - INFO - Processed 3700 files. Horses: 61588, Trainers: 6798, Owners: 24956
2026-03-29 21:21:30,944 - INFO - Processed 3800 files. Horses: 62090, Trainers: 6825, Owners: 25141
2026-03-29 21:21:48,841 - INFO - Processed 3900 files. Horses: 62830, Trainers: 6882, Owners: 25364
2026-03-29 21:21:55,309 - INFO - Starting horse data extraction from 2023 PPs
2026-03-29 21:21:55,309 - INFO - Using 45 workers with high-memory optimization
2026-03-29 21:21:55,529 - INFO - Found 5925 XML files to process
2026-03-29 21:21:55,902 - ERROR - Error processing file ('2023 PPs\\SIMD20230101AQU_USA.xml.zip', '__MACOSX/._SIMD20230101AQU_USA.xml'): 'utf-8' codec can't decode byte 0x80 in position 37: invalid start byte
2026-03-29 21:22:04,434 - INFO - Performing batch database insert...
2026-03-29 21:22:08,516 - INFO - Processed 4000 files. Horses: 63342, Trainers: 6918, Owners: 25543
2026-03-29 21:22:19,903 - INFO - Processed 100 files. Horses: 6833, Trainers: 2062, Owners: 4115
2026-03-29 21:22:30,047 - INFO - Processed 4100 files. Horses: 63828, Trainers: 6942, Owners: 25727
2026-03-29 21:22:37,700 - INFO - Processed 200 files. Horses: 13592, Trainers: 2821, Owners: 6775
2026-03-29 21:22:51,957 - INFO - Processed 4200 files. Horses: 64317, Trainers: 6967, Owners: 25933
2026-03-29 21:22:53,498 - INFO - Processed 300 files. Horses: 18361, Trainers: 3187, Owners: 8402
2026-03-29 21:23:11,242 - INFO - Processed 400 files. Horses: 21525, Trainers: 3358, Owners: 9486
2026-03-29 21:23:13,826 - INFO - Processed 4300 files. Horses: 64882, Trainers: 6990, Owners: 26130
2026-03-29 21:23:28,418 - INFO - Processed 500 files. Horses: 23794, Trainers: 3522, Owners: 10204
2026-03-29 21:23:35,934 - INFO - Processed 4400 files. Horses: 65400, Trainers: 7021, Owners: 26335
2026-03-29 21:23:46,387 - INFO - Processed 600 files. Horses: 25373, Trainers: 3618, Owners: 10793
2026-03-29 21:23:59,384 - INFO - Processed 4500 files. Horses: 65891, Trainers: 7064, Owners: 26513
2026-03-29 21:24:03,434 - INFO - Processed 700 files. Horses: 26839, Trainers: 3732, Owners: 11286
2026-03-29 21:24:21,774 - INFO - Processed 4600 files. Horses: 66368, Trainers: 7084, Owners: 26674
2026-03-29 21:24:22,231 - INFO - Processed 800 files. Horses: 28501, Trainers: 4010, Owners: 11886
2026-03-29 21:24:39,045 - INFO - Processed 900 files. Horses: 29924, Trainers: 4118, Owners: 12508
2026-03-29 21:24:42,058 - INFO - Processed 4700 files. Horses: 66815, Trainers: 7123, Owners: 26850
2026-03-29 21:24:57,703 - INFO - Processed 1000 files. Horses: 31715, Trainers: 4286, Owners: 13150
2026-03-29 21:25:04,763 - INFO - Processed 4800 files. Horses: 67418, Trainers: 7170, Owners: 27065
2026-03-29 21:25:14,826 - INFO - Processed 1100 files. Horses: 33013, Trainers: 4379, Owners: 13652
2026-03-29 21:25:28,903 - INFO - Processed 4900 files. Horses: 67888, Trainers: 7190, Owners: 27257
2026-03-29 21:25:33,885 - INFO - Processed 1200 files. Horses: 34261, Trainers: 4501, Owners: 14171
2026-03-29 21:25:53,393 - INFO - Processed 5000 files. Horses: 68517, Trainers: 7217, Owners: 27480
2026-03-29 21:25:54,858 - INFO - Processed 1300 files. Horses: 35858, Trainers: 4669, Owners: 14785
2026-03-29 21:26:13,308 - INFO - Processed 5100 files. Horses: 69066, Trainers: 7236, Owners: 27631
2026-03-29 21:26:14,664 - INFO - Processed 1400 files. Horses: 37299, Trainers: 4782, Owners: 15219
2026-03-29 21:26:31,731 - INFO - Processed 1500 files. Horses: 38821, Trainers: 4961, Owners: 15890
2026-03-29 21:26:36,558 - INFO - Processed 5200 files. Horses: 69598, Trainers: 7256, Owners: 27790
2026-03-29 21:26:51,043 - INFO - Processed 1600 files. Horses: 40201, Trainers: 5089, Owners: 16450
2026-03-29 21:27:00,671 - INFO - Starting horse data extraction from 2023 PPs
2026-03-29 21:27:00,671 - INFO - Using 45 workers with high-memory optimization
2026-03-29 21:27:00,896 - INFO - Found 5925 XML files to process
2026-03-29 21:27:00,951 - INFO - Processed 5300 files. Horses: 70125, Trainers: 7292, Owners: 27931
2026-03-29 21:27:01,246 - ERROR - Error processing file ('2023 PPs\\SIMD20230101AQU_USA.xml.zip', '__MACOSX/._SIMD20230101AQU_USA.xml'): 'utf-8' codec can't decode byte 0x80 in position 37: invalid start byte
2026-03-29 21:27:09,986 - INFO - Performing batch database insert...
2026-03-29 21:27:25,246 - INFO - Processed 100 files. Horses: 6818, Trainers: 2056, Owners: 4121
2026-03-29 21:27:27,489 - INFO - Processed 5400 files. Horses: 70656, Trainers: 7310, Owners: 28097
2026-03-29 21:27:42,441 - INFO - Processed 200 files. Horses: 13636, Trainers: 2832, Owners: 6777
2026-03-29 21:27:50,778 - INFO - Processed 5500 files. Horses: 71234, Trainers: 7336, Owners: 28278
2026-03-29 21:27:59,410 - INFO - Processed 300 files. Horses: 18356, Trainers: 3176, Owners: 8395
2026-03-29 21:28:17,389 - INFO - Processed 5600 files. Horses: 71822, Trainers: 7362, Owners: 28452
2026-03-29 21:28:17,398 - INFO - Processed 400 files. Horses: 21550, Trainers: 3346, Owners: 9481
2026-03-29 21:28:34,230 - INFO - Processed 500 files. Horses: 23848, Trainers: 3526, Owners: 10233
2026-03-29 21:28:42,550 - INFO - Processed 5700 files. Horses: 72335, Trainers: 7378, Owners: 28645
2026-03-29 21:28:52,922 - INFO - Processed 600 files. Horses: 25510, Trainers: 3651, Owners: 10791
2026-03-29 21:29:10,997 - INFO - Processed 700 files. Horses: 26872, Trainers: 3720, Owners: 11284
2026-03-29 21:29:11,064 - INFO - Processed 5800 files. Horses: 72872, Trainers: 7395, Owners: 28823
2026-03-29 21:29:28,851 - INFO - Processed 5900 files. Horses: 73495, Trainers: 7440, Owners: 28985
2026-03-29 21:29:30,793 - INFO - Processed 800 files. Horses: 28548, Trainers: 3995, Owners: 11889
2026-03-29 21:29:31,652 - INFO - Inserted 73903 horses
2026-03-29 21:29:31,941 - INFO - Inserted 7445 trainers
2026-03-29 21:29:33,061 - INFO - Inserted 29101 owners
2026-03-29 21:29:33,389 - INFO - ============================================================
2026-03-29 21:29:33,389 - INFO - EXTRACTION COMPLETE
2026-03-29 21:29:33,389 - INFO - ============================================================
2026-03-29 21:29:33,389 - INFO - Files processed: 5924
2026-03-29 21:29:33,389 - INFO - Horses extracted: 73903
2026-03-29 21:29:33,389 - INFO - Trainers extracted: 7445
2026-03-29 21:29:33,389 - INFO - Owners extracted: 29101
2026-03-29 21:29:33,389 - INFO - Errors: 1
2026-03-29 21:29:33,389 - INFO - Duration: 1187.71 seconds
2026-03-29 21:29:33,389 - INFO - Files per second: 4.99
2026-03-29 21:29:33,389 - INFO - ============================================================
2026-03-29 21:29:48,142 - INFO - Processed 900 files. Horses: 29944, Trainers: 4104, Owners: 12505
2026-03-29 21:30:07,329 - INFO - Processed 1000 files. Horses: 31735, Trainers: 4271, Owners: 13148
2026-03-29 21:30:24,748 - INFO - Processed 1100 files. Horses: 33025, Trainers: 4364, Owners: 13652
2026-03-29 21:30:43,866 - INFO - Processed 1200 files. Horses: 34274, Trainers: 4486, Owners: 14175
2026-03-29 21:31:04,373 - INFO - Processed 1300 files. Horses: 35903, Trainers: 4647, Owners: 14781
2026-03-29 21:31:25,649 - INFO - Processed 1400 files. Horses: 37290, Trainers: 4762, Owners: 15213
2026-03-29 21:31:43,080 - INFO - Processed 1500 files. Horses: 38863, Trainers: 4941, Owners: 15889
2026-03-29 21:32:02,784 - INFO - Processed 1600 files. Horses: 40243, Trainers: 5068, Owners: 16453
2026-03-29 21:32:22,742 - INFO - Processed 1700 files. Horses: 41833, Trainers: 5234, Owners: 17097
2026-03-29 21:32:42,712 - INFO - Processed 1800 files. Horses: 43225, Trainers: 5398, Owners: 17766
2026-03-29 21:33:00,460 - INFO - Processed 1900 files. Horses: 45074, Trainers: 5586, Owners: 18532
2026-03-29 21:33:20,104 - INFO - Processed 2000 files. Horses: 46345, Trainers: 5678, Owners: 19046
2026-03-29 21:33:39,770 - INFO - Processed 2100 files. Horses: 47819, Trainers: 5786, Owners: 19622
2026-03-29 21:34:00,573 - INFO - Processed 2200 files. Horses: 49245, Trainers: 5875, Owners: 20154
2026-03-29 21:34:18,122 - INFO - Processed 2300 files. Horses: 50557, Trainers: 5962, Owners: 20642
2026-03-29 21:34:37,571 - INFO - Processed 2400 files. Horses: 51632, Trainers: 6041, Owners: 21041
2026-03-29 21:34:58,585 - INFO - Processed 2500 files. Horses: 52513, Trainers: 6116, Owners: 21405
2026-03-29 21:35:20,835 - INFO - Processed 2600 files. Horses: 53551, Trainers: 6221, Owners: 21841
2026-03-29 21:35:37,715 - INFO - Processed 2700 files. Horses: 54415, Trainers: 6303, Owners: 22206
2026-03-29 21:35:59,903 - INFO - Processed 2800 files. Horses: 55696, Trainers: 6426, Owners: 22760
2026-03-29 21:36:22,027 - INFO - Processed 2900 files. Horses: 56544, Trainers: 6501, Owners: 23071
2026-03-29 21:36:42,336 - INFO - Processed 3000 files. Horses: 57215, Trainers: 6537, Owners: 23323
2026-03-29 21:37:00,859 - INFO - Processed 3100 files. Horses: 57777, Trainers: 6581, Owners: 23541
2026-03-29 21:37:23,338 - INFO - Processed 3200 files. Horses: 58367, Trainers: 6628, Owners: 23793
2026-03-29 21:37:44,073 - INFO - Processed 3300 files. Horses: 59027, Trainers: 6673, Owners: 24028
2026-03-29 21:38:04,105 - INFO - Processed 3400 files. Horses: 59700, Trainers: 6705, Owners: 24286
2026-03-29 21:38:22,560 - INFO - Processed 3500 files. Horses: 60307, Trainers: 6742, Owners: 24504
2026-03-29 21:38:45,563 - INFO - Processed 3600 files. Horses: 61026, Trainers: 6767, Owners: 24772
2026-03-29 21:39:06,063 - INFO - Processed 3700 files. Horses: 61603, Trainers: 6789, Owners: 24959
2026-03-29 21:39:27,390 - INFO - Processed 3800 files. Horses: 62123, Trainers: 6817, Owners: 25144
2026-03-29 21:39:46,933 - INFO - Processed 3900 files. Horses: 62860, Trainers: 6875, Owners: 25367
2026-03-29 21:40:06,511 - INFO - Processed 4000 files. Horses: 63376, Trainers: 6911, Owners: 25546
2026-03-29 21:40:27,809 - INFO - Processed 4100 files. Horses: 63886, Trainers: 6936, Owners: 25743
2026-03-29 21:40:49,215 - INFO - Processed 4200 files. Horses: 64353, Trainers: 6960, Owners: 25938
2026-03-29 21:41:10,265 - INFO - Processed 4300 files. Horses: 64912, Trainers: 6983, Owners: 26132
2026-03-29 21:41:30,074 - INFO - Processed 4400 files. Horses: 65430, Trainers: 7013, Owners: 26333
2026-03-29 21:41:52,278 - INFO - Processed 4500 files. Horses: 65927, Trainers: 7059, Owners: 26515
2026-03-29 21:42:13,294 - INFO - Processed 4600 files. Horses: 66466, Trainers: 7093, Owners: 26675
2026-03-29 21:42:32,041 - INFO - Processed 4700 files. Horses: 66971, Trainers: 7119, Owners: 26876
2026-03-29 21:42:52,216 - INFO - Processed 4800 files. Horses: 67435, Trainers: 7164, Owners: 27071
2026-03-29 21:43:14,093 - INFO - Processed 4900 files. Horses: 67896, Trainers: 7184, Owners: 27259
2026-03-29 21:43:35,662 - INFO - Processed 5000 files. Horses: 68540, Trainers: 7211, Owners: 27484
2026-03-29 21:43:55,694 - INFO - Processed 5100 files. Horses: 69068, Trainers: 7228, Owners: 27633
2026-03-29 21:44:22,276 - INFO - Processed 5200 files. Horses: 69608, Trainers: 7249, Owners: 27791
2026-03-29 21:44:46,469 - INFO - Processed 5300 files. Horses: 70120, Trainers: 7285, Owners: 27927
2026-03-29 21:45:11,618 - INFO - Processed 5400 files. Horses: 70656, Trainers: 7303, Owners: 28099
2026-03-29 21:45:33,341 - INFO - Processed 5500 files. Horses: 71231, Trainers: 7329, Owners: 28280
2026-03-29 21:45:58,007 - INFO - Processed 5600 files. Horses: 71811, Trainers: 7356, Owners: 28456
2026-03-29 21:46:21,769 - INFO - Processed 5700 files. Horses: 72337, Trainers: 7373, Owners: 28650
2026-03-29 21:46:48,293 - INFO - Processed 5800 files. Horses: 72886, Trainers: 7390, Owners: 28825
2026-03-29 21:47:04,032 - INFO - Processed 5900 files. Horses: 73496, Trainers: 7434, Owners: 28986
2026-03-29 21:47:05,994 - INFO - Inserted 73910 horses
2026-03-29 21:47:06,269 - INFO - Inserted 7439 trainers
2026-03-29 21:47:07,343 - INFO - Inserted 29104 owners
2026-03-29 21:47:07,669 - INFO - ============================================================
2026-03-29 21:47:07,669 - INFO - EXTRACTION COMPLETE
2026-03-29 21:47:07,669 - INFO - ============================================================
2026-03-29 21:47:07,669 - INFO - Files processed: 5924
2026-03-29 21:47:07,669 - INFO - Horses extracted: 73910
2026-03-29 21:47:07,669 - INFO - Trainers extracted: 7439
2026-03-29 21:47:07,669 - INFO - Owners extracted: 29104
2026-03-29 21:47:07,669 - INFO - Errors: 1
2026-03-29 21:47:07,669 - INFO - Duration: 1207.00 seconds
2026-03-29 21:47:07,669 - INFO - Files per second: 4.91
2026-03-29 21:47:07,669 - INFO - ============================================================
