2025-12-16 09:51:40,671 - INFO - Starting Result Chart extraction from 2023 Result Charts
2025-12-16 09:51:40,671 - INFO - Using 45 workers with result updates
2025-12-16 09:51:40,671 - INFO - Found 4906 Result Chart XML files to process
2025-12-16 09:51:41,301 - WARNING - Could not find registration number for horse: dq-Dark N Stormy
2025-12-16 09:51:41,337 - WARNING - Could not find registration number for horse: dh-Hes Mighty Perfect
2025-12-16 09:51:41,381 - WARNING - Could not find registration number for horse: dh-Jezzabella
2025-12-16 09:51:41,506 - WARNING - Could not find registration number for horse: dh-Perrys for Two
2025-12-16 09:51:41,611 - WARNING - Could not find registration number for horse: dh-Bogie Wheels
2025-12-16 09:51:41,644 - WARNING - Could not find registration number for horse: dq-Sugarmans Delight
2025-12-16 09:51:41,671 - WARNING - Could not find registration number for horse: dh-A Shades of Cold
2025-12-16 09:51:41,750 - WARNING - Could not find registration number for horse: dq-Bar Ef Rushfurrcandy
2025-12-16 09:51:41,796 - WARNING - Could not find registration number for horse: dq-Had to Be Relentless
2025-12-16 09:51:41,916 - WARNING - Could not find registration number for horse: dh-Bogie Wheels
2025-12-16 09:51:42,185 - WARNING - Could not find registration number for horse: dh-Pagranas Boy
2025-12-16 09:51:42,233 - WARNING - Could not find registration number for horse: dq-Revenant Eagle
2025-12-16 09:51:42,453 - WARNING - Could not find registration number for horse: dq-Bossy Baby
2025-12-16 09:51:42,500 - WARNING - Could not find registration number for horse: dq-Snow Moose
2025-12-16 09:51:42,647 - WARNING - Could not find registration number for horse: dh-Caraways Jet Moon
2025-12-16 09:51:42,697 - WARNING - Could not find registration number for horse: dq-Va Bebe Valentines
2025-12-16 09:51:42,783 - WARNING - Could not find registration number for horse: dq-First Golden Rose
2025-12-16 09:51:42,787 - WARNING - Could not find registration number for horse: dq-El Comandante Ha
2025-12-16 09:51:42,812 - WARNING - Could not find registration number for horse: dq-Our Island Girl
2025-12-16 09:51:42,890 - WARNING - Could not find registration number for horse: dh-Valiant Chick Insnow
2025-12-16 09:51:42,969 - WARNING - Could not find registration number for horse: dq-Snow Moose
2025-12-16 09:51:43,022 - WARNING - Could not find registration number for horse: dq-Upandover
2025-12-16 09:51:43,039 - WARNING - Could not find registration number for horse: dh-Had to Be Relentless
2025-12-16 09:51:43,125 - WARNING - Could not find registration number for horse: dh-Jess Daddys Diva
2025-12-16 09:51:43,163 - WARNING - Could not find registration number for horse: dq-Incitatus Moon
2025-12-16 09:51:43,396 - WARNING - Could not find registration number for horse: dh-Va Bebe Valentines
2025-12-16 09:51:43,455 - WARNING - Could not find registration number for horse: dq-Cartels Dash
2025-12-16 09:51:43,520 - WARNING - Could not find registration number for horse: dh-Hes Audacious
2025-12-16 09:51:43,520 - WARNING - Could not find registration number for horse: dh-Whiskey Rain
2025-12-16 09:51:43,520 - WARNING - Could not find registration number for horse: dq-Fancyinallofus
2025-12-16 09:51:43,640 - WARNING - Could not find registration number for horse: dh-Classy Jesse
2025-12-16 09:51:43,658 - WARNING - Could not find registration number for horse: dq-Javiers Hustle
2025-12-16 09:51:43,715 - WARNING - Could not find registration number for horse: dq-Phil Jefferson
2025-12-16 09:51:43,727 - WARNING - Could not find registration number for horse: dh-Fire of the Dragon
2025-12-16 09:51:43,734 - WARNING - Could not find registration number for horse: dh-Ma Classy Queen
2025-12-16 09:51:43,858 - WARNING - Could not find registration number for horse: dh-The Painted Lights
2025-12-16 09:51:43,892 - WARNING - Could not find registration number for horse: dhdq-Big Eye
2025-12-16 09:51:43,906 - WARNING - Could not find registration number for horse: dh-Aquatica
2025-12-16 09:51:43,945 - WARNING - Could not find registration number for horse: dq-Ah Wanna Corona
2025-12-16 09:51:43,954 - WARNING - Could not find registration number for horse: dh-Cottons Point
2025-12-16 09:51:44,016 - WARNING - Could not find registration number for horse: dh-Im Aquick Corona
2025-12-16 09:51:44,082 - WARNING - Could not find registration number for horse: dq-Caraways Jet Moon
2025-12-16 09:51:44,278 - WARNING - Could not find registration number for horse: dq-Streakin Big Daddy
2025-12-16 09:51:44,338 - WARNING - Could not find registration number for horse: dq-Dark N Stormy
2025-12-16 09:51:44,385 - WARNING - Could not find registration number for horse: dq-Jess for Your Lady
2025-12-16 09:51:44,499 - WARNING - Could not find registration number for horse: dq-Work Ethic
2025-12-16 09:51:44,624 - WARNING - Could not find registration number for horse: dq-Sa El Mosco
2025-12-16 09:51:44,671 - WARNING - Could not find registration number for horse: dq-Night Leader
2025-12-16 09:51:44,770 - WARNING - Could not find registration number for horse: dq-Cole B
2025-12-16 09:51:44,826 - WARNING - Could not find registration number for horse: dq-Sweet Money
2025-12-16 09:51:44,890 - WARNING - Could not find registration number for horse: dh-Blue Eyed Merlin
2025-12-16 09:51:44,916 - WARNING - Could not find registration number for horse: dh-Payingoffmymarker
2025-12-16 09:51:44,967 - WARNING - Could not find registration number for horse: dq-Princess Bella
2025-12-16 09:51:45,025 - WARNING - Could not find registration number for horse: dq-Firstprize Charlotte
2025-12-16 09:51:45,126 - INFO - Performing batch database update...
2025-12-16 09:51:45,203 - INFO - Updated 528 races with results
2025-12-16 09:51:45,250 - INFO - Updated 678 entries with results
2025-12-16 09:51:45,329 - WARNING - Could not find registration number for horse: dh-Hanover Hill Theresa
2025-12-16 09:51:45,346 - WARNING - Could not find registration number for horse: dh-Community Leader
2025-12-16 09:51:45,356 - WARNING - Could not find registration number for horse: dq-Stormin Attila
2025-12-16 09:51:45,374 - INFO - Inserted 2036 wagering records
2025-12-16 09:51:45,406 - INFO - Inserted 504 fraction records
2025-12-16 09:51:45,655 - WARNING - Could not find registration number for horse: dq-Jtc Lil Moonbar
2025-12-16 09:51:45,788 - WARNING - Could not find registration number for horse: dq-Winter Pool
2025-12-16 09:51:46,471 - WARNING - Could not find registration number for horse: dq-Hit Btween the Ice
2025-12-16 09:51:46,683 - INFO - Inserted 18084 position call records
2025-12-16 09:51:47,130 - WARNING - Could not find registration number for horse: dq-Thunder Dome
2025-12-16 09:51:47,210 - WARNING - Could not find registration number for horse: dh-Irish Seis
2025-12-16 09:51:47,356 - WARNING - Could not find registration number for horse: dq-Magic Is Flying
2025-12-16 09:51:47,421 - WARNING - Could not find registration number for horse: dq-Afleet Arlene
2025-12-16 09:51:47,476 - WARNING - Could not find registration number for horse: dh-Twin Forks
2025-12-16 09:51:47,535 - WARNING - Could not find registration number for horse: dq-Magaby
2025-12-16 09:51:47,952 - WARNING - Could not find registration number for horse: dq-Big League Benny
2025-12-16 09:51:48,158 - WARNING - Could not find registration number for horse: dq-Spiked
2025-12-16 09:51:49,140 - WARNING - Could not find registration number for horse: dq-First Apollo Moon
2025-12-16 09:51:49,250 - WARNING - Could not find registration number for horse: dh-Synthesis
2025-12-16 09:51:49,353 - WARNING - Could not find registration number for horse: dq-Well Ta Do
2025-12-16 09:51:49,546 - WARNING - Could not find registration number for horse: dq-Class Compounds
2025-12-16 09:51:49,562 - WARNING - Could not find registration number for horse: dh-Famished
2025-12-16 09:51:50,025 - WARNING - Could not find registration number for horse: dh-Little Red Rifle
2025-12-16 09:51:50,078 - WARNING - Could not find registration number for horse: dq-D Hopper
2025-12-16 09:51:50,132 - WARNING - Could not find registration number for horse: dq-Maker's Candy
2025-12-16 09:51:50,266 - WARNING - Could not find registration number for horse: dh-Start Them Up
2025-12-16 09:51:50,488 - WARNING - Could not find registration number for horse: dq-Wealth N Health
2025-12-16 09:51:50,914 - WARNING - Could not find registration number for horse: dq-Veltri
2025-12-16 09:51:51,391 - WARNING - Could not find registration number for horse: dq-Midnight Rosie
2025-12-16 09:51:51,687 - WARNING - Could not find registration number for horse: dh-Golden Code
2025-12-16 09:51:51,756 - WARNING - Could not find registration number for horse: dh-Safalow's Mission
2025-12-16 09:51:52,518 - WARNING - Could not find registration number for horse: dq-Drest for Success
2025-12-16 09:51:52,612 - WARNING - Could not find registration number for horse: dq-Central Speed
2025-12-16 09:51:54,070 - WARNING - Could not find registration number for horse: dq-Mandatory
2025-12-16 09:51:54,265 - WARNING - Could not find registration number for horse: dq-Refuah
2025-12-16 09:51:54,390 - WARNING - Could not find registration number for horse: dh-Kumar
2025-12-16 09:51:54,422 - WARNING - Could not find registration number for horse: dh-Jeeper
2025-12-16 09:51:54,501 - WARNING - Could not find registration number for horse: Max S
2025-12-16 09:51:54,625 - WARNING - Could not find registration number for horse: dh-Blame D Rule Maker
2025-12-16 09:51:54,681 - WARNING - Could not find registration number for horse: dh-Aunt Berra
2025-12-16 09:51:54,717 - WARNING - Could not find registration number for horse: dh-Marco Island
2025-12-16 09:51:54,738 - WARNING - Could not find registration number for horse: dq-Typhoon Fury
2025-12-16 09:51:55,238 - WARNING - Could not find registration number for horse: dh-Becauseofthebrave
2025-12-16 09:51:55,367 - WARNING - Could not find registration number for horse: dq-Little Linzee
2025-12-16 09:51:55,415 - INFO - Processed 100 files. Race updates: 844, Entry updates: 6194
2025-12-16 09:51:55,966 - WARNING - Could not find registration number for horse: Max S
2025-12-16 09:51:56,037 - WARNING - Could not find registration number for horse: dq-Blake B.
2025-12-16 09:51:56,187 - WARNING - Could not find registration number for horse: dq-Be of Courage
2025-12-16 09:51:56,765 - INFO - Performing batch database update...
2025-12-16 09:51:56,863 - INFO - Updated 717 races with results
2025-12-16 09:51:57,159 - WARNING - Could not find registration number for horse: dq-Hang Tight
2025-12-16 09:51:57,250 - INFO - Updated 5850 entries with results
2025-12-16 09:51:57,515 - INFO - Inserted 4310 wagering records
2025-12-16 09:51:57,694 - INFO - Inserted 2577 fraction records
2025-12-16 09:51:57,767 - WARNING - Could not find registration number for horse: dq-Jess Down the Rapids
2025-12-16 09:51:57,877 - WARNING - Could not find registration number for horse: dq-J Best Queen
2025-12-16 09:51:57,952 - WARNING - Could not find registration number for horse: dq-Secretsthatshekeeps
2025-12-16 09:51:57,983 - WARNING - Could not find registration number for horse: dq-Perrys Jambalaya
2025-12-16 09:51:58,145 - WARNING - Could not find registration number for horse: dq-Vals Coronado
2025-12-16 09:51:58,314 - WARNING - Could not find registration number for horse: dh-Coronasgotheart
2025-12-16 09:51:58,564 - WARNING - Could not find registration number for horse: dh-Grand Majesty
2025-12-16 09:51:58,902 - WARNING - Could not find registration number for horse: dq-Full Moon Madness
2025-12-16 09:51:59,465 - WARNING - Could not find registration number for horse: dq-Diego Valentino
2025-12-16 09:51:59,499 - WARNING - Could not find registration number for horse: dq-Ms Bumblebee
2025-12-16 09:51:59,773 - WARNING - Could not find registration number for horse: dh-Caddo Lights
2025-12-16 09:51:59,893 - WARNING - Could not find registration number for horse: dh-Bargaining Power
2025-12-16 09:51:59,940 - WARNING - Could not find registration number for horse: dh-J Best Pleasure
2025-12-16 09:52:00,029 - WARNING - Could not find registration number for horse: dq-Brick Ambush
2025-12-16 09:52:00,081 - WARNING - Could not find registration number for horse: dh-Shortsinthewinter
2025-12-16 09:52:00,208 - WARNING - Could not find registration number for horse: dq-Big Ezzy Jess
2025-12-16 09:52:00,298 - WARNING - Could not find registration number for horse: dh-Juliard Honor
2025-12-16 09:52:00,335 - INFO - Inserted 44214 position call records
2025-12-16 09:52:00,638 - WARNING - Could not find registration number for horse: dh-Into Classic
2025-12-16 09:52:00,781 - WARNING - Could not find registration number for horse: dq-Don Arturo C
2025-12-16 09:52:01,238 - WARNING - Could not find registration number for horse: dq-Jess Down the Rapids
2025-12-16 09:52:02,079 - WARNING - Could not find registration number for horse: dq-Will Knows
2025-12-16 09:52:02,250 - WARNING - Could not find registration number for horse: dq-D'wild Muffin
2025-12-16 09:52:02,255 - WARNING - Could not find registration number for horse: dq-Old Fashion Time
2025-12-16 09:52:02,307 - WARNING - Could not find registration number for horse: 00500
2025-12-16 09:52:02,585 - WARNING - Could not find registration number for horse: dq-Little Wagon
2025-12-16 09:52:02,621 - WARNING - Could not find registration number for horse: dq-Love Ours
2025-12-16 09:52:03,498 - WARNING - Could not find registration number for horse: dq-Witt Sweet Sixteen
2025-12-16 09:52:03,696 - WARNING - Could not find registration number for horse: dq-Athena Maximus
2025-12-16 09:52:04,038 - WARNING - Could not find registration number for horse: dq-Liebrita
2025-12-16 09:52:04,263 - WARNING - Could not find registration number for horse: dh-Giddy Up Zoey
2025-12-16 09:52:04,309 - WARNING - Could not find registration number for horse: dh-Tuffenoughtostart
2025-12-16 09:52:05,148 - WARNING - Could not find registration number for horse: dq-Miss Z
2025-12-16 09:52:05,432 - INFO - Processed 200 files. Race updates: 1681, Entry updates: 12203
2025-12-16 09:52:05,466 - WARNING - Could not find registration number for horse: dq-Shootin Money
2025-12-16 09:52:06,002 - WARNING - Could not find registration number for horse: dh-Guaranteeddelivery
2025-12-16 09:52:06,111 - WARNING - Could not find registration number for horse: dh-Bits of Lemon Drop
2025-12-16 09:52:06,607 - WARNING - Could not find registration number for horse: dq-Runaway Hurricane
2025-12-16 09:52:06,990 - INFO - Performing batch database update...
2025-12-16 09:52:07,067 - INFO - Updated 531 races with results
2025-12-16 09:52:07,284 - WARNING - Could not find registration number for horse: dq-Nyxed
2025-12-16 09:52:07,291 - INFO - Updated 3819 entries with results
2025-12-16 09:52:07,307 - WARNING - Could not find registration number for horse: dq-Forittable
2025-12-16 09:52:07,380 - WARNING - Could not find registration number for horse: dq-Racing Colors
2025-12-16 09:52:07,500 - INFO - Inserted 2839 wagering records
2025-12-16 09:52:07,595 - INFO - Inserted 1803 fraction records
2025-12-16 09:52:07,930 - WARNING - Could not find registration number for horse: dh-Best Coast
2025-12-16 09:52:08,072 - WARNING - Could not find registration number for horse: dh-Negra Gata
2025-12-16 09:52:08,356 - WARNING - Could not find registration number for horse: dq-Sterling Silver
2025-12-16 09:52:08,544 - WARNING - Could not find registration number for horse: dq-Headland
2025-12-16 09:52:08,750 - WARNING - Could not find registration number for horse: dh-Liam's Journey
2025-12-16 09:52:09,100 - INFO - Inserted 26310 position call records
2025-12-16 09:52:09,226 - WARNING - Could not find registration number for horse: dh-Spirit Prince
2025-12-16 09:52:09,252 - WARNING - Could not find registration number for horse: dh-Grace in Motion
2025-12-16 09:52:09,972 - WARNING - Could not find registration number for horse: dh-Kara Para
2025-12-16 09:52:10,427 - WARNING - Could not find registration number for horse: dq-Bustin Bay
2025-12-16 09:52:10,656 - WARNING - Could not find registration number for horse: dq-Grumps Little Tots
2025-12-16 09:52:11,218 - WARNING - Could not find registration number for horse: dq-Merchants of Cool
2025-12-16 09:52:12,359 - WARNING - Could not find registration number for horse: dh-Egyptian Quest
2025-12-16 09:52:12,411 - WARNING - Could not find registration number for horse: dh-Ky Thirty Won
2025-12-16 09:52:13,115 - WARNING - Could not find registration number for horse: dh-Forty Two Ace
2025-12-16 09:52:13,458 - WARNING - Could not find registration number for horse: dh-Hang Tight
2025-12-16 09:52:13,660 - WARNING - Could not find registration number for horse: dq-Chasing the Crown
2025-12-16 09:52:13,939 - WARNING - Could not find registration number for horse: dq-Just Tapit In
2025-12-16 09:52:14,046 - WARNING - Could not find registration number for horse: dh-He'smyhoneybadger
2025-12-16 09:52:14,050 - WARNING - Could not find registration number for horse: dq-Wonder Girl
2025-12-16 09:52:14,272 - WARNING - Could not find registration number for horse: dq-La Chapeau
2025-12-16 09:52:14,589 - WARNING - Could not find registration number for horse: dq-Dkendall Rascal
2025-12-16 09:52:14,957 - WARNING - Could not find registration number for horse: dh-Provocateur
2025-12-16 09:52:15,110 - WARNING - Could not find registration number for horse: dq-Grey Point
2025-12-16 09:52:15,821 - WARNING - Could not find registration number for horse: dh-West Coaster
2025-12-16 09:52:15,871 - WARNING - Could not find registration number for horse: dh-Quality
2025-12-16 09:52:16,223 - WARNING - Could not find registration number for horse: dq-Collaboration
2025-12-16 09:52:16,735 - WARNING - Could not find registration number for horse: dq-Fast Study
2025-12-16 09:52:17,108 - WARNING - Could not find registration number for horse: dq-Chief Mystique
2025-12-16 09:52:17,186 - WARNING - Could not find registration number for horse: dh-Leroyisalagniappe
2025-12-16 09:52:17,399 - WARNING - Could not find registration number for horse: dh-Whiskey Helps
2025-12-16 09:52:17,787 - WARNING - Could not find registration number for horse: dq-Jahez
2025-12-16 09:52:18,079 - WARNING - Could not find registration number for horse: dq-Returnoninvestment
2025-12-16 09:52:18,106 - INFO - Processed 300 files. Race updates: 2505, Entry updates: 17923
2025-12-16 09:52:18,502 - INFO - Performing batch database update...
2025-12-16 09:52:18,586 - INFO - Updated 655 races with results
2025-12-16 09:52:18,590 - WARNING - Could not find registration number for horse: dq-Delaney's Grace
2025-12-16 09:52:18,875 - INFO - Updated 4661 entries with results
2025-12-16 09:52:19,061 - INFO - Inserted 3453 wagering records
2025-12-16 09:52:19,176 - INFO - Inserted 2192 fraction records
2025-12-16 09:52:19,204 - WARNING - Could not find registration number for horse: dq-Fast Fall
2025-12-16 09:52:19,682 - WARNING - Could not find registration number for horse: dq-Father Patrick
2025-12-16 09:52:20,072 - WARNING - Could not find registration number for horse: dh-Chi Town Heat
2025-12-16 09:52:20,125 - WARNING - Could not find registration number for horse: dh-Abigail G
2025-12-16 09:52:20,679 - WARNING - Could not find registration number for horse: dh-Motown Missile
2025-12-16 09:52:20,738 - WARNING - Could not find registration number for horse: dh-Hasty Strike
2025-12-16 09:52:20,911 - WARNING - Could not find registration number for horse: dq-My Head Hurts
2025-12-16 09:52:21,159 - WARNING - Could not find registration number for horse: dh-Mixter Jensen
2025-12-16 09:52:21,226 - INFO - Inserted 35688 position call records
2025-12-16 09:52:21,314 - WARNING - Could not find registration number for horse: dh-Leroyisalagniappe
2025-12-16 09:52:21,332 - WARNING - Could not find registration number for horse: dq-Sorority Sister
2025-12-16 09:52:22,180 - WARNING - Could not find registration number for horse: dq-Orb of the Boro
2025-12-16 09:52:22,323 - WARNING - Could not find registration number for horse: dq-Flatter Me Zen
2025-12-16 09:52:22,530 - WARNING - Could not find registration number for horse: dq-Animo Roberto
2025-12-16 09:52:22,848 - WARNING - Could not find registration number for horse: dq-Brodytheoxman
2025-12-16 09:52:22,981 - WARNING - Could not find registration number for horse: dq-Vamonos
2025-12-16 09:52:24,770 - WARNING - Could not find registration number for horse: dh-Southern Breeze
2025-12-16 09:52:25,342 - WARNING - Could not find registration number for horse: dh-Our Flag Flying
2025-12-16 09:52:25,541 - WARNING - Could not find registration number for horse: dq-Bw Colt
2025-12-16 09:52:26,142 - WARNING - Could not find registration number for horse: dq-Monkey Zone
2025-12-16 09:52:26,319 - WARNING - Could not find registration number for horse: dh-Big Pete
2025-12-16 09:52:26,367 - WARNING - Could not find registration number for horse: dh-My Calante
2025-12-16 09:52:26,651 - WARNING - Could not find registration number for horse: dq-Calzone
2025-12-16 09:52:27,665 - WARNING - Could not find registration number for horse: dh-Essential Bella
2025-12-16 09:52:27,736 - WARNING - Could not find registration number for horse: dq-Mystifier
2025-12-16 09:52:27,849 - WARNING - Could not find registration number for horse: dh-Yankee Agate
2025-12-16 09:52:28,612 - INFO - Performing batch database update...
2025-12-16 09:52:28,663 - WARNING - Could not find registration number for horse: dh-Whiskey Plank
2025-12-16 09:52:28,683 - INFO - Updated 558 races with results
2025-12-16 09:52:28,723 - WARNING - Could not find registration number for horse: dq-Allotrope
2025-12-16 09:52:28,838 - WARNING - Could not find registration number for horse: dh-Coffee Caliente
2025-12-16 09:52:28,893 - INFO - Updated 3894 entries with results
2025-12-16 09:52:28,990 - INFO - Processed 400 files. Race updates: 3336, Entry updates: 23447
2025-12-16 09:52:29,055 - INFO - Inserted 2634 wagering records
2025-12-16 09:52:29,170 - INFO - Inserted 1827 fraction records
2025-12-16 09:52:29,264 - WARNING - Could not find registration number for horse: dq-Dangerous Empress
2025-12-16 09:52:30,282 - WARNING - Could not find registration number for horse: dq-Vos Atonement
2025-12-16 09:52:30,827 - INFO - Inserted 28164 position call records
2025-12-16 09:52:30,875 - WARNING - Could not find registration number for horse: dh-Hit Show
2025-12-16 09:52:30,899 - WARNING - Could not find registration number for horse: dh-Angel of Empire
2025-12-16 09:52:30,926 - WARNING - Could not find registration number for horse: dq-Wild Time
2025-12-16 09:52:31,259 - WARNING - Could not find registration number for horse: dh-Let's Go Big Blue
2025-12-16 09:52:31,415 - WARNING - Could not find registration number for horse: dh-Heart Headed Woman
2025-12-16 09:52:31,521 - WARNING - Could not find registration number for horse: dq-R Voo's Taboo
2025-12-16 09:52:31,720 - WARNING - Could not find registration number for horse: dq-Cowboys R Myheros
2025-12-16 09:52:31,721 - WARNING - Could not find registration number for horse: dh-Party At Grants
2025-12-16 09:52:31,875 - WARNING - Could not find registration number for horse: dh-Savona
2025-12-16 09:52:31,924 - WARNING - Could not find registration number for horse: dh-Swanage
2025-12-16 09:52:32,237 - WARNING - Could not find registration number for horse: dh-Lotsandlotsofgold
2025-12-16 09:52:32,276 - WARNING - Could not find registration number for horse: dq-Relentless Okie
2025-12-16 09:52:32,320 - WARNING - Could not find registration number for horse: dh-Origami Girl
2025-12-16 09:52:32,522 - WARNING - Could not find registration number for horse: dh-Strava
2025-12-16 09:52:32,755 - WARNING - Could not find registration number for horse: dh-Run Classic
2025-12-16 09:52:32,940 - WARNING - Could not find registration number for horse: dh-King of Comedy
2025-12-16 09:52:33,859 - WARNING - Could not find registration number for horse: dh-Astronomical
2025-12-16 09:52:34,150 - WARNING - Could not find registration number for horse: dq-Stonevicious
2025-12-16 09:52:34,236 - WARNING - Could not find registration number for horse: dh-Bob's All In
2025-12-16 09:52:35,167 - WARNING - Could not find registration number for horse: dq-Orange Diablo
2025-12-16 09:52:35,242 - WARNING - Could not find registration number for horse: dh-Relentless Flash
2025-12-16 09:52:35,336 - WARNING - Could not find registration number for horse: dh-L Gallito
2025-12-16 09:52:35,543 - WARNING - Could not find registration number for horse: dq-Wauhatchie
2025-12-16 09:52:35,852 - WARNING - Could not find registration number for horse: dq-Hong Kong Harry (IRE)
2025-12-16 09:52:35,977 - WARNING - Could not find registration number for horse: dq-Levy
2025-12-16 09:52:36,371 - WARNING - Could not find registration number for horse: dh-Aspen Club
2025-12-16 09:52:36,496 - WARNING - Could not find registration number for horse: dh-Ashaab
2025-12-16 09:52:36,996 - WARNING - Could not find registration number for horse: dq-Candy Landy
2025-12-16 09:52:38,508 - INFO - Performing batch database update...
2025-12-16 09:52:38,576 - INFO - Updated 543 races with results
2025-12-16 09:52:38,768 - INFO - Updated 3610 entries with results
2025-12-16 09:52:38,962 - INFO - Inserted 3282 wagering records
2025-12-16 09:52:39,065 - INFO - Inserted 1875 fraction records
2025-12-16 09:52:39,461 - WARNING - Could not find registration number for horse: dq-Awesome Adrian
2025-12-16 09:52:39,463 - WARNING - Could not find registration number for horse: dh-Big Juan
2025-12-16 09:52:39,541 - WARNING - Could not find registration number for horse: dh-Lunar Ice
2025-12-16 09:52:39,562 - WARNING - Could not find registration number for horse: dh-Runaway Jim
2025-12-16 09:52:39,587 - WARNING - Could not find registration number for horse: dh-Sacred Beauty
2025-12-16 09:52:39,978 - WARNING - Could not find registration number for horse: dh-Bad to the Bones
2025-12-16 09:52:40,429 - WARNING - Could not find registration number for horse: dh-Angkor
2025-12-16 09:52:40,667 - WARNING - Could not find registration number for horse: dh-Polar Bear Plunge
2025-12-16 09:52:40,846 - INFO - Inserted 29448 position call records
2025-12-16 09:52:41,015 - WARNING - Could not find registration number for horse: dh-Drobny
2025-12-16 09:52:41,361 - WARNING - Could not find registration number for horse: dq-Belleza Morena
2025-12-16 09:52:41,466 - WARNING - Could not find registration number for horse: dq-Husky Driver
2025-12-16 09:52:41,862 - INFO - Processed 500 files. Race updates: 4213, Entry updates: 29717
2025-12-16 09:52:43,028 - WARNING - Could not find registration number for horse: dh-De' Ans Eighty
2025-12-16 09:52:43,134 - WARNING - Could not find registration number for horse: dq-El Kid Casas
2025-12-16 09:52:43,219 - WARNING - Could not find registration number for horse: dq-Gentle Katherine
2025-12-16 09:52:43,282 - WARNING - Could not find registration number for horse: dq-Lady Alexandria
2025-12-16 09:52:43,499 - WARNING - Could not find registration number for horse: dh-Drillzilla
2025-12-16 09:52:43,671 - WARNING - Could not find registration number for horse: dh-Handling With Care
2025-12-16 09:52:44,287 - WARNING - Could not find registration number for horse: dh-Character Counts
2025-12-16 09:52:44,390 - WARNING - Could not find registration number for horse: dh-Obrigada
2025-12-16 09:52:44,589 - WARNING - Could not find registration number for horse: dq-Emprendedor
2025-12-16 09:52:44,631 - WARNING - Could not find registration number for horse: dq-Claudio Boy
2025-12-16 09:52:44,669 - WARNING - Could not find registration number for horse: dq-A Trompa Limpia
2025-12-16 09:52:44,807 - WARNING - Could not find registration number for horse: dh-Farrah Fowler
2025-12-16 09:52:44,858 - WARNING - Could not find registration number for horse: dq-Venezuela First
2025-12-16 09:52:45,436 - WARNING - Could not find registration number for horse: dq-Cliffy
2025-12-16 09:52:45,561 - WARNING - Could not find registration number for horse: dq-Guanajibo
2025-12-16 09:52:46,171 - WARNING - Could not find registration number for horse: dq-Mystical Moon
2025-12-16 09:52:46,838 - WARNING - Could not find registration number for horse: dh-Picu Speed
2025-12-16 09:52:47,050 - WARNING - Could not find registration number for horse: dq-Danielita R
2025-12-16 09:52:47,059 - WARNING - Could not find registration number for horse: dh-Resistente
2025-12-16 09:52:47,351 - WARNING - Could not find registration number for horse: dq-Bella Borinquen
2025-12-16 09:52:47,643 - WARNING - Could not find registration number for horse: dq-Nacho Papa
2025-12-16 09:52:47,687 - WARNING - Could not find registration number for horse: dq-Quake
2025-12-16 09:52:48,210 - WARNING - Could not find registration number for horse: dq-Juan Dones
2025-12-16 09:52:50,029 - WARNING - Could not find registration number for horse: dq-Captador
2025-12-16 09:52:51,649 - WARNING - Could not find registration number for horse: dq-Gil Hugo Vero
2025-12-16 09:52:51,936 - WARNING - Could not find registration number for horse: dq-Mystere C
2025-12-16 09:52:52,220 - WARNING - Could not find registration number for horse: dq-Huracanada
2025-12-16 09:52:52,657 - WARNING - Could not find registration number for horse: dq-Could Be
2025-12-16 09:52:52,745 - WARNING - Could not find registration number for horse: dh-Irish Hokie
2025-12-16 09:52:52,822 - WARNING - Could not find registration number for horse: dq-West Love
2025-12-16 09:52:52,940 - WARNING - Could not find registration number for horse: dq-Transistora
2025-12-16 09:52:52,954 - INFO - Processed 600 files. Race updates: 4997, Entry updates: 35586
2025-12-16 09:52:53,059 - WARNING - Could not find registration number for horse: dh-Forever Comerio
2025-12-16 09:52:53,130 - WARNING - Could not find registration number for horse: dq-Eclipticolada
2025-12-16 09:52:53,291 - WARNING - Could not find registration number for horse: dh-Kayseri
2025-12-16 09:52:53,437 - WARNING - Could not find registration number for horse: Desconfianza
2025-12-16 09:52:53,461 - WARNING - Could not find registration number for horse: dh-Catching Fish
2025-12-16 09:52:53,778 - WARNING - Could not find registration number for horse: dq-Madam Alpha
2025-12-16 09:52:54,091 - WARNING - Could not find registration number for horse: dq-Prospect Project
2025-12-16 09:52:54,342 - WARNING - Could not find registration number for horse: dq-Asistole
2025-12-16 09:52:54,602 - WARNING - Could not find registration number for horse: dq-Nina Coral
2025-12-16 09:52:54,706 - WARNING - Could not find registration number for horse: Tapon Jenny C
2025-12-16 09:52:54,927 - INFO - Performing batch database update...
2025-12-16 09:52:54,939 - WARNING - Could not find registration number for horse: dq-Queen Cupid
2025-12-16 09:52:55,009 - WARNING - Could not find registration number for horse: dq-Tabardillo
2025-12-16 09:52:55,009 - INFO - Updated 904 races with results
2025-12-16 09:52:55,202 - WARNING - Could not find registration number for horse: dq-Gian Kaleb
2025-12-16 09:52:55,225 - WARNING - Could not find registration number for horse: Tapon Jenny C
2025-12-16 09:52:55,420 - INFO - Updated 7388 entries with results
2025-12-16 09:52:55,459 - WARNING - Could not find registration number for horse: dh-Fun Loaded
2025-12-16 09:52:55,484 - WARNING - Could not find registration number for horse: dq-Tiz the Sky
2025-12-16 09:52:55,674 - INFO - Inserted 3900 wagering records
2025-12-16 09:52:55,815 - INFO - Inserted 2837 fraction records
2025-12-16 09:52:55,826 - WARNING - Could not find registration number for horse: dq-El Gran Mickey
2025-12-16 09:52:56,250 - WARNING - Could not find registration number for horse: Desconfianza
2025-12-16 09:52:56,326 - WARNING - Could not find registration number for horse: dq-Ambar Brava
2025-12-16 09:52:56,371 - WARNING - Could not find registration number for horse: dq-Guanajibo
2025-12-16 09:52:56,382 - WARNING - Could not find registration number for horse: dh-Mighty Tough
2025-12-16 09:52:56,386 - WARNING - Could not find registration number for horse: dq-Esperanza de Dos
2025-12-16 09:52:56,631 - WARNING - Could not find registration number for horse: Mi Nieto
2025-12-16 09:52:56,807 - WARNING - Could not find registration number for horse: dq-Princesa Divina
2025-12-16 09:52:57,300 - WARNING - Could not find registration number for horse: dh-Big Rinne
2025-12-16 09:52:57,484 - WARNING - Could not find registration number for horse: dh-Run On the Trail
2025-12-16 09:52:57,583 - WARNING - Could not find registration number for horse: dh-Escaramuza
2025-12-16 09:52:57,596 - WARNING - Could not find registration number for horse: dq-Artificial Intell
2025-12-16 09:52:57,828 - WARNING - Could not find registration number for horse: dh-Emblematica
2025-12-16 09:52:58,047 - WARNING - Could not find registration number for horse: dh-Gato Guapo
2025-12-16 09:52:58,090 - WARNING - Could not find registration number for horse: dh-Sneaky Dream
2025-12-16 09:52:58,145 - WARNING - Could not find registration number for horse: dh-Slow Decision
2025-12-16 09:52:58,259 - WARNING - Could not find registration number for horse: dh-Irma Maria
2025-12-16 09:52:58,288 - WARNING - Could not find registration number for horse: dh-Little Mazzy
2025-12-16 09:52:58,423 - WARNING - Could not find registration number for horse: dq-Lucky Angel
2025-12-16 09:52:58,704 - WARNING - Could not find registration number for horse: dq-Chiquitina Rojas
2025-12-16 09:52:58,719 - INFO - Inserted 52554 position call records
2025-12-16 09:52:58,803 - WARNING - Could not find registration number for horse: dh-Regina Isabel
2025-12-16 09:52:58,885 - WARNING - Could not find registration number for horse: dq-Tiz the Sky
2025-12-16 09:52:59,188 - WARNING - Could not find registration number for horse: dq-Fernandito J
2025-12-16 09:52:59,341 - WARNING - Could not find registration number for horse: dq-Astacio Queen
2025-12-16 09:52:59,419 - WARNING - Could not find registration number for horse: Desconfianza
2025-12-16 09:52:59,449 - WARNING - Could not find registration number for horse: Desconfianza
2025-12-16 09:53:00,380 - WARNING - Could not find registration number for horse: Desconfianza
2025-12-16 09:53:00,944 - WARNING - Could not find registration number for horse: Desconfianza
2025-12-16 09:53:01,069 - WARNING - Could not find registration number for horse: Desconfianza
2025-12-16 09:53:02,019 - WARNING - Could not find registration number for horse: dh-Risk Vs Reward
2025-12-16 09:53:02,092 - WARNING - Could not find registration number for horse: dq-Bella's Cupid
2025-12-16 09:53:02,103 - WARNING - Could not find registration number for horse: dh-Mi Viejo Johnny
2025-12-16 09:53:02,109 - WARNING - Could not find registration number for horse: dq-Forge Ahead
2025-12-16 09:53:02,263 - WARNING - Could not find registration number for horse: dq-Makart
2025-12-16 09:53:02,396 - WARNING - Could not find registration number for horse: dq-Reina Brava
2025-12-16 09:53:03,261 - INFO - Processed 700 files. Race updates: 5727, Entry updates: 40763
2025-12-16 09:53:03,445 - WARNING - Could not find registration number for horse: Desconfianza
2025-12-16 09:53:03,453 - WARNING - Could not find registration number for horse: dq-Blessings Forever
2025-12-16 09:53:03,799 - WARNING - Could not find registration number for horse: dq-Little Gardens
2025-12-16 09:53:03,923 - WARNING - Could not find registration number for horse: dq-Moonoverseba
2025-12-16 09:53:04,063 - WARNING - Could not find registration number for horse: dh-Highly Noted
2025-12-16 09:53:04,106 - WARNING - Could not find registration number for horse: dh-Man Ice
2025-12-16 09:53:04,735 - WARNING - Could not find registration number for horse: dh-Perfect Eye
2025-12-16 09:53:04,758 - WARNING - Could not find registration number for horse: dq-Not as Lucky as Us
2025-12-16 09:53:04,834 - WARNING - Could not find registration number for horse: dh-Musical Queen
2025-12-16 09:53:05,150 - WARNING - Could not find registration number for horse: dq-Aristocratic
2025-12-16 09:53:05,601 - WARNING - Could not find registration number for horse: dh-Putin Online
2025-12-16 09:53:05,647 - WARNING - Could not find registration number for horse: dh-Marched
2025-12-16 09:53:06,084 - INFO - Performing batch database update...
2025-12-16 09:53:06,176 - INFO - Updated 598 races with results
2025-12-16 09:53:06,374 - WARNING - Could not find registration number for horse: dq-Ima Flashy Corona
2025-12-16 09:53:06,399 - INFO - Updated 3780 entries with results
2025-12-16 09:53:06,495 - WARNING - Could not find registration number for horse: dq-Drum and Drummer
2025-12-16 09:53:06,542 - INFO - Inserted 2726 wagering records
2025-12-16 09:53:06,628 - INFO - Inserted 1825 fraction records
2025-12-16 09:53:06,700 - WARNING - Could not find registration number for horse: dq-Lennox the Great
2025-12-16 09:53:06,702 - WARNING - Could not find registration number for horse: dq-Lennox the Great
2025-12-16 09:53:07,106 - WARNING - Could not find registration number for horse: dq-Dcr All Fired Up
2025-12-16 09:53:07,257 - WARNING - Could not find registration number for horse: dhdq-Commandeer
2025-12-16 09:53:07,313 - WARNING - Could not find registration number for horse: dh-King Vega (GB)
2025-12-16 09:53:07,406 - WARNING - Could not find registration number for horse: dq-Whimsically
2025-12-16 09:53:07,850 - WARNING - Could not find registration number for horse: dq-No Show
2025-12-16 09:53:08,230 - INFO - Inserted 27432 position call records
2025-12-16 09:53:08,491 - WARNING - Could not find registration number for horse: dq-Bodacious Trickster
2025-12-16 09:53:09,055 - WARNING - Could not find registration number for horse: dq-Derby Day Dreams
2025-12-16 09:53:09,224 - WARNING - Could not find registration number for horse: dq-Demi's Hemi
2025-12-16 09:53:09,455 - WARNING - Could not find registration number for horse: dq-Jalebi Baby
2025-12-16 09:53:09,614 - WARNING - Could not find registration number for horse: dq-Ziggy Stardust
2025-12-16 09:53:09,988 - WARNING - Could not find registration number for horse: dq-Danny's Winkster
2025-12-16 09:53:10,417 - WARNING - Could not find registration number for horse: dh-Johnny Swish
2025-12-16 09:53:10,439 - WARNING - Could not find registration number for horse: dq-Voltamour
2025-12-16 09:53:10,512 - WARNING - Could not find registration number for horse: dh-Let's Get Physical
2025-12-16 09:53:10,711 - WARNING - Could not find registration number for horse: dq-Outlier
2025-12-16 09:53:10,752 - WARNING - Could not find registration number for horse: dq-Noid
2025-12-16 09:53:10,811 - WARNING - Could not find registration number for horse: dq-Love of Grace
2025-12-16 09:53:11,046 - WARNING - Could not find registration number for horse: dq-Fully Connected
2025-12-16 09:53:11,627 - WARNING - Could not find registration number for horse: dh-Reveirs Minute
2025-12-16 09:53:11,635 - WARNING - Could not find registration number for horse: dq-Corpulenta
2025-12-16 09:53:11,915 - WARNING - Could not find registration number for horse: dh-My Pretty Eyes
2025-12-16 09:53:12,328 - WARNING - Could not find registration number for horse: dq-Moonlit Shadow
2025-12-16 09:53:12,383 - WARNING - Could not find registration number for horse: dh-Millbank Man
2025-12-16 09:53:12,616 - WARNING - Could not find registration number for horse: dh-Home School
2025-12-16 09:53:13,298 - WARNING - Could not find registration number for horse: dq-Akemi
2025-12-16 09:53:13,592 - WARNING - Could not find registration number for horse: dq-Felicias Castle
2025-12-16 09:53:14,769 - WARNING - Could not find registration number for horse: dq-Icing
2025-12-16 09:53:15,172 - WARNING - Could not find registration number for horse: dh-Stavanger
2025-12-16 09:53:15,237 - WARNING - Could not find registration number for horse: dh-He Came True
2025-12-16 09:53:15,457 - WARNING - Could not find registration number for horse: dq-Bashdaflash
2025-12-16 09:53:16,057 - WARNING - Could not find registration number for horse: dq-Mr Tingles
2025-12-16 09:53:16,095 - WARNING - Could not find registration number for horse: dq-Lucylou Who
2025-12-16 09:53:16,271 - WARNING - Could not find registration number for horse: dq-C R's Mandate
2025-12-16 09:53:16,586 - INFO - Processed 800 files. Race updates: 6521, Entry updates: 46643
2025-12-16 09:53:16,779 - WARNING - Could not find registration number for horse: dh-Dearest M. A.
2025-12-16 09:53:16,905 - WARNING - Could not find registration number for horse: dh-Avalanche Is Comin
2025-12-16 09:53:17,273 - WARNING - Could not find registration number for horse: dh-Poverty Flats
2025-12-16 09:53:17,420 - WARNING - Could not find registration number for horse: dh-Stars Aligned
2025-12-16 09:53:17,718 - WARNING - Could not find registration number for horse: dh-Widget Factory
2025-12-16 09:53:17,791 - WARNING - Could not find registration number for horse: dh-No Fooling Dude
2025-12-16 09:53:17,811 - WARNING - Could not find registration number for horse: dq-Demi's Hemi
2025-12-16 09:53:18,118 - WARNING - Could not find registration number for horse: dh-Golden Remedy
2025-12-16 09:53:18,189 - WARNING - Could not find registration number for horse: dq-Mims Second Chance
2025-12-16 09:53:18,383 - WARNING - Could not find registration number for horse: dh-Shameless Appeal
2025-12-16 09:53:18,549 - WARNING - Could not find registration number for horse: dh-Jackson Man
2025-12-16 09:53:18,800 - WARNING - Could not find registration number for horse: dq-Vieste
2025-12-16 09:53:18,856 - WARNING - Could not find registration number for horse: dh-S S Alaskan Cruz
2025-12-16 09:53:18,909 - WARNING - Could not find registration number for horse: dq-His Royal G
2025-12-16 09:53:18,925 - INFO - Performing batch database update...
2025-12-16 09:53:19,020 - INFO - Updated 679 races with results
2025-12-16 09:53:19,160 - WARNING - Could not find registration number for horse: dq-Red Hot Toddy
2025-12-16 09:53:19,402 - INFO - Updated 5701 entries with results
2025-12-16 09:53:19,741 - INFO - Inserted 3855 wagering records
2025-12-16 09:53:19,754 - WARNING - Could not find registration number for horse: dq-Caribbean Pleasure
2025-12-16 09:53:19,846 - INFO - Inserted 1974 fraction records
2025-12-16 09:53:20,916 - WARNING - Could not find registration number for horse: dq-Last Party
2025-12-16 09:53:21,182 - WARNING - Could not find registration number for horse: dq-Heretodaygonmanana
2025-12-16 09:53:21,325 - WARNING - Could not find registration number for horse: dh-Santo
2025-12-16 09:53:21,332 - WARNING - Could not find registration number for horse: dh-Makinlimmargaritas
2025-12-16 09:53:21,632 - WARNING - Could not find registration number for horse: dh-Rrace Day Warrior
2025-12-16 09:53:21,649 - WARNING - Could not find registration number for horse: dq-King of Luck
2025-12-16 09:53:21,693 - WARNING - Could not find registration number for horse: dh-Manarola
2025-12-16 09:53:21,999 - WARNING - Could not find registration number for horse: dh-Fancy Her Up
2025-12-16 09:53:22,144 - INFO - Inserted 41178 position call records
2025-12-16 09:53:22,401 - WARNING - Could not find registration number for horse: dh-Denali d'Oro
2025-12-16 09:53:22,899 - WARNING - Could not find registration number for horse: dh-Uncaptured King
2025-12-16 09:53:23,066 - WARNING - Could not find registration number for horse: dh-Laddie Liam
2025-12-16 09:53:23,178 - WARNING - Could not find registration number for horse: dq-Calera Love
2025-12-16 09:53:23,239 - WARNING - Could not find registration number for horse: dq-Cruz in the Castle
2025-12-16 09:53:23,253 - WARNING - Could not find registration number for horse: dh-Grand Fiber
2025-12-16 09:53:23,378 - WARNING - Could not find registration number for horse: dh-Lightnin Queen
2025-12-16 09:53:23,422 - WARNING - Could not find registration number for horse: dh-Girls Perfume
2025-12-16 09:53:23,848 - WARNING - Could not find registration number for horse: dh-Black Candy
2025-12-16 09:53:24,413 - WARNING - Could not find registration number for horse: dh-Como Estas
2025-12-16 09:53:24,556 - WARNING - Could not find registration number for horse: dq-Like Segal
2025-12-16 09:53:24,604 - WARNING - Could not find registration number for horse: dh-Robbedinthebahamas
2025-12-16 09:53:25,093 - WARNING - Could not find registration number for horse: dq-Overly Critical
2025-12-16 09:53:25,261 - WARNING - Could not find registration number for horse: dh-Be Be Bop
2025-12-16 09:53:25,710 - WARNING - Could not find registration number for horse: dq-Neverpopthecork
2025-12-16 09:53:25,749 - WARNING - Could not find registration number for horse: dh-King Kontie
2025-12-16 09:53:25,772 - WARNING - Could not find registration number for horse: dh-Flaming East
2025-12-16 09:53:25,802 - WARNING - Could not find registration number for horse: dh-Jubawithatwist
2025-12-16 09:53:25,832 - WARNING - Could not find registration number for horse: dq-Advance Cash
2025-12-16 09:53:26,515 - WARNING - Could not find registration number for horse: dq-Espresso
2025-12-16 09:53:26,827 - WARNING - Could not find registration number for horse: dq-Likely Choice
2025-12-16 09:53:27,097 - WARNING - Could not find registration number for horse: dh-George
2025-12-16 09:53:27,249 - WARNING - Could not find registration number for horse: dh-Dorita's Heart
2025-12-16 09:53:27,308 - WARNING - Could not find registration number for horse: dh-Whale of a Time
2025-12-16 09:53:27,548 - WARNING - Could not find registration number for horse: dh-Lil Spinner
2025-12-16 09:53:27,623 - WARNING - Could not find registration number for horse: dh-La Maddalena
2025-12-16 09:53:27,891 - WARNING - Could not find registration number for horse: dh-Channel Scent
2025-12-16 09:53:28,039 - WARNING - Could not find registration number for horse: dh-Dan the Man Can
2025-12-16 09:53:28,446 - INFO - Processed 900 files. Race updates: 7361, Entry updates: 53142
2025-12-16 09:53:28,510 - WARNING - Could not find registration number for horse: dh-Mark Did It
2025-12-16 09:53:28,549 - WARNING - Could not find registration number for horse: dq-Thrill of the Nite
2025-12-16 09:53:28,660 - WARNING - Could not find registration number for horse: dq-Babs Delight
2025-12-16 09:53:29,088 - WARNING - Could not find registration number for horse: dh-Machen Margaritas
2025-12-16 09:53:29,126 - WARNING - Could not find registration number for horse: dh-Spectaculo
2025-12-16 09:53:29,284 - WARNING - Could not find registration number for horse: dh-S S Cosmopolitan
2025-12-16 09:53:29,659 - WARNING - Could not find registration number for horse: dh-Felicias Castle
2025-12-16 09:53:29,863 - INFO - Performing batch database update...
2025-12-16 09:53:29,962 - INFO - Updated 534 races with results
2025-12-16 09:53:30,114 - WARNING - Could not find registration number for horse: dq-Miss Argentina
2025-12-16 09:53:30,168 - WARNING - Could not find registration number for horse: dq-Bearcat Bill
2025-12-16 09:53:30,202 - INFO - Updated 4085 entries with results
2025-12-16 09:53:30,382 - INFO - Inserted 2819 wagering records
2025-12-16 09:53:30,465 - INFO - Inserted 1504 fraction records
2025-12-16 09:53:30,563 - WARNING - Could not find registration number for horse: dq-Uncaptured Ruby
2025-12-16 09:53:30,983 - WARNING - Could not find registration number for horse: dq-Gilligan
2025-12-16 09:53:31,415 - WARNING - Could not find registration number for horse: dq-Eye M
2025-12-16 09:53:31,596 - WARNING - Could not find registration number for horse: dq-Yumas First Dash
2025-12-16 09:53:32,057 - WARNING - Could not find registration number for horse: dh-Tool Time
2025-12-16 09:53:32,090 - WARNING - Could not find registration number for horse: dq-Decider Cartel Queen
2025-12-16 09:53:32,109 - WARNING - Could not find registration number for horse: dq-Hez Hott Ur Nott
2025-12-16 09:53:32,121 - WARNING - Could not find registration number for horse: dh-Mount Asgard
2025-12-16 09:53:32,170 - WARNING - Could not find registration number for horse: dq-Linchpin Storm
2025-12-16 09:53:32,208 - INFO - Inserted 29328 position call records
2025-12-16 09:53:32,554 - WARNING - Could not find registration number for horse: dq-Charming Vintage
2025-12-16 09:53:32,868 - WARNING - Could not find registration number for horse: dq-Ghostly Squall
2025-12-16 09:53:32,898 - WARNING - Could not find registration number for horse: dq-Tulsa Timber
2025-12-16 09:53:33,282 - WARNING - Could not find registration number for horse: dh-Darla's Fury
2025-12-16 09:53:33,344 - WARNING - Could not find registration number for horse: dh-Starlight Lane
2025-12-16 09:53:33,483 - WARNING - Could not find registration number for horse: dq-J. Cruz
2025-12-16 09:53:33,711 - WARNING - Could not find registration number for horse: dq-Bitterroots Wagon
2025-12-16 09:53:34,337 - WARNING - Could not find registration number for horse: dh-Addydidit
2025-12-16 09:53:34,547 - WARNING - Could not find registration number for horse: dq-Jakobs Rocket Boy
2025-12-16 09:53:34,614 - WARNING - Could not find registration number for horse: dh-Dazzling Mist
2025-12-16 09:53:34,867 - WARNING - Could not find registration number for horse: dh-Zicatela
2025-12-16 09:53:34,872 - WARNING - Could not find registration number for horse: dq-Hyperfocus
2025-12-16 09:53:35,002 - WARNING - Could not find registration number for horse: dq-Eye M
2025-12-16 09:53:35,006 - WARNING - Could not find registration number for horse: dq-Morning Rain
2025-12-16 09:53:35,220 - WARNING - Could not find registration number for horse: dq-Al Reichert
2025-12-16 09:53:35,251 - WARNING - Could not find registration number for horse: dq-Frostedbird
2025-12-16 09:53:35,284 - WARNING - Could not find registration number for horse: dh-Backstreet Bobby
2025-12-16 09:53:35,430 - WARNING - Could not find registration number for horse: dq-Mohamad
2025-12-16 09:53:35,586 - WARNING - Could not find registration number for horse: dh-Wide Eyed Wiley
2025-12-16 09:53:35,651 - WARNING - Could not find registration number for horse: dh-Charming Vintage
2025-12-16 09:53:36,385 - WARNING - Could not find registration number for horse: dq-Creative Letters
2025-12-16 09:53:36,405 - WARNING - Could not find registration number for horse: dq-Kiss Me Hello
2025-12-16 09:53:36,714 - WARNING - Could not find registration number for horse: dh-Cruz in the Castle
2025-12-16 09:53:37,072 - WARNING - Could not find registration number for horse: dh-Dallas Gold
2025-12-16 09:53:37,095 - WARNING - Could not find registration number for horse: dh-Ocean Lilly
2025-12-16 09:53:37,117 - WARNING - Could not find registration number for horse: dh-Bode's Light
2025-12-16 09:53:38,275 - WARNING - Could not find registration number for horse: dq-Lucky Promise
2025-12-16 09:53:38,457 - WARNING - Could not find registration number for horse: dq-Cute Dinero Queen
2025-12-16 09:53:39,006 - WARNING - Could not find registration number for horse: dq-Taptap
2025-12-16 09:53:39,057 - WARNING - Could not find registration number for horse: dh-Mg Rip Tide Girl
2025-12-16 09:53:39,088 - WARNING - Could not find registration number for horse: dh-Strong Eagle
2025-12-16 09:53:39,146 - WARNING - Could not find registration number for horse: dh-Venn
2025-12-16 09:53:39,294 - WARNING - Could not find registration number for horse: dh-Sheza Piloto
2025-12-16 09:53:39,765 - INFO - Performing batch database update...
2025-12-16 09:53:39,771 - WARNING - Could not find registration number for horse: dq-Jj Coronas Forever
2025-12-16 09:53:39,841 - INFO - Updated 571 races with results
2025-12-16 09:53:39,884 - WARNING - Could not find registration number for horse: dq-Ms Bar None T
2025-12-16 09:53:39,892 - WARNING - Could not find registration number for horse: dh-Oga Bear
2025-12-16 09:53:40,071 - INFO - Updated 3990 entries with results
2025-12-16 09:53:40,140 - WARNING - Could not find registration number for horse: dh-Tenor
2025-12-16 09:53:40,222 - WARNING - Could not find registration number for horse: dq-Eye Caramba
2025-12-16 09:53:40,235 - INFO - Inserted 2936 wagering records
2025-12-16 09:53:40,244 - WARNING - Could not find registration number for horse: dh-Lenas Long Night
2025-12-16 09:53:40,306 - WARNING - Could not find registration number for horse: dh-La Zoomin Cartel
2025-12-16 09:53:40,315 - INFO - Inserted 1219 fraction records
2025-12-16 09:53:40,324 - WARNING - Could not find registration number for horse: dh-Louisiana Tah
2025-12-16 09:53:40,448 - WARNING - Could not find registration number for horse: dh-Sheza Streakin Carte
2025-12-16 09:53:41,098 - INFO - Processed 1000 files. Race updates: 8202, Entry updates: 59198
2025-12-16 09:53:41,305 - WARNING - Could not find registration number for horse: dh-Jacks Run Wild
2025-12-16 09:53:41,519 - WARNING - Could not find registration number for horse: dh-Suzy Doll's Ready
2025-12-16 09:53:41,538 - WARNING - Could not find registration number for horse: Lil Too Dirty
2025-12-16 09:53:41,707 - WARNING - Could not find registration number for horse: dq-Favorite Racie
2025-12-16 09:53:42,020 - INFO - Inserted 28344 position call records
2025-12-16 09:53:42,093 - WARNING - Could not find registration number for horse: dh-Prayers Saved
2025-12-16 09:53:42,232 - WARNING - Could not find registration number for horse: dh-Action Potential
2025-12-16 09:53:42,429 - WARNING - Could not find registration number for horse: dq-Tempting Getaway
2025-12-16 09:53:43,099 - WARNING - Could not find registration number for horse: Lil Too Dirty
2025-12-16 09:53:43,142 - WARNING - Could not find registration number for horse: dq-Five Bar Creek
2025-12-16 09:53:43,297 - WARNING - Could not find registration number for horse: dq-Rapid Eyes
2025-12-16 09:53:43,393 - WARNING - Could not find registration number for horse: dq-Oh Cosino Fast
2025-12-16 09:53:43,695 - WARNING - Could not find registration number for horse: dq-All Aboard B
2025-12-16 09:53:43,970 - WARNING - Could not find registration number for horse: dh-Ima Calente Kid
2025-12-16 09:53:44,169 - WARNING - Could not find registration number for horse: dh-My Sweet Jewels
2025-12-16 09:53:44,197 - WARNING - Could not find registration number for horse: dh-Top of Da Line
2025-12-16 09:53:44,254 - WARNING - Could not find registration number for horse: dh-Oh Hez Fast
2025-12-16 09:53:44,273 - WARNING - Could not find registration number for horse: dq-Tcb Stormy Episode
2025-12-16 09:53:44,301 - WARNING - Could not find registration number for horse: dh-Grand Hocks Gl
2025-12-16 09:53:44,702 - WARNING - Could not find registration number for horse: Lil Too Dirty
2025-12-16 09:53:44,714 - WARNING - Could not find registration number for horse: dq-Molino
2025-12-16 09:53:44,757 - WARNING - Could not find registration number for horse: dh-Jrs Majestic Beach
2025-12-16 09:53:44,921 - WARNING - Could not find registration number for horse: dh-Indestructable
2025-12-16 09:53:44,982 - WARNING - Could not find registration number for horse: dh-Bc Whos Driving Who
2025-12-16 09:53:44,984 - WARNING - Could not find registration number for horse: dh-Five Bar Shake
2025-12-16 09:53:45,144 - WARNING - Could not find registration number for horse: dq-Honky Tonksfirstlady
2025-12-16 09:53:45,265 - WARNING - Could not find registration number for horse: dh-Tf Eyesa Jess Jumpn
2025-12-16 09:53:45,313 - WARNING - Could not find registration number for horse: dh-Bt Dates Patriot
2025-12-16 09:53:45,362 - WARNING - Could not find registration number for horse: dq-I Cartel
2025-12-16 09:53:45,542 - WARNING - Could not find registration number for horse: dh-Baccaratt
2025-12-16 09:53:45,544 - WARNING - Could not find registration number for horse: dq-Kyletos Majestic
2025-12-16 09:53:45,585 - WARNING - Could not find registration number for horse: dh-One Fast B
2025-12-16 09:53:45,662 - WARNING - Could not find registration number for horse: dq-Miss Leaving You
2025-12-16 09:53:45,700 - WARNING - Could not find registration number for horse: dh-Cash Shines
2025-12-16 09:53:45,700 - WARNING - Could not find registration number for horse: dh-Smokestack
2025-12-16 09:53:46,048 - WARNING - Could not find registration number for horse: dh-Nockin On Wood
2025-12-16 09:53:46,110 - WARNING - Could not find registration number for horse: dq-Packnshinesmemories
2025-12-16 09:53:46,293 - WARNING - Could not find registration number for horse: dh-Rio Rojo Cartel
2025-12-16 09:53:46,310 - WARNING - Could not find registration number for horse: dq-One Fine Beast
2025-12-16 09:53:46,709 - WARNING - Could not find registration number for horse: dh-Vg Imtheboss
2025-12-16 09:53:46,888 - WARNING - Could not find registration number for horse: dhdq-Cartel Fire Two
2025-12-16 09:53:46,899 - WARNING - Could not find registration number for horse: dq-Commandeer
2025-12-16 09:53:46,927 - WARNING - Could not find registration number for horse: dh-Thrilling Sweetness
2025-12-16 09:53:46,983 - WARNING - Could not find registration number for horse: dh-Romeo Rogue
2025-12-16 09:53:47,114 - WARNING - Could not find registration number for horse: dh-Ova Charged
2025-12-16 09:53:47,271 - WARNING - Could not find registration number for horse: dq-Tlc Willie Cartel
2025-12-16 09:53:47,437 - WARNING - Could not find registration number for horse: dh-De Tanyas Cartel
2025-12-16 09:53:47,665 - WARNING - Could not find registration number for horse: dq-Ha Chi Corona
2025-12-16 09:53:47,688 - WARNING - Could not find registration number for horse: dq-Inseperable Tees
2025-12-16 09:53:47,698 - WARNING - Could not find registration number for horse: dq-Sheza Monee Train
2025-12-16 09:53:47,851 - WARNING - Could not find registration number for horse: dh-Im First in Firstout
2025-12-16 09:53:47,971 - WARNING - Could not find registration number for horse: dq-Rogue Celebration
2025-12-16 09:53:48,067 - WARNING - Could not find registration number for horse: dh-Snowball
2025-12-16 09:53:48,080 - WARNING - Could not find registration number for horse: dq-Packnshinesmemories
2025-12-16 09:53:48,103 - WARNING - Could not find registration number for horse: dq-Pretty Boyz Swag
2025-12-16 09:53:48,209 - WARNING - Could not find registration number for horse: dh-One Fine V
2025-12-16 09:53:48,277 - WARNING - Could not find registration number for horse: dh-Turn the Eagle Lose
2025-12-16 09:53:48,470 - WARNING - Could not find registration number for horse: dq-Boss Corona
2025-12-16 09:53:48,567 - WARNING - Could not find registration number for horse: dh-A Regal Patriot
2025-12-16 09:53:48,612 - WARNING - Could not find registration number for horse: dh-Too Jealous
2025-12-16 09:53:48,913 - WARNING - Could not find registration number for horse: Lil Too Dirty
2025-12-16 09:53:49,320 - WARNING - Could not find registration number for horse: dh-Eagles N Corona
2025-12-16 09:53:49,367 - WARNING - Could not find registration number for horse: dh-Sheza Money Train
2025-12-16 09:53:49,552 - WARNING - Could not find registration number for horse: dh-Ms Bar None T
2025-12-16 09:53:49,602 - WARNING - Could not find registration number for horse: dh-Rh Querido Ruperto
2025-12-16 09:53:49,709 - WARNING - Could not find registration number for horse: dq-Mp Jess Special
2025-12-16 09:53:49,946 - WARNING - Could not find registration number for horse: dq-Pure Malice
2025-12-16 09:53:50,072 - WARNING - Could not find registration number for horse: dq-Early Dawn
2025-12-16 09:53:50,223 - WARNING - Could not find registration number for horse: dq-Jnj a Game Jess
2025-12-16 09:53:50,261 - WARNING - Could not find registration number for horse: dq-Ms First Piloto
2025-12-16 09:53:50,567 - WARNING - Could not find registration number for horse: dh-Atom Eve B
2025-12-16 09:53:50,591 - WARNING - Could not find registration number for horse: dh-Mydealoftheday
2025-12-16 09:53:50,639 - WARNING - Could not find registration number for horse: dh-Crypto Brave
2025-12-16 09:53:50,680 - WARNING - Could not find registration number for horse: dh-Freakin Patriot Dash
2025-12-16 09:53:50,826 - WARNING - Could not find registration number for horse: dh-Hez Hunters Rogue
2025-12-16 09:53:50,974 - WARNING - Could not find registration number for horse: dh-Fastdash These Silks
2025-12-16 09:53:51,077 - WARNING - Could not find registration number for horse: dq-Mr. Numero Uno
2025-12-16 09:53:51,163 - WARNING - Could not find registration number for horse: dh-Last Freightrain
2025-12-16 09:53:51,165 - WARNING - Could not find registration number for horse: dh-Royal Jet Knockout
2025-12-16 09:53:51,239 - WARNING - Could not find registration number for horse: dhdq-Majestic N Roses
2025-12-16 09:53:51,391 - WARNING - Could not find registration number for horse: dh-Jess Louisiana Boo
2025-12-16 09:53:51,435 - WARNING - Could not find registration number for horse: dh-Codetowin
2025-12-16 09:53:51,442 - WARNING - Could not find registration number for horse: dh-Street Perks
2025-12-16 09:53:51,495 - WARNING - Could not find registration number for horse: dh-Corot
2025-12-16 09:53:51,540 - WARNING - Could not find registration number for horse: dq-Making a Royal Dash
2025-12-16 09:53:51,574 - WARNING - Could not find registration number for horse: dh-Hoztile Takeover
2025-12-16 09:53:51,991 - WARNING - Could not find registration number for horse: dq-Good and Stout
2025-12-16 09:53:52,030 - WARNING - Could not find registration number for horse: dh-Chili Red
2025-12-16 09:53:52,134 - WARNING - Could not find registration number for horse: dh-Hullinahurry
2025-12-16 09:53:52,145 - WARNING - Could not find registration number for horse: dh-Roundin Third
2025-12-16 09:53:52,319 - WARNING - Could not find registration number for horse: dh-Robbiesdashingleagle
2025-12-16 09:53:52,478 - WARNING - Could not find registration number for horse: dh-Tides of Wrath
2025-12-16 09:53:52,536 - WARNING - Could not find registration number for horse: dh-Oxymoron
2025-12-16 09:53:52,630 - WARNING - Could not find registration number for horse: dq-Rose Jess
2025-12-16 09:53:52,655 - WARNING - Could not find registration number for horse: dh-Egaltistical
2025-12-16 09:53:53,052 - WARNING - Could not find registration number for horse: dq-Cartel Roses Z
2025-12-16 09:53:53,106 - WARNING - Could not find registration number for horse: dq-Debbies Passage
2025-12-16 09:53:53,354 - WARNING - Could not find registration number for horse: dq-Bertie's Galaxy
2025-12-16 09:53:53,427 - WARNING - Could not find registration number for horse: dh-Memory Maker
2025-12-16 09:53:53,812 - WARNING - Could not find registration number for horse: dq-Robust
2025-12-16 09:53:53,905 - WARNING - Could not find registration number for horse: dq-Gray Dane
2025-12-16 09:53:54,595 - INFO - Performing batch database update...
2025-12-16 09:53:54,682 - INFO - Updated 756 races with results
2025-12-16 09:53:55,046 - WARNING - Could not find registration number for horse: dq-Gypsy Jackpot
2025-12-16 09:53:55,070 - INFO - Updated 6457 entries with results
2025-12-16 09:53:55,316 - INFO - Inserted 4218 wagering records
2025-12-16 09:53:55,393 - INFO - Inserted 1448 fraction records
2025-12-16 09:53:55,653 - WARNING - Could not find registration number for horse: dh-Finishwhatustarted
2025-12-16 09:53:55,718 - WARNING - Could not find registration number for horse: dh-Zero Point Zero
2025-12-16 09:53:55,766 - INFO - Processed 1100 files. Race updates: 9093, Entry updates: 66512
2025-12-16 09:53:57,317 - WARNING - Could not find registration number for horse: dq-Sports Editor
2025-12-16 09:53:57,692 - WARNING - Could not find registration number for horse: dq-Jamaican Me
2025-12-16 09:53:57,811 - WARNING - Could not find registration number for horse: dq-Golden Juan
2025-12-16 09:53:57,934 - INFO - Inserted 45822 position call records
2025-12-16 09:53:57,937 - WARNING - Could not find registration number for horse: dq-Briartown
2025-12-16 09:53:58,233 - WARNING - Could not find registration number for horse: dq-Medb
2025-12-16 09:53:58,314 - WARNING - Could not find registration number for horse: dq-Ruby Dooby Doo
2025-12-16 09:53:58,320 - WARNING - Could not find registration number for horse: Captain Khozan
2025-12-16 09:53:58,329 - WARNING - Could not find registration number for horse: dq-Compass Fire
2025-12-16 09:53:58,719 - WARNING - Could not find registration number for horse: dq-Alliworshipnadore
2025-12-16 09:53:58,729 - WARNING - Could not find registration number for horse: dh-Zultan
2025-12-16 09:53:58,915 - WARNING - Could not find registration number for horse: dh-Super Curioso (ARG)
2025-12-16 09:53:59,056 - WARNING - Could not find registration number for horse: dq-Chalk Hill
2025-12-16 09:53:59,056 - WARNING - Could not find registration number for horse: dq-Candy for Carmel
2025-12-16 09:53:59,224 - WARNING - Could not find registration number for horse: dq-Lance's Smile
2025-12-16 09:53:59,306 - WARNING - Could not find registration number for horse: dq-Pylon
2025-12-16 09:53:59,392 - WARNING - Could not find registration number for horse: dh-Storied Fella
2025-12-16 09:53:59,629 - WARNING - Could not find registration number for horse: dh-Icy Minister
2025-12-16 09:54:01,231 - WARNING - Could not find registration number for horse: dq-Smithwick's Spice
2025-12-16 09:54:01,255 - WARNING - Could not find registration number for horse: dhdq-Animal Princess
2025-12-16 09:54:01,624 - WARNING - Could not find registration number for horse: dh-Ariana Valentina
2025-12-16 09:54:01,837 - WARNING - Could not find registration number for horse: dq-Laddie Dance
2025-12-16 09:54:02,270 - WARNING - Could not find registration number for horse: dq-Taino
2025-12-16 09:54:02,518 - WARNING - Could not find registration number for horse: dq-Pylon
2025-12-16 09:54:02,642 - WARNING - Could not find registration number for horse: dh-Defiant Malice
2025-12-16 09:54:02,824 - WARNING - Could not find registration number for horse: dh-Michael's Moon
2025-12-16 09:54:02,880 - WARNING - Could not find registration number for horse: Captain Khozan
2025-12-16 09:54:03,574 - WARNING - Could not find registration number for horse: dh-Meru
2025-12-16 09:54:03,617 - WARNING - Could not find registration number for horse: dh-Hrothgar
2025-12-16 09:54:03,800 - WARNING - Could not find registration number for horse: dq-Blonde Samaritan
2025-12-16 09:54:03,831 - WARNING - Could not find registration number for horse: dh-Hidden Warrior
2025-12-16 09:54:03,849 - WARNING - Could not find registration number for horse: dh-Miracle Silver
2025-12-16 09:54:04,154 - WARNING - Could not find registration number for horse: dq-I Love Maria
2025-12-16 09:54:04,413 - WARNING - Could not find registration number for horse: dh-Awesome Pic
2025-12-16 09:54:04,674 - WARNING - Could not find registration number for horse: dq-Tankinator
2025-12-16 09:54:04,792 - WARNING - Could not find registration number for horse: dh-Chickieness
2025-12-16 09:54:04,999 - WARNING - Could not find registration number for horse: dq-G G's Dark Star
2025-12-16 09:54:05,314 - WARNING - Could not find registration number for horse: dq-I Wanna Rock
2025-12-16 09:54:05,353 - WARNING - Could not find registration number for horse: dq-Lolo Machete Blue
2025-12-16 09:54:05,451 - WARNING - Could not find registration number for horse: dq-Secret Wisper
2025-12-16 09:54:05,589 - INFO - Performing batch database update...
2025-12-16 09:54:05,655 - INFO - Updated 526 races with results
2025-12-16 09:54:05,820 - WARNING - Could not find registration number for horse: dq-El Asil
2025-12-16 09:54:05,949 - INFO - Updated 3992 entries with results
2025-12-16 09:54:06,131 - INFO - Inserted 3057 wagering records
2025-12-16 09:54:06,185 - WARNING - Could not find registration number for horse: dh-Love Foreverafter
2025-12-16 09:54:06,207 - WARNING - Could not find registration number for horse: dq-Bermondsey
2025-12-16 09:54:06,234 - INFO - Inserted 1841 fraction records
2025-12-16 09:54:06,279 - WARNING - Could not find registration number for horse: dh-Una Luna
2025-12-16 09:54:06,330 - WARNING - Could not find registration number for horse: dq-Yoda Glitz
2025-12-16 09:54:06,496 - WARNING - Could not find registration number for horse: dq-Sweetheart Vision
2025-12-16 09:54:06,807 - WARNING - Could not find registration number for horse: dh-Patty's Boy
2025-12-16 09:54:06,979 - WARNING - Could not find registration number for horse: dq-Greyzer
2025-12-16 09:54:06,986 - WARNING - Could not find registration number for horse: dq-Dont Fight the Fed
2025-12-16 09:54:07,111 - WARNING - Could not find registration number for horse: dq-Silver N Black
2025-12-16 09:54:07,164 - WARNING - Could not find registration number for horse: dq-Tom and Jazzy
2025-12-16 09:54:07,178 - INFO - Processed 1200 files. Race updates: 9910, Entry updates: 72460
2025-12-16 09:54:07,734 - WARNING - Could not find registration number for horse: dh-Night Ops
2025-12-16 09:54:07,867 - INFO - Inserted 28806 position call records
2025-12-16 09:54:08,164 - WARNING - Could not find registration number for horse: dq-Sippin N Kissin
2025-12-16 09:54:08,484 - WARNING - Could not find registration number for horse: dq-Mirahmadi
2025-12-16 09:54:09,213 - WARNING - Could not find registration number for horse: dh-Hope Road
2025-12-16 09:54:09,401 - WARNING - Could not find registration number for horse: dh-Ur in Trouble
2025-12-16 09:54:09,496 - WARNING - Could not find registration number for horse: dq-Uncle Reg
2025-12-16 09:54:09,640 - WARNING - Could not find registration number for horse: dq-Scary Fast Smile
2025-12-16 09:54:09,898 - WARNING - Could not find registration number for horse: dq-Legislator
2025-12-16 09:54:10,594 - WARNING - Could not find registration number for horse: dh-Tahoe Sunrise
2025-12-16 09:54:10,821 - WARNING - Could not find registration number for horse: dq-Big Hat Willie
2025-12-16 09:54:10,884 - WARNING - Could not find registration number for horse: dh-Mr Fisk
2025-12-16 09:54:12,245 - WARNING - Could not find registration number for horse: dq-Unkept Secret
2025-12-16 09:54:12,980 - WARNING - Could not find registration number for horse: dq-Petcoff
2025-12-16 09:54:13,332 - WARNING - Could not find registration number for horse: Time Too Go
2025-12-16 09:54:13,426 - WARNING - Could not find registration number for horse: dh-Denim in Gold
2025-12-16 09:54:13,525 - WARNING - Could not find registration number for horse: dh-Ready Jet Go
2025-12-16 09:54:13,559 - WARNING - Could not find registration number for horse: dq-Yo Zoomin Fifty
2025-12-16 09:54:13,619 - WARNING - Could not find registration number for horse: dh-Makn Diamonds
2025-12-16 09:54:13,713 - WARNING - Could not find registration number for horse: dh-Zacango Pride
2025-12-16 09:54:13,756 - WARNING - Could not find registration number for horse: dq-Durango Jess
2025-12-16 09:54:13,762 - WARNING - Could not find registration number for horse: dh-Flightofthephoenix
2025-12-16 09:54:13,824 - WARNING - Could not find registration number for horse: dh-Bold Break
2025-12-16 09:54:13,890 - WARNING - Could not find registration number for horse: dq-Like No Other
2025-12-16 09:54:13,935 - WARNING - Could not find registration number for horse: dh-Vvr War Hoop
2025-12-16 09:54:13,985 - WARNING - Could not find registration number for horse: dh-La Punsada
2025-12-16 09:54:14,168 - WARNING - Could not find registration number for horse: dh-Vf Give Me a Prize
2025-12-16 09:54:14,308 - WARNING - Could not find registration number for horse: dh-Dash N the Wind
2025-12-16 09:54:14,440 - WARNING - Could not find registration number for horse: dq-Dazzling Pistolero
2025-12-16 09:54:14,740 - WARNING - Could not find registration number for horse: dq-Vince's Corner
2025-12-16 09:54:15,042 - WARNING - Could not find registration number for horse: dh-Hijo Galante
2025-12-16 09:54:15,125 - WARNING - Could not find registration number for horse: dq-Eagles Peak
2025-12-16 09:54:15,437 - WARNING - Could not find registration number for horse: dh-Meesh
2025-12-16 09:54:16,125 - WARNING - Could not find registration number for horse: dq-Miranda Rights
2025-12-16 09:54:16,446 - WARNING - Could not find registration number for horse: dq-Wide West (IRE)
2025-12-16 09:54:16,509 - WARNING - Could not find registration number for horse: I Feelucky Tonite
2025-12-16 09:54:16,527 - WARNING - Could not find registration number for horse: dh-Glossy Life
2025-12-16 09:54:16,866 - WARNING - Could not find registration number for horse: dh-Dooblay
2025-12-16 09:54:17,679 - WARNING - Could not find registration number for horse: dq-Moon Cat
2025-12-16 09:54:17,846 - WARNING - Could not find registration number for horse: dq-Gucci Boy
2025-12-16 09:54:18,037 - WARNING - Could not find registration number for horse: dq-Bellamore
2025-12-16 09:54:18,192 - WARNING - Could not find registration number for horse: dh-St. John's
2025-12-16 09:54:18,486 - WARNING - Could not find registration number for horse: dh-Athens Moon
2025-12-16 09:54:18,551 - WARNING - Could not find registration number for horse: dq-Royal Vicky
2025-12-16 09:54:19,308 - WARNING - Could not find registration number for horse: dh-Suga Steve
2025-12-16 09:54:19,599 - WARNING - Could not find registration number for horse: dh-Thunder Ball
2025-12-16 09:54:20,231 - WARNING - Could not find registration number for horse: dh-Workin Winnie
2025-12-16 09:54:20,447 - WARNING - Could not find registration number for horse: dq-In Your Face
2025-12-16 09:54:20,473 - WARNING - Could not find registration number for horse: dh-Double a Eagle
2025-12-16 09:54:21,098 - WARNING - Could not find registration number for horse: Time Too Go
2025-12-16 09:54:21,176 - WARNING - Could not find registration number for horse: dh-Brannigan
2025-12-16 09:54:21,226 - WARNING - Could not find registration number for horse: dh-Owhatarush
2025-12-16 09:54:21,521 - WARNING - Could not find registration number for horse: dh-Cheater's Waltz
2025-12-16 09:54:21,831 - WARNING - Could not find registration number for horse: dh-Bossy Pegasus
2025-12-16 09:54:21,877 - WARNING - Could not find registration number for horse: dq-Try to Capture
2025-12-16 09:54:22,077 - INFO - Processed 1300 files. Race updates: 10785, Entry updates: 79094
2025-12-16 09:54:22,095 - WARNING - Could not find registration number for horse: dq-Jlm Embezzler Queen
2025-12-16 09:54:22,114 - WARNING - Could not find registration number for horse: dq-You Split Tens
2025-12-16 09:54:22,748 - WARNING - Could not find registration number for horse: dq-Shelby Shortstop
2025-12-16 09:54:23,179 - WARNING - Could not find registration number for horse: dq-Mischief Mame
2025-12-16 09:54:23,245 - WARNING - Could not find registration number for horse: dq-Dontforgethesugar
2025-12-16 09:54:23,388 - WARNING - Could not find registration number for horse: dq-Foster Boi
2025-12-16 09:54:23,448 - WARNING - Could not find registration number for horse: dq-New Every Morning
2025-12-16 09:54:23,693 - WARNING - Could not find registration number for horse: dq-St Ignacio
2025-12-16 09:54:23,852 - WARNING - Could not find registration number for horse: dh-Yammy Yammy Bella
2025-12-16 09:54:23,904 - WARNING - Could not find registration number for horse: dq-Sierra Melody
2025-12-16 09:54:24,079 - WARNING - Could not find registration number for horse: dq-Dash to the Flash T
2025-12-16 09:54:24,228 - WARNING - Could not find registration number for horse: dh-She Said My Way
2025-12-16 09:54:24,279 - WARNING - Could not find registration number for horse: dh-Olivia's Choice (IRE)
2025-12-16 09:54:24,358 - WARNING - Could not find registration number for horse: dh-Barbarian
2025-12-16 09:54:24,370 - WARNING - Could not find registration number for horse: dq-Shakin Loose
2025-12-16 09:54:24,536 - WARNING - Could not find registration number for horse: Nowhere Too Run
2025-12-16 09:54:24,818 - WARNING - Could not find registration number for horse: dq-Mr. Bugs
2025-12-16 09:54:24,864 - WARNING - Could not find registration number for horse: dq-Knightline
2025-12-16 09:54:24,936 - INFO - Performing batch database update...
2025-12-16 09:54:25,013 - WARNING - Could not find registration number for horse: dh-Wherever You Are
2025-12-16 09:54:25,055 - INFO - Updated 1097 races with results
2025-12-16 09:54:25,094 - WARNING - Could not find registration number for horse: dh-Pick Bymy Friend
2025-12-16 09:54:25,208 - WARNING - Could not find registration number for horse: dh-Well Imagine That
2025-12-16 09:54:25,213 - WARNING - Could not find registration number for horse: dh-Whatta World
2025-12-16 09:54:25,359 - WARNING - Could not find registration number for horse: dq-Our Lyla Grace
2025-12-16 09:54:25,393 - WARNING - Could not find registration number for horse: dq-Nana's Angels
2025-12-16 09:54:25,565 - INFO - Updated 8280 entries with results
2025-12-16 09:54:25,827 - WARNING - Could not find registration number for horse: dq-Glimpse of Gold
2025-12-16 09:54:26,125 - WARNING - Could not find registration number for horse: dq-Pedal to the Metal
2025-12-16 09:54:26,172 - INFO - Inserted 6106 wagering records
2025-12-16 09:54:26,335 - INFO - Inserted 3220 fraction records
2025-12-16 09:54:27,087 - WARNING - Could not find registration number for horse: dq-Laurieann
2025-12-16 09:54:27,233 - WARNING - Could not find registration number for horse: dq-Barbarian
2025-12-16 09:54:27,400 - WARNING - Could not find registration number for horse: dq-Arms Apriority
2025-12-16 09:54:27,634 - WARNING - Could not find registration number for horse: dq-Arthur Spooner
2025-12-16 09:54:27,862 - WARNING - Could not find registration number for horse: dq-You're the Cause
2025-12-16 09:54:28,886 - WARNING - Could not find registration number for horse: dq-Mardi Gras Alarm
2025-12-16 09:54:29,257 - WARNING - Could not find registration number for horse: dq-The Fiscal Seis
2025-12-16 09:54:29,952 - INFO - Inserted 63942 position call records
2025-12-16 09:54:30,727 - WARNING - Could not find registration number for horse: dh-Apriority Rocket
2025-12-16 09:54:30,838 - WARNING - Could not find registration number for horse: dq-Buck Doll Taylor
2025-12-16 09:54:30,958 - WARNING - Could not find registration number for horse: dh-Sacred Nation
2025-12-16 09:54:31,155 - WARNING - Could not find registration number for horse: dq-Bel Ragazzo
2025-12-16 09:54:31,738 - WARNING - Could not find registration number for horse: dq-Madison's Screen
2025-12-16 09:54:31,769 - WARNING - Could not find registration number for horse: dq-Iron N Steel
2025-12-16 09:54:31,812 - WARNING - Could not find registration number for horse: dq-Cajun Cyclone
2025-12-16 09:54:31,874 - WARNING - Could not find registration number for horse: dh-Easy Eddie A
2025-12-16 09:54:32,109 - WARNING - Could not find registration number for horse: dh-Buck's Glory
2025-12-16 09:54:32,193 - WARNING - Could not find registration number for horse: dq-Mystic Creed
2025-12-16 09:54:33,546 - WARNING - Could not find registration number for horse: dq-Play Master
2025-12-16 09:54:33,954 - WARNING - Could not find registration number for horse: dh-Harriet's Dream
2025-12-16 09:54:34,303 - WARNING - Could not find registration number for horse: dh-Charlie's Peak
2025-12-16 09:54:34,541 - WARNING - Could not find registration number for horse: dh-Luminous Flight
2025-12-16 09:54:34,681 - WARNING - Could not find registration number for horse: dh-Hushed Court Room
2025-12-16 09:54:34,957 - WARNING - Could not find registration number for horse: dq-Moon Chick
2025-12-16 09:54:34,974 - INFO - Processed 1400 files. Race updates: 11652, Entry updates: 85477
2025-12-16 09:54:35,222 - WARNING - Could not find registration number for horse: dq-Flaming Eagle
2025-12-16 09:54:35,315 - WARNING - Could not find registration number for horse: dq-Charming Kat
2025-12-16 09:54:35,387 - WARNING - Could not find registration number for horse: dh-Double Tac Flash
2025-12-16 09:54:35,406 - WARNING - Could not find registration number for horse: dh-Speedy
2025-12-16 09:54:35,450 - WARNING - Could not find registration number for horse: dq-Muffin Nuts
2025-12-16 09:54:35,455 - WARNING - Could not find registration number for horse: dh-Ghost Cowboy
2025-12-16 09:54:35,462 - WARNING - Could not find registration number for horse: dh-Rm Payaso
2025-12-16 09:54:35,495 - WARNING - Could not find registration number for horse: dh-Run On Aces
2025-12-16 09:54:35,570 - WARNING - Could not find registration number for horse: dh-Apolitical Train
2025-12-16 09:54:35,817 - WARNING - Could not find registration number for horse: dq-Blew Duck
2025-12-16 09:54:36,415 - WARNING - Could not find registration number for horse: dq-Mosquito Fleet
2025-12-16 09:54:36,773 - WARNING - Could not find registration number for horse: dq-Jps Money Train
2025-12-16 09:54:36,841 - WARNING - Could not find registration number for horse: dq-Louisiana Bru
2025-12-16 09:54:36,906 - WARNING - Could not find registration number for horse: dh-San Lorenzeaux
2025-12-16 09:54:36,930 - WARNING - Could not find registration number for horse: dq-Coronasr Eye Opening
2025-12-16 09:54:36,991 - WARNING - Could not find registration number for horse: dh-Jet Black Dolly
2025-12-16 09:54:37,008 - WARNING - Could not find registration number for horse: dq-One More Sleep
2025-12-16 09:54:37,121 - WARNING - Could not find registration number for horse: dh-Cwfasttrack
2025-12-16 09:54:37,136 - WARNING - Could not find registration number for horse: dh-Best Magic Piloto
2025-12-16 09:54:37,295 - WARNING - Could not find registration number for horse: dh-Jrs Majestic Prince
2025-12-16 09:54:37,299 - WARNING - Could not find registration number for horse: dh-Ab Chalalo
2025-12-16 09:54:37,870 - WARNING - Could not find registration number for horse: dq-First Glimpse
2025-12-16 09:54:38,074 - WARNING - Could not find registration number for horse: dh-Inseperable Tees
2025-12-16 09:54:38,101 - WARNING - Could not find registration number for horse: dh-Gbh Streakin B
2025-12-16 09:54:38,177 - WARNING - Could not find registration number for horse: Lil Too Dirty
2025-12-16 09:54:38,251 - WARNING - Could not find registration number for horse: dh-Jj One Jessan
2025-12-16 09:54:38,286 - WARNING - Could not find registration number for horse: dh-Cr Black Penny
2025-12-16 09:54:38,771 - WARNING - Could not find registration number for horse: dq-Jess a Wild Candy
2025-12-16 09:54:39,178 - WARNING - Could not find registration number for horse: dq-Sity Kitty
2025-12-16 09:54:39,716 - WARNING - Could not find registration number for horse: dq-A Shot At Corona
2025-12-16 09:54:39,758 - WARNING - Could not find registration number for horse: dq-Alafair
2025-12-16 09:54:39,762 - WARNING - Could not find registration number for horse: dh-Jessa Fury
2025-12-16 09:54:39,812 - WARNING - Could not find registration number for horse: dh-Ha Chi Corona
2025-12-16 09:54:39,995 - WARNING - Could not find registration number for horse: dh-Jj First Down Dash
2025-12-16 09:54:40,037 - WARNING - Could not find registration number for horse: dh-A Political Delite
2025-12-16 09:54:40,094 - WARNING - Could not find registration number for horse: dh-Simba Stone
2025-12-16 09:54:40,209 - WARNING - Could not find registration number for horse: dh-Fast Dashn Anna
2025-12-16 09:54:40,410 - WARNING - Could not find registration number for horse: dq-W W Valid
2025-12-16 09:54:40,414 - WARNING - Could not find registration number for horse: dh-Zoomin Blue Star
2025-12-16 09:54:40,498 - WARNING - Could not find registration number for horse: dh-Ima Calente Kid
2025-12-16 09:54:40,796 - WARNING - Could not find registration number for horse: dh-Lastfortinofamily
2025-12-16 09:54:40,934 - WARNING - Could not find registration number for horse: dh-Campaign Spy
2025-12-16 09:54:40,938 - WARNING - Could not find registration number for horse: dq-Blew Duck
2025-12-16 09:54:41,057 - WARNING - Could not find registration number for horse: dh-Jla Indy Rogue
2025-12-16 09:54:41,107 - WARNING - Could not find registration number for horse: dh-Rdd Empire Builder
2025-12-16 09:54:41,111 - WARNING - Could not find registration number for horse: dq-Wendells Fast Dash
2025-12-16 09:54:41,539 - INFO - Performing batch database update...
2025-12-16 09:54:41,594 - WARNING - Could not find registration number for horse: dq-Thunder Cartel
2025-12-16 09:54:41,640 - WARNING - Could not find registration number for horse: dq-Tdz Kings Ransom
2025-12-16 09:54:41,649 - INFO - Updated 708 races with results
2025-12-16 09:54:42,045 - INFO - Updated 6363 entries with results
2025-12-16 09:54:42,277 - INFO - Inserted 3982 wagering records
2025-12-16 09:54:42,346 - INFO - Inserted 1293 fraction records
2025-12-16 09:54:42,380 - WARNING - Could not find registration number for horse: dq-Tf Jess Doing Curls
2025-12-16 09:54:42,956 - WARNING - Could not find registration number for horse: Lil Too Dirty
2025-12-16 09:54:43,110 - WARNING - Could not find registration number for horse: dq-Denalia Sweet Jess
2025-12-16 09:54:43,459 - WARNING - Could not find registration number for horse: dq-Peacock Man
2025-12-16 09:54:43,811 - WARNING - Could not find registration number for horse: dq-Turn the Eagle Lose
2025-12-16 09:54:44,086 - WARNING - Could not find registration number for horse: dq-Hell of a View
2025-12-16 09:54:44,444 - WARNING - Could not find registration number for horse: dh-Mini Dress
2025-12-16 09:54:44,601 - WARNING - Could not find registration number for horse: dh-Witching
2025-12-16 09:54:44,720 - WARNING - Could not find registration number for horse: dh-St. Louie Louie
2025-12-16 09:54:44,817 - INFO - Inserted 42660 position call records
2025-12-16 09:54:44,828 - WARNING - Could not find registration number for horse: dq-Cherry Orchard
2025-12-16 09:54:44,948 - WARNING - Could not find registration number for horse: dh-Andthethunderrolls
2025-12-16 09:54:45,281 - WARNING - Could not find registration number for horse: dq-Stance
2025-12-16 09:54:45,425 - WARNING - Could not find registration number for horse: dq-Onacounta
2025-12-16 09:54:45,472 - WARNING - Could not find registration number for horse: dq-Torin
2025-12-16 09:54:45,736 - WARNING - Could not find registration number for horse: dq-Polita Chick
2025-12-16 09:54:46,134 - WARNING - Could not find registration number for horse: dq-Showmedafreight
2025-12-16 09:54:46,149 - WARNING - Could not find registration number for horse: dh-Two Cookie Rule
2025-12-16 09:54:46,199 - WARNING - Could not find registration number for horse: dh-You're in Corey
2025-12-16 09:54:46,276 - WARNING - Could not find registration number for horse: dq-Jes Winnin Cartel
2025-12-16 09:54:46,312 - WARNING - Could not find registration number for horse: dh-Chernyahovskiy
2025-12-16 09:54:46,454 - WARNING - Could not find registration number for horse: dq-Cahokia Posse
2025-12-16 09:54:46,496 - WARNING - Could not find registration number for horse: dh-Super Silver
2025-12-16 09:54:47,031 - INFO - Processed 1500 files. Race updates: 12437, Entry updates: 91326
2025-12-16 09:54:47,158 - WARNING - Could not find registration number for horse: dh-Tizwow
2025-12-16 09:54:47,220 - WARNING - Could not find registration number for horse: dh-Charlie's Beach
2025-12-16 09:54:47,333 - WARNING - Could not find registration number for horse: dh-Papa's Lucky Seven
2025-12-16 09:54:47,340 - WARNING - Could not find registration number for horse: dq-Mimi's Holiday
2025-12-16 09:54:47,432 - WARNING - Could not find registration number for horse: dh-Blue Norther
2025-12-16 09:54:47,476 - WARNING - Could not find registration number for horse: dq-Izeondec
2025-12-16 09:54:47,575 - WARNING - Could not find registration number for horse: dq-Jj Exel
2025-12-16 09:54:47,632 - WARNING - Could not find registration number for horse: dq-Go Madi Go
2025-12-16 09:54:48,092 - WARNING - Could not find registration number for horse: dq-No More
2025-12-16 09:54:48,388 - WARNING - Could not find registration number for horse: dq-Autumn's So Flashy
2025-12-16 09:54:48,592 - WARNING - Could not find registration number for horse: dh-Tizrik
2025-12-16 09:54:48,602 - WARNING - Could not find registration number for horse: dq-Dotted Line
2025-12-16 09:54:48,708 - WARNING - Could not find registration number for horse: dh-Tuckers Prize
2025-12-16 09:54:48,879 - WARNING - Could not find registration number for horse: dq-Makin It Rayne
2025-12-16 09:54:48,930 - WARNING - Could not find registration number for horse: dh-Sircorri
2025-12-16 09:54:49,109 - WARNING - Could not find registration number for horse: dh-Denalia Sweet Jess
2025-12-16 09:54:49,131 - WARNING - Could not find registration number for horse: dq-Double X Perry
2025-12-16 09:54:49,244 - WARNING - Could not find registration number for horse: dh-Supertrix
2025-12-16 09:54:49,360 - WARNING - Could not find registration number for horse: dh-Templuna
2025-12-16 09:54:50,568 - WARNING - Could not find registration number for horse: dq-Diamondback
2025-12-16 09:54:50,580 - WARNING - Could not find registration number for horse: dq-Lets Run Two
2025-12-16 09:54:50,817 - WARNING - Could not find registration number for horse: dh-Born to Be Good
2025-12-16 09:54:50,866 - WARNING - Could not find registration number for horse: dh-Pluie d'Avril
2025-12-16 09:54:50,897 - WARNING - Could not find registration number for horse: dh-Ec Abella
2025-12-16 09:54:51,189 - WARNING - Could not find registration number for horse: dq-Artie's All In
2025-12-16 09:54:51,259 - WARNING - Could not find registration number for horse: dh-Eagle Joy
2025-12-16 09:54:51,453 - WARNING - Could not find registration number for horse: dq-One Bay Hemingway
2025-12-16 09:54:51,642 - WARNING - Could not find registration number for horse: dq-One More Brew
2025-12-16 09:54:52,031 - WARNING - Could not find registration number for horse: dq-Sasquatch Ride
2025-12-16 09:54:52,074 - WARNING - Could not find registration number for horse: dh-Wenjack
2025-12-16 09:54:52,259 - WARNING - Could not find registration number for horse: dq-Peso in My Pocket
2025-12-16 09:54:52,268 - WARNING - Could not find registration number for horse: dh-W W Springtime
2025-12-16 09:54:52,873 - WARNING - Could not find registration number for horse: dq-Makes Sense to Me
2025-12-16 09:54:53,051 - WARNING - Could not find registration number for horse: dq-Toosweetforme
2025-12-16 09:54:53,393 - WARNING - Could not find registration number for horse: dh-Paytonsattheplate
2025-12-16 09:54:53,536 - WARNING - Could not find registration number for horse: dh-Angel of Verdun
2025-12-16 09:54:53,892 - WARNING - Could not find registration number for horse: dq-Reverent
2025-12-16 09:54:54,618 - WARNING - Could not find registration number for horse: dh-Hudson's Turn
2025-12-16 09:54:54,717 - WARNING - Could not find registration number for horse: dh-Silver Galaxy
2025-12-16 09:54:54,784 - WARNING - Could not find registration number for horse: dh-Brienne of Tarth
2025-12-16 09:54:55,098 - WARNING - Could not find registration number for horse: dh-Blue Jays
2025-12-16 09:54:55,147 - WARNING - Could not find registration number for horse: dh-Tangerine Twist
2025-12-16 09:54:55,159 - WARNING - Could not find registration number for horse: dh-First Glimpse
2025-12-16 09:54:55,257 - WARNING - Could not find registration number for horse: dq-Woods N Water
2025-12-16 09:54:55,319 - INFO - Performing batch database update...
2025-12-16 09:54:55,401 - INFO - Updated 785 races with results
2025-12-16 09:54:55,720 - INFO - Updated 5233 entries with results
2025-12-16 09:54:55,947 - INFO - Inserted 4272 wagering records
2025-12-16 09:54:56,083 - INFO - Inserted 2495 fraction records
2025-12-16 09:54:56,499 - WARNING - Could not find registration number for horse: dq-Mo Saturdays
2025-12-16 09:54:56,698 - WARNING - Could not find registration number for horse: dq-Sensible Portions
2025-12-16 09:54:56,813 - WARNING - Could not find registration number for horse: dh-Maintainance Matt
2025-12-16 09:54:56,994 - WARNING - Could not find registration number for horse: dh-Drewzano
2025-12-16 09:54:57,336 - INFO - Processed 1600 files. Race updates: 13223, Entry updates: 96568
2025-12-16 09:54:57,417 - WARNING - Could not find registration number for horse: dq-Multi Platinum
2025-12-16 09:54:57,749 - WARNING - Could not find registration number for horse: dh-Chaosmos
2025-12-16 09:54:57,931 - WARNING - Could not find registration number for horse: dh-Mad Adam
2025-12-16 09:54:57,936 - WARNING - Could not find registration number for horse: dq-J M R Turek
2025-12-16 09:54:58,201 - WARNING - Could not find registration number for horse: dh-Lady Dreamer
2025-12-16 09:54:58,491 - INFO - Inserted 39276 position call records
2025-12-16 09:54:58,767 - WARNING - Could not find registration number for horse: dh-Be Bo
2025-12-16 09:54:58,812 - WARNING - Could not find registration number for horse: dh-Khozy Tap
2025-12-16 09:54:59,149 - WARNING - Could not find registration number for horse: dh-Margoinabubblebath
2025-12-16 09:54:59,609 - WARNING - Could not find registration number for horse: dq-Sweet Alexis
2025-12-16 09:54:59,880 - WARNING - Could not find registration number for horse: dq-Castlewarden
2025-12-16 09:55:00,576 - WARNING - Could not find registration number for horse: dq-Syvestar
2025-12-16 09:55:01,446 - WARNING - Could not find registration number for horse: Max S
2025-12-16 09:55:01,494 - WARNING - Could not find registration number for horse: dq-Glenn's Jumper
2025-12-16 09:55:01,629 - WARNING - Could not find registration number for horse: dq-Sweet Temperament
2025-12-16 09:55:02,505 - WARNING - Could not find registration number for horse: dq-Bertie's Galaxy
2025-12-16 09:55:04,020 - WARNING - Could not find registration number for horse: dq-Banco Medici
2025-12-16 09:55:04,080 - WARNING - Could not find registration number for horse: dq-Mo Crazy Blues
2025-12-16 09:55:04,983 - WARNING - Could not find registration number for horse: dq-Gold Templar
2025-12-16 09:55:05,482 - WARNING - Could not find registration number for horse: dq-Bold Victory
2025-12-16 09:55:05,628 - WARNING - Could not find registration number for horse: dq-Sabreen
2025-12-16 09:55:05,675 - WARNING - Could not find registration number for horse: dq-Hardly Working
2025-12-16 09:55:06,004 - WARNING - Could not find registration number for horse: dq-Devious Mo
2025-12-16 09:55:06,176 - WARNING - Could not find registration number for horse: dq-Graywing
2025-12-16 09:55:07,083 - WARNING - Could not find registration number for horse: dq-Rattleme
2025-12-16 09:55:07,510 - WARNING - Could not find registration number for horse: dh-Samay
2025-12-16 09:55:07,559 - WARNING - Could not find registration number for horse: dh-N Y Anthem
2025-12-16 09:55:08,025 - WARNING - Could not find registration number for horse: dq-Criminal Intent
2025-12-16 09:55:08,190 - INFO - Performing batch database update...
2025-12-16 09:55:08,218 - WARNING - Could not find registration number for horse: dq-Crunch B B B
2025-12-16 09:55:08,260 - INFO - Updated 582 races with results
2025-12-16 09:55:08,500 - INFO - Updated 4499 entries with results
2025-12-16 09:55:08,652 - INFO - Inserted 2883 wagering records
2025-12-16 09:55:08,749 - INFO - Inserted 1845 fraction records
2025-12-16 09:55:08,857 - WARNING - Could not find registration number for horse: dh-Anything Pazible
2025-12-16 09:55:08,916 - WARNING - Could not find registration number for horse: dq-Greek Easter
2025-12-16 09:55:09,162 - WARNING - Could not find registration number for horse: dh-Double Vision
2025-12-16 09:55:09,894 - WARNING - Could not find registration number for horse: dq-Khozando
2025-12-16 09:55:10,662 - INFO - Processed 1700 files. Race updates: 14066, Entry updates: 102722
2025-12-16 09:55:10,763 - INFO - Inserted 35382 position call records
2025-12-16 09:55:11,387 - WARNING - Could not find registration number for horse: dq-Barbara's Spirit
2025-12-16 09:55:11,492 - WARNING - Could not find registration number for horse: dq-Empress Palpatine
2025-12-16 09:55:11,556 - WARNING - Could not find registration number for horse: dq-Predicted
2025-12-16 09:55:12,189 - WARNING - Could not find registration number for horse: dq-Roseinthesky
2025-12-16 09:55:12,514 - WARNING - Could not find registration number for horse: dh-Party News
2025-12-16 09:55:12,909 - WARNING - Could not find registration number for horse: dh-Tiz Lucky
2025-12-16 09:55:12,963 - WARNING - Could not find registration number for horse: dh-B C Glory Days
2025-12-16 09:55:12,968 - WARNING - Could not find registration number for horse: dq-Escape Mission
2025-12-16 09:55:13,029 - WARNING - Could not find registration number for horse: dh-Thirty Oysters
2025-12-16 09:55:13,462 - WARNING - Could not find registration number for horse: dq-Sullys Country Wagon
2025-12-16 09:55:13,704 - WARNING - Could not find registration number for horse: dh-Tuff Mandate
2025-12-16 09:55:13,818 - WARNING - Could not find registration number for horse: dh-Majestic Lover
2025-12-16 09:55:14,268 - WARNING - Could not find registration number for horse: dh-Strong Woman
2025-12-16 09:55:14,332 - WARNING - Could not find registration number for horse: dh-J Love
2025-12-16 09:55:14,784 - WARNING - Could not find registration number for horse: dq-Spend Again
2025-12-16 09:55:14,786 - WARNING - Could not find registration number for horse: dh-Jesss Glance
2025-12-16 09:55:15,016 - WARNING - Could not find registration number for horse: dh-Pitchalilfit
2025-12-16 09:55:15,194 - WARNING - Could not find registration number for horse: dh-Salty X
2025-12-16 09:55:15,403 - WARNING - Could not find registration number for horse: dq-Awesome Outlaw
2025-12-16 09:55:15,429 - WARNING - Could not find registration number for horse: dh-Country Boy Floyd
2025-12-16 09:55:15,615 - WARNING - Could not find registration number for horse: dh-Kool Wagon
2025-12-16 09:55:15,653 - WARNING - Could not find registration number for horse: 00500
2025-12-16 09:55:15,668 - WARNING - Could not find registration number for horse: dh-Furria Hotwire
2025-12-16 09:55:15,729 - WARNING - Could not find registration number for horse: Little Dolls Party
2025-12-16 09:55:16,499 - WARNING - Could not find registration number for horse: dh-Stinnett
2025-12-16 09:55:16,641 - WARNING - Could not find registration number for horse: dh-Miss Euro Bullion
2025-12-16 09:55:16,702 - WARNING - Could not find registration number for horse: dq-Sentimental Cross
2025-12-16 09:55:16,761 - WARNING - Could not find registration number for horse: dh-Mh Party Boy
2025-12-16 09:55:16,812 - WARNING - Could not find registration number for horse: dh-Mimi Dash
2025-12-16 09:55:17,261 - WARNING - Could not find registration number for horse: dq-Fabulosity
2025-12-16 09:55:17,375 - WARNING - Could not find registration number for horse: dh-Alliefaye
2025-12-16 09:55:17,548 - WARNING - Could not find registration number for horse: dh-Wagon Chico
2025-12-16 09:55:17,971 - WARNING - Could not find registration number for horse: dh-Fashion Fact
2025-12-16 09:55:18,331 - WARNING - Could not find registration number for horse: dh-Ready to Get Loud
2025-12-16 09:55:18,368 - WARNING - Could not find registration number for horse: dh-Highest Alibi
2025-12-16 09:55:18,780 - WARNING - Could not find registration number for horse: dh-Duponjess
2025-12-16 09:55:19,006 - WARNING - Could not find registration number for horse: dh-Sjm Desirable Candy
2025-12-16 09:55:19,084 - WARNING - Could not find registration number for horse: dh-Js Runnin Lights
2025-12-16 09:55:19,109 - WARNING - Could not find registration number for horse: dh-Hulen
2025-12-16 09:55:19,183 - WARNING - Could not find registration number for horse: dh-Burning Follies
2025-12-16 09:55:19,206 - WARNING - Could not find registration number for horse: dh-Lovethatcause
2025-12-16 09:55:19,220 - WARNING - Could not find registration number for horse: dh-Hes a Perfect Hero
2025-12-16 09:55:20,037 - WARNING - Could not find registration number for horse: dq-Sing Charmer Sing
2025-12-16 09:55:20,133 - WARNING - Could not find registration number for horse: dh-Southern Mojo
2025-12-16 09:55:20,370 - WARNING - Could not find registration number for horse: dh-Giant Gamble
2025-12-16 09:55:21,323 - WARNING - Could not find registration number for horse: dq-Jess Ride My Wagon
2025-12-16 09:55:21,802 - WARNING - Could not find registration number for horse: dh-Saturday Service
2025-12-16 09:55:21,827 - INFO - Processed 1800 files. Race updates: 14896, Entry updates: 108384
2025-12-16 09:55:21,947 - WARNING - Could not find registration number for horse: dh-Hot Caviar
2025-12-16 09:55:22,431 - WARNING - Could not find registration number for horse: dq-Young Life Laura
2025-12-16 09:55:22,931 - WARNING - Could not find registration number for horse: dh-Wanna Be Fierce
2025-12-16 09:55:22,984 - WARNING - Could not find registration number for horse: dh-Rosat
2025-12-16 09:55:23,015 - INFO - Performing batch database update...
2025-12-16 09:55:23,041 - WARNING - Could not find registration number for horse: dq-Curtin's Up
2025-12-16 09:55:23,105 - INFO - Updated 933 races with results
2025-12-16 09:55:23,484 - WARNING - Could not find registration number for horse: dq-Tellittothejudge
2025-12-16 09:55:23,503 - WARNING - Could not find registration number for horse: dh-Sumo
2025-12-16 09:55:23,613 - WARNING - Could not find registration number for horse: dh-Night Proof
2025-12-16 09:55:23,637 - INFO - Updated 6557 entries with results
2025-12-16 09:55:23,730 - WARNING - Could not find registration number for horse: dq-Fury Kap
2025-12-16 09:55:23,890 - INFO - Inserted 4471 wagering records
2025-12-16 09:55:24,017 - INFO - Inserted 2058 fraction records
2025-12-16 09:55:24,588 - WARNING - Could not find registration number for horse: dq-Que Sera Sir Ralph
2025-12-16 09:55:25,099 - WARNING - Could not find registration number for horse: dq-Emily Smiles
2025-12-16 09:55:25,197 - WARNING - Could not find registration number for horse: dh-Tizthehartofdixie
2025-12-16 09:55:25,527 - WARNING - Could not find registration number for horse: dq-Lightinthedarkness
2025-12-16 09:55:25,693 - WARNING - Could not find registration number for horse: dh-El Joy
2025-12-16 09:55:25,717 - WARNING - Could not find registration number for horse: dh-Koko's Mom
2025-12-16 09:55:25,747 - WARNING - Could not find registration number for horse: dh-Brit's Wit
2025-12-16 09:55:26,208 - WARNING - Could not find registration number for horse: dh-Trademarque
2025-12-16 09:55:26,421 - WARNING - Could not find registration number for horse: dh-Mp Magical Red
2025-12-16 09:55:26,582 - INFO - Inserted 45966 position call records
2025-12-16 09:55:27,033 - WARNING - Could not find registration number for horse: dq-Barbera
2025-12-16 09:55:27,479 - WARNING - Could not find registration number for horse: dq-Undisturbed
2025-12-16 09:55:28,187 - WARNING - Could not find registration number for horse: dh-Chicago Soldier (IRE)
2025-12-16 09:55:28,302 - WARNING - Could not find registration number for horse: dh-Naughty Niko
2025-12-16 09:55:28,640 - WARNING - Could not find registration number for horse: dh-Magic Chrome
2025-12-16 09:55:28,735 - WARNING - Could not find registration number for horse: dh-Jersey Sunset
2025-12-16 09:55:29,252 - WARNING - Could not find registration number for horse: dh-National Generaux (IRE)
2025-12-16 09:55:29,292 - WARNING - Could not find registration number for horse: dh-Indulge
2025-12-16 09:55:29,441 - WARNING - Could not find registration number for horse: dh-Cardiff Crack
2025-12-16 09:55:29,476 - WARNING - Could not find registration number for horse: dh-Idiot's Gold
2025-12-16 09:55:29,671 - WARNING - Could not find registration number for horse: Little Dolls Party
2025-12-16 09:55:29,969 - WARNING - Could not find registration number for horse: dq-Spanish Channel
2025-12-16 09:55:30,060 - WARNING - Could not find registration number for horse: dh-Fantastic Secret
2025-12-16 09:55:30,159 - WARNING - Could not find registration number for horse: dh-California Gigi
2025-12-16 09:55:31,584 - WARNING - Could not find registration number for horse: dq-Daniela Bella
2025-12-16 09:55:31,758 - WARNING - Could not find registration number for horse: dh-Sharona's Wild Boy
2025-12-16 09:55:31,851 - WARNING - Could not find registration number for horse: dh-Big Beno
2025-12-16 09:55:32,177 - WARNING - Could not find registration number for horse: dh-Tarantino
2025-12-16 09:55:32,189 - WARNING - Could not find registration number for horse: dq-Regal Redwood
2025-12-16 09:55:32,477 - WARNING - Could not find registration number for horse: dh-Lamplighter Jack
2025-12-16 09:55:32,919 - INFO - Processed 1900 files. Race updates: 15748, Entry updates: 113926
2025-12-16 09:55:33,128 - WARNING - Could not find registration number for horse: dq-One Little Indian
2025-12-16 09:55:33,223 - WARNING - Could not find registration number for horse: dq-Kennebec
2025-12-16 09:55:33,545 - WARNING - Could not find registration number for horse: dh-Smiling Molly
2025-12-16 09:55:33,637 - WARNING - Could not find registration number for horse: dh-Golden Prayer
2025-12-16 09:55:33,651 - WARNING - Could not find registration number for horse: dq-Its Thievery
2025-12-16 09:55:33,729 - INFO - Performing batch database update...
2025-12-16 09:55:33,802 - INFO - Updated 544 races with results
2025-12-16 09:55:34,046 - INFO - Updated 3719 entries with results
2025-12-16 09:55:34,158 - WARNING - Could not find registration number for horse: dh-Dulas (IRE)
2025-12-16 09:55:34,266 - INFO - Inserted 3381 wagering records
2025-12-16 09:55:34,282 - WARNING - Could not find registration number for horse: dh-Horse Doctor
2025-12-16 09:55:34,393 - INFO - Inserted 2012 fraction records
2025-12-16 09:55:34,418 - WARNING - Could not find registration number for horse: dh-Conundrum
2025-12-16 09:55:34,834 - WARNING - Could not find registration number for horse: dh-Bold Mistress
2025-12-16 09:55:34,980 - WARNING - Could not find registration number for horse: dh-Maycee Jo
2025-12-16 09:55:35,082 - WARNING - Could not find registration number for horse: dh-Bandera Azteca
2025-12-16 09:55:35,246 - WARNING - Could not find registration number for horse: dh-Cowboy Charlie
2025-12-16 09:55:35,415 - WARNING - Could not find registration number for horse: dh-Midnight Special
2025-12-16 09:55:35,563 - WARNING - Could not find registration number for horse: dq-Dorie Miller
2025-12-16 09:55:36,030 - INFO - Inserted 27384 position call records
2025-12-16 09:55:36,269 - WARNING - Could not find registration number for horse: dq-Gold N Hero
2025-12-16 09:55:36,390 - WARNING - Could not find registration number for horse: dh-Queen Molotov
2025-12-16 09:55:36,627 - WARNING - Could not find registration number for horse: dq-En Tu Honor Bro
2025-12-16 09:55:36,698 - WARNING - Could not find registration number for horse: Its Too Late Now
2025-12-16 09:55:36,730 - WARNING - Could not find registration number for horse: dh-Bobby's Genie
2025-12-16 09:55:36,733 - WARNING - Could not find registration number for horse: dh-Tam's Little Angel
2025-12-16 09:55:36,936 - WARNING - Could not find registration number for horse: dh-Truly Fabulous
2025-12-16 09:55:37,078 - WARNING - Could not find registration number for horse: dh-Red Noon Rising
2025-12-16 09:55:37,135 - WARNING - Could not find registration number for horse: dq-Broadway Tiger
2025-12-16 09:55:37,325 - WARNING - Could not find registration number for horse: dq-Hez Our Dream
2025-12-16 09:55:37,404 - WARNING - Could not find registration number for horse: dq-No La Deja
2025-12-16 09:55:37,762 - WARNING - Could not find registration number for horse: dh-Royalmightybug
2025-12-16 09:55:38,063 - WARNING - Could not find registration number for horse: dh-Pretty Cosmo Girl
2025-12-16 09:55:38,280 - WARNING - Could not find registration number for horse: dh-Golden Prayer
2025-12-16 09:55:38,848 - WARNING - Could not find registration number for horse: dq-Kvp Especial
2025-12-16 09:55:38,906 - WARNING - Could not find registration number for horse: dh-Ccr Cook Wagon
2025-12-16 09:55:39,043 - WARNING - Could not find registration number for horse: dq-Sweet Penelope
2025-12-16 09:55:39,210 - WARNING - Could not find registration number for horse: dq-Deo
2025-12-16 09:55:39,221 - WARNING - Could not find registration number for horse: dh-Addy Girl
2025-12-16 09:55:39,297 - WARNING - Could not find registration number for horse: dq-Mooncapture
2025-12-16 09:55:39,349 - WARNING - Could not find registration number for horse: dh-Sinfiltre
2025-12-16 09:55:39,361 - WARNING - Could not find registration number for horse: dq-Kk Blue Wagon
2025-12-16 09:55:39,390 - WARNING - Could not find registration number for horse: dq-Jess High Lbh
2025-12-16 09:55:39,402 - WARNING - Could not find registration number for horse: dq-Reservenotattained
2025-12-16 09:55:39,541 - WARNING - Could not find registration number for horse: dq-Lgm Flirting Hero
2025-12-16 09:55:39,598 - WARNING - Could not find registration number for horse: dh-Lute Player
2025-12-16 09:55:39,666 - WARNING - Could not find registration number for horse: dq-Elysian Field
2025-12-16 09:55:40,056 - WARNING - Could not find registration number for horse: dq-Bomba Nera
2025-12-16 09:55:40,973 - WARNING - Could not find registration number for horse: dq-Prudencio
2025-12-16 09:55:41,278 - WARNING - Could not find registration number for horse: dh-Krypton
2025-12-16 09:55:41,373 - WARNING - Could not find registration number for horse: dh-Mursal
2025-12-16 09:55:41,488 - WARNING - Could not find registration number for horse: dh-Beauty Amazed
2025-12-16 09:55:41,506 - WARNING - Could not find registration number for horse: dq-Lovin Makes Cents
2025-12-16 09:55:41,565 - WARNING - Could not find registration number for horse: dq-Principia
2025-12-16 09:55:41,643 - WARNING - Could not find registration number for horse: dh-No Wasabi for Me
2025-12-16 09:55:42,383 - WARNING - Could not find registration number for horse: dh-Blind Eye
2025-12-16 09:55:42,438 - WARNING - Could not find registration number for horse: dh-Empire Attraction
2025-12-16 09:55:43,016 - WARNING - Could not find registration number for horse: dh-Pretty'n Awesome
2025-12-16 09:55:43,071 - WARNING - Could not find registration number for horse: dh-Miss M M
2025-12-16 09:55:43,223 - WARNING - Could not find registration number for horse: dh-Elusive Mischief
2025-12-16 09:55:43,281 - WARNING - Could not find registration number for horse: dh-Silardi
2025-12-16 09:55:43,381 - WARNING - Could not find registration number for horse: dh-Feature Five Bar
2025-12-16 09:55:43,395 - WARNING - Could not find registration number for horse: dq-Speed Grazy
2025-12-16 09:55:43,741 - WARNING - Could not find registration number for horse: dq-Irish Vamoose
2025-12-16 09:55:43,865 - WARNING - Could not find registration number for horse: dh-Ganadero
2025-12-16 09:55:44,364 - WARNING - Could not find registration number for horse: dh-Lexinator
2025-12-16 09:55:44,555 - WARNING - Could not find registration number for horse: dh-Linny Kate
2025-12-16 09:55:45,215 - WARNING - Could not find registration number for horse: dh-Max K. O.
2025-12-16 09:55:45,256 - INFO - Performing batch database update...
2025-12-16 09:55:45,332 - INFO - Updated 634 races with results
2025-12-16 09:55:45,385 - WARNING - Could not find registration number for horse: dh-Lucky Curlin
2025-12-16 09:55:45,557 - INFO - Updated 4298 entries with results
2025-12-16 09:55:45,656 - WARNING - Could not find registration number for horse: dq-Heir to the Roar
2025-12-16 09:55:45,801 - INFO - Inserted 3835 wagering records
2025-12-16 09:55:45,822 - WARNING - Could not find registration number for horse: dh-Temerity
2025-12-16 09:55:45,931 - WARNING - Could not find registration number for horse: dh-Noble Dreamer
2025-12-16 09:55:45,944 - INFO - Inserted 2110 fraction records
2025-12-16 09:55:46,137 - INFO - Processed 2000 files. Race updates: 16645, Entry updates: 120349
2025-12-16 09:55:47,058 - WARNING - Could not find registration number for horse: dq-Bullock
2025-12-16 09:55:47,267 - WARNING - Could not find registration number for horse: dh-Milliken
2025-12-16 09:55:47,890 - INFO - Inserted 33612 position call records
2025-12-16 09:55:47,977 - WARNING - Could not find registration number for horse: dh-Petulante
2025-12-16 09:55:48,742 - WARNING - Could not find registration number for horse: dq-Legacy Isle
2025-12-16 09:55:50,009 - WARNING - Could not find registration number for horse: dh-Lyyra
2025-12-16 09:55:50,482 - WARNING - Could not find registration number for horse: dq-Corporate Affair
2025-12-16 09:55:50,967 - WARNING - Could not find registration number for horse: dh-A Shur Prospect
2025-12-16 09:55:51,025 - WARNING - Could not find registration number for horse: dq-El Tres Soltero
2025-12-16 09:55:51,122 - WARNING - Could not find registration number for horse: dh-Journeyman
2025-12-16 09:55:51,282 - WARNING - Could not find registration number for horse: dh-Call Curt
2025-12-16 09:55:51,292 - WARNING - Could not find registration number for horse: dq-Kvp Especial
2025-12-16 09:55:51,745 - WARNING - Could not find registration number for horse: dq-Gustavor
2025-12-16 09:55:51,836 - WARNING - Could not find registration number for horse: dq-No La Deja
2025-12-16 09:55:52,218 - WARNING - Could not find registration number for horse: dq-Train Wreck
2025-12-16 09:55:52,243 - WARNING - Could not find registration number for horse: dq-Dreaming of Audrey
2025-12-16 09:55:52,510 - WARNING - Could not find registration number for horse: dq-Jet Wings
2025-12-16 09:55:53,163 - WARNING - Could not find registration number for horse: dq-Big Martini
2025-12-16 09:55:53,469 - WARNING - Could not find registration number for horse: dq-Win for the Money
2025-12-16 09:55:53,490 - WARNING - Could not find registration number for horse: dq-Eilat
2025-12-16 09:55:54,187 - WARNING - Could not find registration number for horse: dh-Rough Entry
2025-12-16 09:55:54,423 - WARNING - Could not find registration number for horse: dh-Positive Review
2025-12-16 09:55:54,658 - WARNING - Could not find registration number for horse: dq-Lovielee
2025-12-16 09:55:56,158 - INFO - Performing batch database update...
2025-12-16 09:55:56,229 - INFO - Updated 518 races with results
2025-12-16 09:55:56,346 - WARNING - Could not find registration number for horse: dq-R Adios Jersey
2025-12-16 09:55:56,492 - WARNING - Could not find registration number for horse: dhdq-Awesome Flay
2025-12-16 09:55:56,524 - INFO - Updated 4478 entries with results
2025-12-16 09:55:56,556 - WARNING - Could not find registration number for horse: dq-Delta Red
2025-12-16 09:55:56,721 - INFO - Inserted 3467 wagering records
2025-12-16 09:55:56,822 - INFO - Inserted 1860 fraction records
2025-12-16 09:55:57,130 - WARNING - Could not find registration number for horse: dh-Bird Wildcat
2025-12-16 09:55:57,240 - WARNING - Could not find registration number for horse: dh-Jay's Delight
2025-12-16 09:55:57,295 - WARNING - Could not find registration number for horse: dq-Jonas' Dream
2025-12-16 09:55:57,314 - WARNING - Could not find registration number for horse: dh-Tapit's Direction
2025-12-16 09:55:57,646 - WARNING - Could not find registration number for horse: dq-Romashka
2025-12-16 09:55:57,901 - WARNING - Could not find registration number for horse: dh-Rebelde
2025-12-16 09:55:58,004 - WARNING - Could not find registration number for horse: dh-Power Humor
2025-12-16 09:55:58,489 - WARNING - Could not find registration number for horse: dq-Country Jewel
2025-12-16 09:55:58,710 - INFO - Inserted 31500 position call records
2025-12-16 09:56:00,799 - WARNING - Could not find registration number for horse: dh-Shankar
2025-12-16 09:56:00,916 - WARNING - Could not find registration number for horse: dh-Lord Eddard Stark
2025-12-16 09:56:01,438 - WARNING - Could not find registration number for horse: dq-Ajaayb
2025-12-16 09:56:01,466 - INFO - Processed 2100 files. Race updates: 17598, Entry updates: 127666
2025-12-16 09:56:01,498 - WARNING - Could not find registration number for horse: dh-Cupid's Dude
2025-12-16 09:56:01,977 - WARNING - Could not find registration number for horse: dq-Fast Fixer
2025-12-16 09:56:02,170 - WARNING - Could not find registration number for horse: dh-King Faliero
2025-12-16 09:56:02,401 - WARNING - Could not find registration number for horse: dh-Ekati King
2025-12-16 09:56:02,433 - WARNING - Could not find registration number for horse: dh-Millennium Condo
2025-12-16 09:56:02,441 - WARNING - Could not find registration number for horse: dq-Backwoods Boogie
2025-12-16 09:56:02,567 - WARNING - Could not find registration number for horse: dh-Turf Rocket
2025-12-16 09:56:02,814 - WARNING - Could not find registration number for horse: dh-Peaceful Kingdom
2025-12-16 09:56:02,932 - WARNING - Could not find registration number for horse: dh-My Sweetheart Dani
2025-12-16 09:56:03,025 - WARNING - Could not find registration number for horse: dh-Iron Shield
2025-12-16 09:56:05,764 - WARNING - Could not find registration number for horse: dq-Soy Una Dama (CHI)
2025-12-16 09:56:06,056 - WARNING - Could not find registration number for horse: dh-Ensign Skip
2025-12-16 09:56:06,105 - WARNING - Could not find registration number for horse: dh-Aramos
2025-12-16 09:56:06,347 - WARNING - Could not find registration number for horse: dq-El Socio
2025-12-16 09:56:07,465 - WARNING - Could not find registration number for horse: dq-Cruzin Man
2025-12-16 09:56:07,510 - WARNING - Could not find registration number for horse: dq-Chicle Sparks
2025-12-16 09:56:07,649 - WARNING - Could not find registration number for horse: dq-Causin Mischief
2025-12-16 09:56:07,868 - WARNING - Could not find registration number for horse: dq-Esperon
2025-12-16 09:56:08,532 - WARNING - Could not find registration number for horse: dq-Crown Ruler
2025-12-16 09:56:08,620 - WARNING - Could not find registration number for horse: Nowhere Too Run
2025-12-16 09:56:09,284 - WARNING - Could not find registration number for horse: dq-Hoffman (IRE)
2025-12-16 09:56:09,439 - INFO - Performing batch database update...
2025-12-16 09:56:09,522 - INFO - Updated 692 races with results
2025-12-16 09:56:10,084 - INFO - Updated 5972 entries with results
2025-12-16 09:56:10,269 - WARNING - Could not find registration number for horse: dq-Mys Deucy
2025-12-16 09:56:10,279 - WARNING - Could not find registration number for horse: dh-Dash for Five T
2025-12-16 09:56:10,286 - WARNING - Could not find registration number for horse: dq-Jess After Midnite
2025-12-16 09:56:10,290 - INFO - Inserted 3859 wagering records
2025-12-16 09:56:10,333 - WARNING - Could not find registration number for horse: Nowhere Too Run
2025-12-16 09:56:10,375 - INFO - Inserted 1607 fraction records
2025-12-16 09:56:10,579 - WARNING - Could not find registration number for horse: dh-Cute Gurl
2025-12-16 09:56:11,919 - WARNING - Could not find registration number for horse: dq-Low Dose
2025-12-16 09:56:12,073 - WARNING - Could not find registration number for horse: dq-Soviet Standard
2025-12-16 09:56:12,194 - WARNING - Could not find registration number for horse: dq-Messanger
2025-12-16 09:56:12,590 - WARNING - Could not find registration number for horse: dq-Snowmobile
2025-12-16 09:56:12,636 - INFO - Inserted 40308 position call records
2025-12-16 09:56:12,687 - WARNING - Could not find registration number for horse: dq-Jbc Horalia
2025-12-16 09:56:12,904 - WARNING - Could not find registration number for horse: Nowhere Too Run
2025-12-16 09:56:13,676 - WARNING - Could not find registration number for horse: dq-Apollo U Anywhere
2025-12-16 09:56:13,773 - WARNING - Could not find registration number for horse: dq-Little Bella
2025-12-16 09:56:14,141 - WARNING - Could not find registration number for horse: dh-Mi Crescendo
2025-12-16 09:56:14,252 - WARNING - Could not find registration number for horse: dh-Tap N Twine
2025-12-16 09:56:14,383 - INFO - Processed 2200 files. Race updates: 18483, Entry updates: 134016
2025-12-16 09:56:15,152 - WARNING - Could not find registration number for horse: dq-Hakunui
2025-12-16 09:56:16,073 - WARNING - Could not find registration number for horse: dq-The Rev Rocker
2025-12-16 09:56:16,526 - WARNING - Could not find registration number for horse: dq-Monsteronthemidway
2025-12-16 09:56:16,670 - WARNING - Could not find registration number for horse: dq-My Crazy Neighbor
2025-12-16 09:56:17,082 - WARNING - Could not find registration number for horse: dq-Grand Hideaway
2025-12-16 09:56:18,372 - WARNING - Could not find registration number for horse: dq-Anticipated
2025-12-16 09:56:19,277 - WARNING - Could not find registration number for horse: dh-Ll Lil Favoritelover
2025-12-16 09:56:19,671 - WARNING - Could not find registration number for horse: dh-Chisum
2025-12-16 09:56:19,759 - WARNING - Could not find registration number for horse: Nowhere Too Run
2025-12-16 09:56:20,094 - WARNING - Could not find registration number for horse: dq-Cajun Kid
2025-12-16 09:56:20,299 - WARNING - Could not find registration number for horse: dq-Rule Em All
2025-12-16 09:56:20,643 - WARNING - Could not find registration number for horse: dh-Baby Blue Eyes
2025-12-16 09:56:20,831 - WARNING - Could not find registration number for horse: dh-Cadeau de Paix
2025-12-16 09:56:21,203 - INFO - Performing batch database update...
2025-12-16 09:56:21,275 - INFO - Updated 591 races with results
2025-12-16 09:56:21,451 - WARNING - Could not find registration number for horse: dh-Pomeroy Haze
2025-12-16 09:56:21,583 - INFO - Updated 4486 entries with results
2025-12-16 09:56:21,676 - WARNING - Could not find registration number for horse: dh-Jackman's Ride
2025-12-16 09:56:21,807 - INFO - Inserted 3540 wagering records
2025-12-16 09:56:21,943 - INFO - Inserted 2174 fraction records
2025-12-16 09:56:22,371 - WARNING - Could not find registration number for horse: dq-Soul Set Free
2025-12-16 09:56:22,515 - WARNING - Could not find registration number for horse: dh-Gee She's Pretty
2025-12-16 09:56:22,576 - WARNING - Could not find registration number for horse: dq-Go Stormin Girl
2025-12-16 09:56:22,806 - WARNING - Could not find registration number for horse: dh-Summer Lightning
2025-12-16 09:56:22,927 - WARNING - Could not find registration number for horse: dh-Endless Romance
2025-12-16 09:56:22,980 - WARNING - Could not find registration number for horse: dh-Chikara
2025-12-16 09:56:23,536 - WARNING - Could not find registration number for horse: dq-Lucky Larry
2025-12-16 09:56:23,580 - WARNING - Could not find registration number for horse: dh-Eagles Shot
2025-12-16 09:56:23,598 - WARNING - Could not find registration number for horse: dh-Blackjess
2025-12-16 09:56:23,736 - WARNING - Could not find registration number for horse: dh-Suzie Que
2025-12-16 09:56:23,754 - WARNING - Could not find registration number for horse: dh-Hard Evidenz
2025-12-16 09:56:23,891 - WARNING - Could not find registration number for horse: dh-Eagleford
2025-12-16 09:56:23,895 - INFO - Inserted 33024 position call records
2025-12-16 09:56:24,060 - WARNING - Could not find registration number for horse: dh-Brucelea
2025-12-16 09:56:24,072 - WARNING - Could not find registration number for horse: dh-Samsplayerslounge
2025-12-16 09:56:24,072 - WARNING - Could not find registration number for horse: dq-Governor Ann
2025-12-16 09:56:24,369 - WARNING - Could not find registration number for horse: dh-Good Swimmer
2025-12-16 09:56:24,650 - WARNING - Could not find registration number for horse: dq-Mr Teco
2025-12-16 09:56:24,668 - WARNING - Could not find registration number for horse: dh-Contempo Gray
2025-12-16 09:56:24,754 - WARNING - Could not find registration number for horse: dq-Do Reckless Train
2025-12-16 09:56:24,990 - WARNING - Could not find registration number for horse: dh-Mahomey
2025-12-16 09:56:25,045 - WARNING - Could not find registration number for horse: dh-Wistfully
2025-12-16 09:56:25,045 - WARNING - Could not find registration number for horse: dh-Haunted Affair
2025-12-16 09:56:25,104 - WARNING - Could not find registration number for horse: dh-Special Corona Red
2025-12-16 09:56:25,156 - WARNING - Could not find registration number for horse: dh-Diamondbacked
2025-12-16 09:56:25,223 - WARNING - Could not find registration number for horse: dq-Amenspool
2025-12-16 09:56:25,568 - WARNING - Could not find registration number for horse: dq-Jess Sugar
2025-12-16 09:56:25,630 - WARNING - Could not find registration number for horse: dq-Patterns of Insanity
2025-12-16 09:56:25,643 - WARNING - Could not find registration number for horse: dh-Chief Ty He
2025-12-16 09:56:25,680 - WARNING - Could not find registration number for horse: dq-Justifye
2025-12-16 09:56:25,689 - WARNING - Could not find registration number for horse: dh-Lucky Liquor Shot
2025-12-16 09:56:25,734 - INFO - Processed 2300 files. Race updates: 19318, Entry updates: 139990
2025-12-16 09:56:25,847 - WARNING - Could not find registration number for horse: dq-Lil Cool Jewels
2025-12-16 09:56:26,088 - WARNING - Could not find registration number for horse: dh-Rapid Cartel Candy
2025-12-16 09:56:26,104 - WARNING - Could not find registration number for horse: dq-Jewel R3
2025-12-16 09:56:26,208 - WARNING - Could not find registration number for horse: dh-Devina Easy Dash
2025-12-16 09:56:26,257 - WARNING - Could not find registration number for horse: dh-Trixiee
2025-12-16 09:56:26,315 - WARNING - Could not find registration number for horse: dh-Docs Wild Card
2025-12-16 09:56:26,372 - WARNING - Could not find registration number for horse: dh-Rgr Nala Hill
2025-12-16 09:56:26,535 - WARNING - Could not find registration number for horse: dh-Lc Tapatio
2025-12-16 09:56:26,548 - WARNING - Could not find registration number for horse: dh-Mightys Eagle
2025-12-16 09:56:26,584 - WARNING - Could not find registration number for horse: dh-Im Giorgina
2025-12-16 09:56:26,672 - WARNING - Could not find registration number for horse: dh-Shespantheraalcartel
2025-12-16 09:56:26,716 - WARNING - Could not find registration number for horse: dh-Black Rose Queen
2025-12-16 09:56:27,316 - WARNING - Could not find registration number for horse: dq-Kw Bella
2025-12-16 09:56:27,320 - WARNING - Could not find registration number for horse: dq-Stormy Blue
2025-12-16 09:56:27,345 - WARNING - Could not find registration number for horse: dh-Coulda
2025-12-16 09:56:27,539 - WARNING - Could not find registration number for horse: dh-Doozy
2025-12-16 09:56:27,605 - WARNING - Could not find registration number for horse: dq-Fra Mauro
2025-12-16 09:56:27,609 - WARNING - Could not find registration number for horse: dh-Salado
2025-12-16 09:56:27,661 - WARNING - Could not find registration number for horse: dh-First Fine Oak
2025-12-16 09:56:27,732 - WARNING - Could not find registration number for horse: dh-Rememberthealamo
2025-12-16 09:56:27,750 - WARNING - Could not find registration number for horse: dq-Lil Cuervo Cartel
2025-12-16 09:56:27,806 - WARNING - Could not find registration number for horse: dh-Jess Moonin
2025-12-16 09:56:27,812 - WARNING - Could not find registration number for horse: dq-Dashing Courage
2025-12-16 09:56:27,822 - WARNING - Could not find registration number for horse: dh-Rollie's Spirit
2025-12-16 09:56:27,871 - WARNING - Could not find registration number for horse: dh-A Runway
2025-12-16 09:56:27,919 - WARNING - Could not find registration number for horse: dh-Inseperably
2025-12-16 09:56:27,928 - WARNING - Could not find registration number for horse: Its Too Late Now
2025-12-16 09:56:27,944 - WARNING - Could not find registration number for horse: dh-Amanda
2025-12-16 09:56:27,993 - WARNING - Could not find registration number for horse: dh-Jessta Moment
2025-12-16 09:56:28,000 - WARNING - Could not find registration number for horse: dh-Capt. St. Jacques
2025-12-16 09:56:28,058 - WARNING - Could not find registration number for horse: dq-Cr Miss Divine
2025-12-16 09:56:28,130 - WARNING - Could not find registration number for horse: dq-Old Sot
2025-12-16 09:56:28,227 - WARNING - Could not find registration number for horse: dh-Tres Secretos
2025-12-16 09:56:28,247 - WARNING - Could not find registration number for horse: dh-A High Spade
2025-12-16 09:56:28,284 - WARNING - Could not find registration number for horse: dh-Super Duper Fly
2025-12-16 09:56:28,471 - WARNING - Could not find registration number for horse: dh-Kay's Kitchen
2025-12-16 09:56:28,472 - WARNING - Could not find registration number for horse: dq-Sheaux Case
2025-12-16 09:56:28,613 - WARNING - Could not find registration number for horse: dh-Jess a Cali Blue
2025-12-16 09:56:28,710 - WARNING - Could not find registration number for horse: dh-Send Her Candy
2025-12-16 09:56:28,740 - WARNING - Could not find registration number for horse: dq-Paddy d'Oro
2025-12-16 09:56:28,977 - WARNING - Could not find registration number for horse: dh-Sg Jet Two
2025-12-16 09:56:29,331 - WARNING - Could not find registration number for horse: dh-Winning Play
2025-12-16 09:56:29,407 - WARNING - Could not find registration number for horse: dq-Bak to Liberty
2025-12-16 09:56:29,542 - WARNING - Could not find registration number for horse: dh-Amos Moses 747
2025-12-16 09:56:29,660 - WARNING - Could not find registration number for horse: dh-Jess Fast Man
2025-12-16 09:56:29,706 - WARNING - Could not find registration number for horse: dh-Lota Cat
2025-12-16 09:56:29,857 - WARNING - Could not find registration number for horse: dh-Kw Tenfour
2025-12-16 09:56:30,244 - WARNING - Could not find registration number for horse: dq-Ms. Stanford
2025-12-16 09:56:30,780 - WARNING - Could not find registration number for horse: dh-Hallmarke
2025-12-16 09:56:30,955 - WARNING - Could not find registration number for horse: dh-Phreedom
2025-12-16 09:56:31,523 - WARNING - Could not find registration number for horse: dh-Grippin N Grinnin
2025-12-16 09:56:31,658 - WARNING - Could not find registration number for horse: dh-Star Finality
2025-12-16 09:56:31,678 - WARNING - Could not find registration number for horse: dq-Ave's in Command
2025-12-16 09:56:31,815 - WARNING - Could not find registration number for horse: dh-Princess Hanna
2025-12-16 09:56:31,828 - WARNING - Could not find registration number for horse: dq-Groovin' Is Bak
2025-12-16 09:56:31,904 - WARNING - Could not find registration number for horse: dq-I'm All Shook Up
2025-12-16 09:56:32,218 - WARNING - Could not find registration number for horse: dh-Artesian
2025-12-16 09:56:32,234 - WARNING - Could not find registration number for horse: dh-Rose of Texas
2025-12-16 09:56:32,393 - WARNING - Could not find registration number for horse: dh-Harlan's Angel
2025-12-16 09:56:32,466 - WARNING - Could not find registration number for horse: dh-Boitano
2025-12-16 09:56:32,635 - WARNING - Could not find registration number for horse: dq-Lasting Light
2025-12-16 09:56:32,635 - WARNING - Could not find registration number for horse: dh-Arollercoasterride
2025-12-16 09:56:32,817 - WARNING - Could not find registration number for horse: dh-A Revenant Wave
2025-12-16 09:56:33,191 - WARNING - Could not find registration number for horse: dh-Wagon High
2025-12-16 09:56:33,476 - INFO - Performing batch database update...
2025-12-16 09:56:33,564 - INFO - Updated 712 races with results
2025-12-16 09:56:33,654 - WARNING - Could not find registration number for horse: dq-R a Hiclass King
2025-12-16 09:56:33,791 - WARNING - Could not find registration number for horse: dh-Robin Sage
2025-12-16 09:56:33,808 - WARNING - Could not find registration number for horse: dq-Miss Rosie James
2025-12-16 09:56:33,855 - INFO - Updated 4858 entries with results
2025-12-16 09:56:33,919 - WARNING - Could not find registration number for horse: dh-Dot Marie
2025-12-16 09:56:34,050 - WARNING - Could not find registration number for horse: dh-Vogelsang
2025-12-16 09:56:34,068 - INFO - Inserted 3510 wagering records
2025-12-16 09:56:34,196 - INFO - Inserted 1809 fraction records
2025-12-16 09:56:34,399 - WARNING - Could not find registration number for horse: dh-Me and Chili
2025-12-16 09:56:34,455 - WARNING - Could not find registration number for horse: dh-Manuelito
2025-12-16 09:56:34,591 - WARNING - Could not find registration number for horse: dh-Blacktrain B
2025-12-16 09:56:34,607 - WARNING - Could not find registration number for horse: dh-Accordingly
2025-12-16 09:56:34,624 - WARNING - Could not find registration number for horse: Its Too Late Now
2025-12-16 09:56:34,711 - WARNING - Could not find registration number for horse: dh-Jess a Lil Bit Hero
2025-12-16 09:56:34,775 - WARNING - Could not find registration number for horse: dh-Dust On a Cartel
2025-12-16 09:56:34,926 - WARNING - Could not find registration number for horse: dh-Mighty Toast Blaze
2025-12-16 09:56:35,374 - WARNING - Could not find registration number for horse: dh-Sharpzan
2025-12-16 09:56:35,564 - WARNING - Could not find registration number for horse: dh-Ivory Six Pax
2025-12-16 09:56:35,596 - WARNING - Could not find registration number for horse: dq-C V Scenic Legacy
2025-12-16 09:56:35,692 - WARNING - Could not find registration number for horse: dh-Rk Lady Dana
2025-12-16 09:56:35,788 - WARNING - Could not find registration number for horse: dq-Key Stone
2025-12-16 09:56:36,266 - INFO - Inserted 35358 position call records
2025-12-16 09:56:36,329 - WARNING - Could not find registration number for horse: dq-C. J's Storm
2025-12-16 09:56:36,344 - WARNING - Could not find registration number for horse: dh-Brujo Spirit
2025-12-16 09:56:36,368 - WARNING - Could not find registration number for horse: dh-More Than Glory
2025-12-16 09:56:36,554 - WARNING - Could not find registration number for horse: dq-This Ladys On Fire
2025-12-16 09:56:36,575 - WARNING - Could not find registration number for horse: dq-Country Maker
2025-12-16 09:56:36,667 - WARNING - Could not find registration number for horse: dh-Caumsett
2025-12-16 09:56:36,696 - WARNING - Could not find registration number for horse: dq-Time for a Hero
2025-12-16 09:56:36,927 - WARNING - Could not find registration number for horse: dh-Allabouttheimage
2025-12-16 09:56:36,991 - WARNING - Could not find registration number for horse: dh-Zee Tempting Dash
2025-12-16 09:56:37,060 - WARNING - Could not find registration number for horse: dq-Ae Just Dale
2025-12-16 09:56:37,167 - WARNING - Could not find registration number for horse: dh-Imagine the Moon
2025-12-16 09:56:37,335 - WARNING - Could not find registration number for horse: dq-Zoomin Lil Twist
2025-12-16 09:56:37,610 - WARNING - Could not find registration number for horse: dq-Readi Dusty
2025-12-16 09:56:37,877 - WARNING - Could not find registration number for horse: dh-Freaking Sensational
2025-12-16 09:56:38,032 - WARNING - Could not find registration number for horse: dh-Im Jess a Belle
2025-12-16 09:56:38,083 - WARNING - Could not find registration number for horse: dh-Eagle Flybye
2025-12-16 09:56:38,228 - WARNING - Could not find registration number for horse: dq-Zoomin Dance
2025-12-16 09:56:38,334 - WARNING - Could not find registration number for horse: dh-Quality Dancer
2025-12-16 09:56:38,396 - WARNING - Could not find registration number for horse: dq-Running Wide Open
2025-12-16 09:56:38,520 - WARNING - Could not find registration number for horse: dh-Ineedrelief
2025-12-16 09:56:38,672 - WARNING - Could not find registration number for horse: dh-Champagne for Kas
2025-12-16 09:56:38,766 - WARNING - Could not find registration number for horse: dh-Bamberooski
2025-12-16 09:56:38,818 - WARNING - Could not find registration number for horse: dh-La Village Lumiere
2025-12-16 09:56:38,955 - WARNING - Could not find registration number for horse: dh-Sizzlin Beach
2025-12-16 09:56:38,956 - WARNING - Could not find registration number for horse: dq-Sundays Best
2025-12-16 09:56:39,139 - WARNING - Could not find registration number for horse: dh-Heza Classy Kiss
2025-12-16 09:56:39,431 - INFO - Processed 2400 files. Race updates: 20173, Entry updates: 146128
2025-12-16 09:56:39,609 - WARNING - Could not find registration number for horse: dq-Chico Beach
2025-12-16 09:56:39,699 - WARNING - Could not find registration number for horse: dq-Hes in the Fastlayne
2025-12-16 09:56:39,918 - WARNING - Could not find registration number for horse: dh-Saint Rocco
2025-12-16 09:56:40,418 - WARNING - Could not find registration number for horse: dh-Jack the Bird
2025-12-16 09:56:40,699 - WARNING - Could not find registration number for horse: dh-Nerves of Steel
2025-12-16 09:56:40,709 - WARNING - Could not find registration number for horse: dh-Running Smart
2025-12-16 09:56:40,758 - WARNING - Could not find registration number for horse: dh-Ocean Pointe
2025-12-16 09:56:40,887 - WARNING - Could not find registration number for horse: dh-Indigo Rich
2025-12-16 09:56:41,052 - WARNING - Could not find registration number for horse: dq-Jess Lacho
2025-12-16 09:56:41,062 - WARNING - Could not find registration number for horse: dh-Juncture (GB)
2025-12-16 09:56:41,065 - WARNING - Could not find registration number for horse: dh-Dealer
2025-12-16 09:56:41,069 - WARNING - Could not find registration number for horse: dq-Mowins
2025-12-16 09:56:41,145 - WARNING - Could not find registration number for horse: dh-Noble Gentleman
2025-12-16 09:56:41,259 - WARNING - Could not find registration number for horse: dq-R Sweet Maggie May
2025-12-16 09:56:41,260 - WARNING - Could not find registration number for horse: dq-Sw Ares
2025-12-16 09:56:41,335 - WARNING - Could not find registration number for horse: dh-Sweet Dani Girl
2025-12-16 09:56:42,645 - WARNING - Could not find registration number for horse: dh-Runaway Beach Chic
2025-12-16 09:56:42,897 - WARNING - Could not find registration number for horse: dh-Jessa Royal Wagon
2025-12-16 09:56:43,180 - WARNING - Could not find registration number for horse: dq-Jenny's Beignet
2025-12-16 09:56:43,315 - WARNING - Could not find registration number for horse: dq-Looks Lyke Mom
2025-12-16 09:56:43,628 - WARNING - Could not find registration number for horse: dh-Cozie Up
2025-12-16 09:56:43,849 - WARNING - Could not find registration number for horse: dh-Readi Dusty
2025-12-16 09:56:44,128 - WARNING - Could not find registration number for horse: dq-Ta Am Relentless
2025-12-16 09:56:44,458 - WARNING - Could not find registration number for horse: dh-Go Nuts
2025-12-16 09:56:44,507 - WARNING - Could not find registration number for horse: dh-Pressly's Hope
2025-12-16 09:56:44,991 - WARNING - Could not find registration number for horse: dh-Super Stormy
2025-12-16 09:56:45,490 - WARNING - Could not find registration number for horse: dq-Livi Me Dreaming
2025-12-16 09:56:45,655 - INFO - Performing batch database update...
2025-12-16 09:56:45,687 - WARNING - Could not find registration number for horse: dq-Oscar Mike
2025-12-16 09:56:45,730 - WARNING - Could not find registration number for horse: dh-Nautical Mile
2025-12-16 09:56:45,760 - INFO - Updated 577 races with results
2025-12-16 09:56:46,003 - INFO - Updated 4605 entries with results
2025-12-16 09:56:46,003 - WARNING - Could not find registration number for horse: dq-Mowins
2025-12-16 09:56:46,070 - WARNING - Could not find registration number for horse: dh-Stealth Mission
2025-12-16 09:56:46,191 - INFO - Inserted 3334 wagering records
2025-12-16 09:56:46,235 - WARNING - Could not find registration number for horse: dh-Dormir
2025-12-16 09:56:46,240 - WARNING - Could not find registration number for horse: dh-Lota Eura
2025-12-16 09:56:46,246 - WARNING - Could not find registration number for horse: dq-Tuff Secret
2025-12-16 09:56:46,288 - INFO - Inserted 1610 fraction records
2025-12-16 09:56:46,542 - WARNING - Could not find registration number for horse: dq-Hot N Lucky
2025-12-16 09:56:46,631 - WARNING - Could not find registration number for horse: dh-Dna Jess Plain Bill
2025-12-16 09:56:46,690 - WARNING - Could not find registration number for horse: dq-The Political Sign
2025-12-16 09:56:46,726 - WARNING - Could not find registration number for horse: dq-Holiday Road
2025-12-16 09:56:46,886 - WARNING - Could not find registration number for horse: dq-Inmydreams
2025-12-16 09:56:47,263 - WARNING - Could not find registration number for horse: dq-Star Review
2025-12-16 09:56:47,436 - WARNING - Could not find registration number for horse: dq-Highcotton Justice
2025-12-16 09:56:47,611 - WARNING - Could not find registration number for horse: dq-Chico Beach
2025-12-16 09:56:47,622 - WARNING - Could not find registration number for horse: dh-Flowerpecker
2025-12-16 09:56:47,909 - WARNING - Could not find registration number for horse: dq-Tf Crown Reserve
2025-12-16 09:56:47,920 - WARNING - Could not find registration number for horse: dh-Bonnie Bill
2025-12-16 09:56:48,063 - WARNING - Could not find registration number for horse: dq-Tachas Secret
2025-12-16 09:56:48,102 - WARNING - Could not find registration number for horse: dq-Alota Lovin
2025-12-16 09:56:48,494 - INFO - Inserted 35490 position call records
2025-12-16 09:56:48,768 - WARNING - Could not find registration number for horse: dh-Ajk Rejoice
2025-12-16 09:56:48,937 - WARNING - Could not find registration number for horse: dq-Spotonjustice
2025-12-16 09:56:49,035 - WARNING - Could not find registration number for horse: dq-Miri V
2025-12-16 09:56:49,124 - WARNING - Could not find registration number for horse: dq-Jess Gimme a Kiss
2025-12-16 09:56:49,156 - WARNING - Could not find registration number for horse: dq-What Else Is New
2025-12-16 09:56:49,296 - WARNING - Could not find registration number for horse: dh-Lady Secretss
2025-12-16 09:56:49,660 - WARNING - Could not find registration number for horse: dq-Beach King
2025-12-16 09:56:50,218 - WARNING - Could not find registration number for horse: dq-Rogues Last Game
2025-12-16 09:56:50,626 - WARNING - Could not find registration number for horse: dq-Icicles
2025-12-16 09:56:51,298 - WARNING - Could not find registration number for horse: dh-Bicarb Betty
2025-12-16 09:56:51,436 - WARNING - Could not find registration number for horse: dq-Echo Dreamer
2025-12-16 09:56:51,519 - WARNING - Could not find registration number for horse: dq-B Worth It
2025-12-16 09:56:52,077 - WARNING - Could not find registration number for horse: dq-Mosaico Man
2025-12-16 09:56:52,128 - WARNING - Could not find registration number for horse: dq-No Ordinari Joe
2025-12-16 09:56:52,268 - WARNING - Could not find registration number for horse: dh-Trouble Making
2025-12-16 09:56:52,306 - WARNING - Could not find registration number for horse: dh-Empire Sunrise
2025-12-16 09:56:52,449 - WARNING - Could not find registration number for horse: dq-Kikntires Nlitnfires
2025-12-16 09:56:52,451 - WARNING - Could not find registration number for horse: dh-Little Gray Flower
2025-12-16 09:56:52,621 - WARNING - Could not find registration number for horse: dh-Cruisindownthebeach
2025-12-16 09:56:52,736 - WARNING - Could not find registration number for horse: dh-Aboukir Bay
2025-12-16 09:56:52,736 - WARNING - Could not find registration number for horse: dh-R Eagle
2025-12-16 09:56:52,768 - WARNING - Could not find registration number for horse: dq-Aprollific Jess
2025-12-16 09:56:52,959 - WARNING - Could not find registration number for horse: dq-Ap the Doves Light
2025-12-16 09:56:52,963 - WARNING - Could not find registration number for horse: dh-Southern Crush
2025-12-16 09:56:53,157 - WARNING - Could not find registration number for horse: dh-Three On the Tree
2025-12-16 09:56:53,259 - WARNING - Could not find registration number for horse: dq-Super Javi
2025-12-16 09:56:53,307 - WARNING - Could not find registration number for horse: dq-Rush Center
2025-12-16 09:56:53,398 - WARNING - Could not find registration number for horse: dq-Knockout Queen
2025-12-16 09:56:53,552 - WARNING - Could not find registration number for horse: dq-Flamand
2025-12-16 09:56:54,022 - WARNING - Could not find registration number for horse: dh-Nicholas Jones
2025-12-16 09:56:54,044 - WARNING - Could not find registration number for horse: dq-Aunt Jo
2025-12-16 09:56:54,181 - WARNING - Could not find registration number for horse: dh-Last Chance Dance
2025-12-16 09:56:54,313 - WARNING - Could not find registration number for horse: dh-Iconic Adventure
2025-12-16 09:56:54,804 - WARNING - Could not find registration number for horse: dh-Gospel Music
2025-12-16 09:56:55,000 - WARNING - Could not find registration number for horse: dh-Flat Out Diamonds
2025-12-16 09:56:55,253 - WARNING - Could not find registration number for horse: dq-Foreign Relations
2025-12-16 09:56:56,002 - WARNING - Could not find registration number for horse: dh-Minaun (IRE)
2025-12-16 09:56:56,153 - WARNING - Could not find registration number for horse: dh-Miner's Queen
2025-12-16 09:56:56,156 - WARNING - Could not find registration number for horse: dq-Petra Be Nice
2025-12-16 09:56:56,198 - WARNING - Could not find registration number for horse: dq-Buy Me Candy
2025-12-16 09:56:56,485 - WARNING - Could not find registration number for horse: dh-Mg Pilot Boi
2025-12-16 09:56:56,800 - INFO - Processed 2500 files. Race updates: 21157, Entry updates: 154112
2025-12-16 09:56:56,990 - WARNING - Could not find registration number for horse: dh-Accredit
2025-12-16 09:56:57,402 - WARNING - Could not find registration number for horse: dh-Beatbox
2025-12-16 09:56:57,556 - WARNING - Could not find registration number for horse: dh-Ethan
2025-12-16 09:56:57,917 - WARNING - Could not find registration number for horse: dh-Togoodtobelieve
2025-12-16 09:56:57,924 - INFO - Performing batch database update...
2025-12-16 09:56:57,931 - WARNING - Could not find registration number for horse: dh-G G Rules
2025-12-16 09:56:58,004 - INFO - Updated 586 races with results
2025-12-16 09:56:58,056 - WARNING - Could not find registration number for horse: dh-Jeanie's Swan
2025-12-16 09:56:58,069 - WARNING - Could not find registration number for horse: dq-Fun N Fancy Forrest
2025-12-16 09:56:58,138 - WARNING - Could not find registration number for horse: dh-Blackwater Cartel
2025-12-16 09:56:58,305 - INFO - Updated 4963 entries with results
2025-12-16 09:56:58,305 - WARNING - Could not find registration number for horse: dq-McWherter
2025-12-16 09:56:58,487 - INFO - Inserted 3241 wagering records
2025-12-16 09:56:58,575 - INFO - Inserted 1694 fraction records
2025-12-16 09:56:58,985 - WARNING - Could not find registration number for horse: dh-Ice Time
2025-12-16 09:56:58,991 - WARNING - Could not find registration number for horse: dq-Celerity
2025-12-16 09:56:59,288 - WARNING - Could not find registration number for horse: dh-Heart N Soul
2025-12-16 09:56:59,340 - WARNING - Could not find registration number for horse: dq-Easy Operator
2025-12-16 09:56:59,383 - WARNING - Could not find registration number for horse: dh-Perfecto Amor
2025-12-16 09:56:59,445 - WARNING - Could not find registration number for horse: dh-Abadon
2025-12-16 09:56:59,495 - WARNING - Could not find registration number for horse: dq-Crystal Prize
2025-12-16 09:57:00,491 - WARNING - Could not find registration number for horse: dh-One Sweet Bar
2025-12-16 09:57:00,556 - INFO - Inserted 34488 position call records
2025-12-16 09:57:00,650 - WARNING - Could not find registration number for horse: dh-Bella Notte
2025-12-16 09:57:00,848 - WARNING - Could not find registration number for horse: dq-Goodtimefreddash
2025-12-16 09:57:01,384 - WARNING - Could not find registration number for horse: dq-Charming Alexis
2025-12-16 09:57:01,513 - WARNING - Could not find registration number for horse: dq-B D R Baxter
2025-12-16 09:57:01,728 - WARNING - Could not find registration number for horse: dh-Ghost Witha Fire
2025-12-16 09:57:01,848 - WARNING - Could not find registration number for horse: dh-Hay Shaker
2025-12-16 09:57:01,862 - WARNING - Could not find registration number for horse: dq-Takeittothebank
2025-12-16 09:57:02,978 - WARNING - Could not find registration number for horse: dq-Revenant Inside
2025-12-16 09:57:03,440 - WARNING - Could not find registration number for horse: dq-Gata Wagon
2025-12-16 09:57:03,854 - WARNING - Could not find registration number for horse: dq-Galenana
2025-12-16 09:57:04,289 - WARNING - Could not find registration number for horse: dq-Marcelo
2025-12-16 09:57:04,591 - WARNING - Could not find registration number for horse: dq-Separatist for Money
2025-12-16 09:57:04,808 - WARNING - Could not find registration number for horse: dq-Bold Talker
2025-12-16 09:57:04,817 - WARNING - Could not find registration number for horse: dq-Jd Cowboy
2025-12-16 09:57:04,994 - WARNING - Could not find registration number for horse: dh-Half Hoping
2025-12-16 09:57:05,166 - WARNING - Could not find registration number for horse: dh-Nice and True
2025-12-16 09:57:05,230 - WARNING - Could not find registration number for horse: dq-Circle Your Bet
2025-12-16 09:57:05,239 - WARNING - Could not find registration number for horse: dq-Famouscard
2025-12-16 09:57:05,474 - WARNING - Could not find registration number for horse: dq-Special Leapofaith
2025-12-16 09:57:05,808 - WARNING - Could not find registration number for horse: dh-Imm Born to Fly
2025-12-16 09:57:05,831 - WARNING - Could not find registration number for horse: dq-Cal
2025-12-16 09:57:05,878 - WARNING - Could not find registration number for horse: dh-Good Reason Jess
2025-12-16 09:57:05,890 - WARNING - Could not find registration number for horse: dq-Yammy Yammy Bella
2025-12-16 09:57:05,915 - WARNING - Could not find registration number for horse: dh-Nymphette
2025-12-16 09:57:06,020 - WARNING - Could not find registration number for horse: dq-Your Royal Coil
2025-12-16 09:57:06,062 - WARNING - Could not find registration number for horse: dh-Sr Iacocca
2025-12-16 09:57:06,196 - WARNING - Could not find registration number for horse: dq-Walk to the Top
2025-12-16 09:57:06,270 - WARNING - Could not find registration number for horse: dq-Seige the Day
2025-12-16 09:57:06,482 - WARNING - Could not find registration number for horse: dh-Secret of War
2025-12-16 09:57:06,518 - WARNING - Could not find registration number for horse: dh-Tooele
2025-12-16 09:57:06,567 - WARNING - Could not find registration number for horse: dh-Sweet Bet
2025-12-16 09:57:06,625 - WARNING - Could not find registration number for horse: dh-Island Life
2025-12-16 09:57:06,711 - WARNING - Could not find registration number for horse: dq-Hez Apollitical
2025-12-16 09:57:06,740 - WARNING - Could not find registration number for horse: dq-Cm Apollitical Dandy
2025-12-16 09:57:07,130 - WARNING - Could not find registration number for horse: dq-Give Heed
2025-12-16 09:57:07,367 - WARNING - Could not find registration number for horse: dh-Creek
2025-12-16 09:57:07,469 - WARNING - Could not find registration number for horse: dq-Sweet Bet
2025-12-16 09:57:07,558 - WARNING - Could not find registration number for horse: dh-Publius
2025-12-16 09:57:07,657 - WARNING - Could not find registration number for horse: dh-Mv Royal Pappasito
2025-12-16 09:57:07,793 - WARNING - Could not find registration number for horse: dh-Talk Bout Somethin
2025-12-16 09:57:07,812 - WARNING - Could not find registration number for horse: dh-Oh So Macho
2025-12-16 09:57:07,918 - WARNING - Could not find registration number for horse: dh-First Blues Man
2025-12-16 09:57:08,213 - WARNING - Could not find registration number for horse: dq-Optical Illusion
2025-12-16 09:57:08,244 - WARNING - Could not find registration number for horse: dh-Dorita's Lemon
2025-12-16 09:57:08,249 - INFO - Performing batch database update...
2025-12-16 09:57:08,317 - INFO - Updated 563 races with results
2025-12-16 09:57:08,387 - WARNING - Could not find registration number for horse: dq-Favorite Budder
2025-12-16 09:57:08,572 - INFO - Updated 4243 entries with results
2025-12-16 09:57:08,769 - INFO - Inserted 2770 wagering records
2025-12-16 09:57:08,800 - INFO - Inserted 670 fraction records
2025-12-16 09:57:08,800 - WARNING - Could not find registration number for horse: dh-My Sweet Mary
2025-12-16 09:57:08,942 - WARNING - Could not find registration number for horse: dq-Hes Chickless
2025-12-16 09:57:08,959 - WARNING - Could not find registration number for horse: dq-You See That
2025-12-16 09:57:09,081 - WARNING - Could not find registration number for horse: dh-Relentless Coronado
2025-12-16 09:57:09,228 - WARNING - Could not find registration number for horse: dq-Lil Longmire
2025-12-16 09:57:09,389 - WARNING - Could not find registration number for horse: dh-Goodtyme
2025-12-16 09:57:10,054 - INFO - Processed 2600 files. Race updates: 22106, Entry updates: 161049
2025-12-16 09:57:10,447 - WARNING - Could not find registration number for horse: dq-Apolitical Walk
2025-12-16 09:57:10,560 - WARNING - Could not find registration number for horse: dq-Ko Olina
2025-12-16 09:57:10,614 - INFO - Inserted 28860 position call records
2025-12-16 09:57:10,676 - WARNING - Could not find registration number for horse: dq-Flash of Gold
2025-12-16 09:57:10,754 - WARNING - Could not find registration number for horse: dq-Flame of the Yukon
2025-12-16 09:57:10,808 - WARNING - Could not find registration number for horse: dh-Commander Khai
2025-12-16 09:57:10,977 - WARNING - Could not find registration number for horse: dh-Rocky Jack
2025-12-16 09:57:11,100 - WARNING - Could not find registration number for horse: dh-Try Harder
2025-12-16 09:57:11,129 - WARNING - Could not find registration number for horse: dq-Freddy Fender
2025-12-16 09:57:11,189 - WARNING - Could not find registration number for horse: dh-Foreign Policy
2025-12-16 09:57:11,267 - WARNING - Could not find registration number for horse: dq-Magic Doc
2025-12-16 09:57:11,336 - WARNING - Could not find registration number for horse: dq-Shes True Blue
2025-12-16 09:57:11,502 - WARNING - Could not find registration number for horse: dh-Cattail Cove
2025-12-16 09:57:11,715 - WARNING - Could not find registration number for horse: dq-Letal Cowgirl
2025-12-16 09:57:11,736 - WARNING - Could not find registration number for horse: dq-Chicks Corona Jmg
2025-12-16 09:57:11,848 - WARNING - Could not find registration number for horse: dh-Rocket Seventeen
2025-12-16 09:57:11,862 - WARNING - Could not find registration number for horse: dh-Apollitical J Streak
2025-12-16 09:57:12,058 - WARNING - Could not find registration number for horse: dh-Nevada Charles
2025-12-16 09:57:12,154 - WARNING - Could not find registration number for horse: dq-Bella Hunting
2025-12-16 09:57:12,331 - WARNING - Could not find registration number for horse: dh-Relentless Pressure
2025-12-16 09:57:12,345 - WARNING - Could not find registration number for horse: dh-Attacked
2025-12-16 09:57:12,389 - WARNING - Could not find registration number for horse: dh-Phoebes Baby Girl
2025-12-16 09:57:12,512 - WARNING - Could not find registration number for horse: dq-Agrigento
2025-12-16 09:57:12,688 - WARNING - Could not find registration number for horse: dh-Interesting Eagle
2025-12-16 09:57:12,706 - WARNING - Could not find registration number for horse: dh-Two Sweet for You
2025-12-16 09:57:12,831 - WARNING - Could not find registration number for horse: dh-Tena Rena
2025-12-16 09:57:12,847 - WARNING - Could not find registration number for horse: dq-El Clementito
2025-12-16 09:57:12,974 - WARNING - Could not find registration number for horse: dh-I Am the Guy Yall
2025-12-16 09:57:12,999 - WARNING - Could not find registration number for horse: dh-Dynasty Blood
2025-12-16 09:57:13,044 - WARNING - Could not find registration number for horse: dh-I Said Fire Lbh
2025-12-16 09:57:13,046 - WARNING - Could not find registration number for horse: dh-Carters Baby Blues
2025-12-16 09:57:13,422 - WARNING - Could not find registration number for horse: dh-Bella Notte
2025-12-16 09:57:13,605 - WARNING - Could not find registration number for horse: dh-Kt Twos Are Wild
2025-12-16 09:57:13,621 - WARNING - Could not find registration number for horse: dq-A Political Toast
2025-12-16 09:57:13,771 - WARNING - Could not find registration number for horse: dq-El Compayaso
2025-12-16 09:57:14,710 - WARNING - Could not find registration number for horse: dh-Polliticalresistance
2025-12-16 09:57:14,905 - WARNING - Could not find registration number for horse: dh-Ecstatik
2025-12-16 09:57:14,969 - WARNING - Could not find registration number for horse: dq-Corona Especiall
2025-12-16 09:57:15,466 - WARNING - Could not find registration number for horse: dq-Luke Chapter Fifteen
2025-12-16 09:57:15,598 - WARNING - Could not find registration number for horse: dq-Star Ready
2025-12-16 09:57:15,914 - WARNING - Could not find registration number for horse: dq-Eyesa Temptress
2025-12-16 09:57:15,919 - WARNING - Could not find registration number for horse: dq-Jesses Kiss
2025-12-16 09:57:15,952 - WARNING - Could not find registration number for horse: dq-Shes True Blue
2025-12-16 09:57:16,048 - WARNING - Could not find registration number for horse: dh-Corona19
2025-12-16 09:57:16,498 - WARNING - Could not find registration number for horse: dq-Louie Blues
2025-12-16 09:57:16,731 - WARNING - Could not find registration number for horse: dh-The Don
2025-12-16 09:57:17,009 - WARNING - Could not find registration number for horse: dq-Max Storm
2025-12-16 09:57:17,434 - WARNING - Could not find registration number for horse: dh-The Perry Cartel
2025-12-16 09:57:17,550 - WARNING - Could not find registration number for horse: dh-Po Luckie
2025-12-16 09:57:17,666 - WARNING - Could not find registration number for horse: dq-Track Smart
2025-12-16 09:57:17,704 - WARNING - Could not find registration number for horse: dq-Xf Ajs Hero
2025-12-16 09:57:17,821 - WARNING - Could not find registration number for horse: dh-Mr Perrisimo
2025-12-16 09:57:18,124 - WARNING - Could not find registration number for horse: dq-One Loves Cartel
2025-12-16 09:57:18,534 - WARNING - Could not find registration number for horse: dh-Sneaky Kid
2025-12-16 09:57:18,843 - WARNING - Could not find registration number for horse: dh-Goodtyme
2025-12-16 09:57:19,054 - WARNING - Could not find registration number for horse: dh-Herewecometogetyou
2025-12-16 09:57:19,091 - WARNING - Could not find registration number for horse: dh-Ab Seis Corazones
2025-12-16 09:57:19,216 - WARNING - Could not find registration number for horse: dh-One Tough Charlie
2025-12-16 09:57:19,567 - WARNING - Could not find registration number for horse: dq-Sonya Knows Better
2025-12-16 09:57:19,692 - WARNING - Could not find registration number for horse: dh-Quick to Blame
2025-12-16 09:57:19,833 - WARNING - Could not find registration number for horse: dh-Peso in My Pocket
2025-12-16 09:57:19,839 - INFO - Performing batch database update...
2025-12-16 09:57:20,043 - INFO - Updated 636 races with results
2025-12-16 09:57:20,393 - INFO - Updated 5455 entries with results
2025-12-16 09:57:20,477 - WARNING - Could not find registration number for horse: dq-One More Sleep
2025-12-16 09:57:20,490 - WARNING - Could not find registration number for horse: dq-Rum 'n Tonic
2025-12-16 09:57:20,520 - WARNING - Could not find registration number for horse: dh-She Told You So
2025-12-16 09:57:20,568 - INFO - Inserted 3419 wagering records
2025-12-16 09:57:20,605 - WARNING - Could not find registration number for horse: dq-Miss Arkansas
2025-12-16 09:57:20,617 - WARNING - Could not find registration number for horse: dh-Hopeitsmyluckyday
2025-12-16 09:57:20,634 - INFO - Inserted 1216 fraction records
2025-12-16 09:57:20,657 - WARNING - Could not find registration number for horse: dh-Uptown Social
2025-12-16 09:57:20,763 - WARNING - Could not find registration number for horse: dh-Premium
2025-12-16 09:57:21,081 - WARNING - Could not find registration number for horse: dh-Lynns Sweet Blood
2025-12-16 09:57:21,083 - WARNING - Could not find registration number for horse: dh-Sheza Cat
2025-12-16 09:57:21,280 - INFO - Processed 2700 files. Race updates: 22964, Entry updates: 167119
2025-12-16 09:57:21,362 - WARNING - Could not find registration number for horse: dh-Martique Miss
2025-12-16 09:57:22,049 - WARNING - Could not find registration number for horse: dq-Chief Alpha
2025-12-16 09:57:22,140 - WARNING - Could not find registration number for horse: dh-Texas Tidelands
2025-12-16 09:57:22,236 - WARNING - Could not find registration number for horse: dh-Half Scout
2025-12-16 09:57:22,618 - WARNING - Could not find registration number for horse: dh-Aj Taylorsyawlsboss
2025-12-16 09:57:22,634 - WARNING - Could not find registration number for horse: dq-Shawn's Solving
2025-12-16 09:57:22,682 - INFO - Inserted 34932 position call records
2025-12-16 09:57:22,688 - WARNING - Could not find registration number for horse: dq-Wild Cat Heat
2025-12-16 09:57:22,894 - WARNING - Could not find registration number for horse: dq-Eurostorm
2025-12-16 09:57:23,542 - WARNING - Could not find registration number for horse: dq-Jaded Tiger
2025-12-16 09:57:24,015 - WARNING - Could not find registration number for horse: dq-Flying Roar
2025-12-16 09:57:24,181 - WARNING - Could not find registration number for horse: dq-Ever True
2025-12-16 09:57:25,137 - WARNING - Could not find registration number for horse: dq-Firecracker Stand
2025-12-16 09:57:25,193 - WARNING - Could not find registration number for horse: dq-Christine's Jack
2025-12-16 09:57:25,521 - WARNING - Could not find registration number for horse: dq-Chollima
2025-12-16 09:57:25,554 - WARNING - Could not find registration number for horse: dq-Keep Your Coil
2025-12-16 09:57:25,601 - WARNING - Could not find registration number for horse: dq-Catbernay
2025-12-16 09:57:25,644 - WARNING - Could not find registration number for horse: dq-American Cat
2025-12-16 09:57:26,028 - WARNING - Could not find registration number for horse: dq-Kant Beat the Rock
2025-12-16 09:57:26,221 - WARNING - Could not find registration number for horse: dh-Feeling Grazeful
2025-12-16 09:57:26,295 - WARNING - Could not find registration number for horse: dh-Fried Asparagus
2025-12-16 09:57:26,599 - WARNING - Could not find registration number for horse: dh-Old Double Diamond
2025-12-16 09:57:26,709 - WARNING - Could not find registration number for horse: dh-McOro
2025-12-16 09:57:26,930 - WARNING - Could not find registration number for horse: dq-Wegonahavagoodtime
2025-12-16 09:57:27,634 - WARNING - Could not find registration number for horse: dq-Facts Matter
2025-12-16 09:57:28,486 - WARNING - Could not find registration number for horse: dh-Halfpriced
2025-12-16 09:57:28,512 - WARNING - Could not find registration number for horse: dq-I Can Do It
2025-12-16 09:57:29,505 - WARNING - Could not find registration number for horse: dq-Secret Sanctuary
2025-12-16 09:57:29,510 - INFO - Performing batch database update...
2025-12-16 09:57:29,566 - WARNING - Could not find registration number for horse: dh-Louisiana Cowgirl
2025-12-16 09:57:29,580 - INFO - Updated 523 races with results
2025-12-16 09:57:29,746 - INFO - Updated 3097 entries with results
2025-12-16 09:57:29,903 - INFO - Inserted 2643 wagering records
2025-12-16 09:57:29,958 - WARNING - Could not find registration number for horse: dq-Tam Char
2025-12-16 09:57:29,965 - INFO - Inserted 1293 fraction records
2025-12-16 09:57:30,156 - WARNING - Could not find registration number for horse: dh-High Flying Gracie
2025-12-16 09:57:30,311 - WARNING - Could not find registration number for horse: dh-Coconut Girl
2025-12-16 09:57:31,138 - WARNING - Could not find registration number for horse: dq-Folly
2025-12-16 09:57:31,319 - WARNING - Could not find registration number for horse: dq-Spectrier
2025-12-16 09:57:31,440 - INFO - Inserted 25464 position call records
2025-12-16 09:57:31,849 - WARNING - Could not find registration number for horse: dq-Hellman
2025-12-16 09:57:31,910 - WARNING - Could not find registration number for horse: dq-Guillaume
2025-12-16 09:57:32,203 - INFO - Processed 2800 files. Race updates: 23713, Entry updates: 172344
2025-12-16 09:57:32,250 - WARNING - Could not find registration number for horse: dq-Superstitieux
2025-12-16 09:57:32,303 - WARNING - Could not find registration number for horse: dq-Luv Ya Bye Bye
2025-12-16 09:57:32,827 - WARNING - Could not find registration number for horse: dq-Time to Cruise
2025-12-16 09:57:34,275 - WARNING - Could not find registration number for horse: dh-Mike J
2025-12-16 09:57:34,643 - WARNING - Could not find registration number for horse: dh-Big Chopper
2025-12-16 09:57:34,904 - WARNING - Could not find registration number for horse: dh-Sigmund
2025-12-16 09:57:34,994 - WARNING - Could not find registration number for horse: dh-Sage Runner
2025-12-16 09:57:35,420 - WARNING - Could not find registration number for horse: dq-Hot Lookin Royal
2025-12-16 09:57:36,598 - WARNING - Could not find registration number for horse: dh-Master Oogway
2025-12-16 09:57:36,844 - WARNING - Could not find registration number for horse: dh-Frog Prince
2025-12-16 09:57:37,107 - WARNING - Could not find registration number for horse: dq-Great Forty Eight
2025-12-16 09:57:37,449 - WARNING - Could not find registration number for horse: dh-Give It a Go
2025-12-16 09:57:37,697 - WARNING - Could not find registration number for horse: dq-Sea Trident
2025-12-16 09:57:37,729 - WARNING - Could not find registration number for horse: dh-Alpha Chi Rho
2025-12-16 09:57:37,884 - WARNING - Could not find registration number for horse: dq-Battalion
2025-12-16 09:57:37,885 - WARNING - Could not find registration number for horse: dq-Sweet Syntax
2025-12-16 09:57:38,015 - WARNING - Could not find registration number for horse: dq-Matty Bo
2025-12-16 09:57:38,096 - WARNING - Could not find registration number for horse: dh-The Sicarii
2025-12-16 09:57:38,298 - WARNING - Could not find registration number for horse: dh-Western Lane
2025-12-16 09:57:38,358 - WARNING - Could not find registration number for horse: dq-Huntington
2025-12-16 09:57:38,537 - WARNING - Could not find registration number for horse: dh-The Thinker
2025-12-16 09:57:39,213 - INFO - Performing batch database update...
2025-12-16 09:57:39,225 - WARNING - Could not find registration number for horse: dh-Mavilus
2025-12-16 09:57:39,290 - INFO - Updated 584 races with results
2025-12-16 09:57:39,540 - WARNING - Could not find registration number for horse: dh-Crazy Odds
2025-12-16 09:57:39,577 - INFO - Updated 4291 entries with results
2025-12-16 09:57:39,735 - INFO - Inserted 3348 wagering records
2025-12-16 09:57:39,740 - WARNING - Could not find registration number for horse: dh-Sir Lance
2025-12-16 09:57:39,832 - INFO - Inserted 2066 fraction records
2025-12-16 09:57:40,529 - WARNING - Could not find registration number for horse: dq-Ginger Girl
2025-12-16 09:57:41,625 - INFO - Inserted 29742 position call records
2025-12-16 09:57:42,176 - WARNING - Could not find registration number for horse: dq-Cut From Class
2025-12-16 09:57:42,412 - WARNING - Could not find registration number for horse: dq-Magnolia Wind
2025-12-16 09:57:42,968 - WARNING - Could not find registration number for horse: dh-Esperannna
2025-12-16 09:57:43,075 - WARNING - Could not find registration number for horse: dh-Up Her Sleeve
2025-12-16 09:57:44,216 - WARNING - Could not find registration number for horse: dq-Saloon
2025-12-16 09:57:44,446 - WARNING - Could not find registration number for horse: dq-Fun Lovin Criminal
2025-12-16 09:57:45,184 - WARNING - Could not find registration number for horse: dq-Le Vin
2025-12-16 09:57:45,528 - WARNING - Could not find registration number for horse: dh-Take Charge Too
2025-12-16 09:57:45,888 - WARNING - Could not find registration number for horse: dq-Rustys Gfivefifty
2025-12-16 09:57:46,112 - INFO - Processed 2900 files. Race updates: 24598, Entry updates: 178997
2025-12-16 09:57:46,273 - WARNING - Could not find registration number for horse: dq-Dream Chaser
2025-12-16 09:57:46,482 - WARNING - Could not find registration number for horse: dq-Poggibonsi
2025-12-16 09:57:46,732 - WARNING - Could not find registration number for horse: dh-Masakado
2025-12-16 09:57:46,809 - WARNING - Could not find registration number for horse: dh-Odinson
2025-12-16 09:57:47,330 - WARNING - Could not find registration number for horse: dh-King's River
2025-12-16 09:57:47,478 - WARNING - Could not find registration number for horse: dh-Teo
2025-12-16 09:57:47,501 - WARNING - Could not find registration number for horse: dq-Downtown Katie
2025-12-16 09:57:47,531 - WARNING - Could not find registration number for horse: dh-Saint Charles
2025-12-16 09:57:47,676 - WARNING - Could not find registration number for horse: dq-Run Witt Run
2025-12-16 09:57:48,508 - WARNING - Could not find registration number for horse: dq-Tidewater
2025-12-16 09:57:48,656 - WARNING - Could not find registration number for horse: dh-Humor Me Please
2025-12-16 09:57:48,825 - WARNING - Could not find registration number for horse: dq-Cosmo
2025-12-16 09:57:48,950 - WARNING - Could not find registration number for horse: dh-Top Cop
2025-12-16 09:57:49,162 - WARNING - Could not find registration number for horse: dh-Run for Mrs Riggs
2025-12-16 09:57:49,333 - WARNING - Could not find registration number for horse: dh-Mischief Angel
2025-12-16 09:57:50,325 - INFO - Performing batch database update...
2025-12-16 09:57:50,380 - WARNING - Could not find registration number for horse: dq-Orocovix
2025-12-16 09:57:50,394 - INFO - Updated 534 races with results
2025-12-16 09:57:50,401 - WARNING - Could not find registration number for horse: dq-Cinnamon Face
2025-12-16 09:57:50,438 - WARNING - Could not find registration number for horse: dh-Mantua Man
2025-12-16 09:57:50,761 - WARNING - Could not find registration number for horse: dh-Get Like Mike
2025-12-16 09:57:50,845 - INFO - Updated 4313 entries with results
2025-12-16 09:57:50,997 - INFO - Inserted 2585 wagering records
2025-12-16 09:57:51,007 - WARNING - Could not find registration number for horse: dq-Libbies Baby
2025-12-16 09:57:51,109 - INFO - Inserted 1843 fraction records
2025-12-16 09:57:52,462 - WARNING - Could not find registration number for horse: dq-Basket Case
2025-12-16 09:57:52,741 - INFO - Inserted 32538 position call records
2025-12-16 09:57:52,855 - WARNING - Could not find registration number for horse: dq-Arden'sluckytobe
2025-12-16 09:57:53,304 - WARNING - Could not find registration number for horse: dq-Nbc Mr Jed
2025-12-16 09:57:53,432 - WARNING - Could not find registration number for horse: dh-Mp Bad Habits
2025-12-16 09:57:53,458 - WARNING - Could not find registration number for horse: dh-Timothy
2025-12-16 09:57:53,504 - WARNING - Could not find registration number for horse: dh-Heza Glimpse
2025-12-16 09:57:53,551 - WARNING - Could not find registration number for horse: dh-Indy Lover
2025-12-16 09:57:53,647 - WARNING - Could not find registration number for horse: dh-Sing It Bessie
2025-12-16 09:57:53,690 - WARNING - Could not find registration number for horse: dq-Dm Farm Girl
2025-12-16 09:57:53,719 - WARNING - Could not find registration number for horse: dh-Fierros Sis
2025-12-16 09:57:53,794 - WARNING - Could not find registration number for horse: dq-Blingo Bling
2025-12-16 09:57:53,845 - WARNING - Could not find registration number for horse: dh-Bluemoon Arising
2025-12-16 09:57:53,984 - WARNING - Could not find registration number for horse: dh-Kartendo Fast Dash
2025-12-16 09:57:54,075 - WARNING - Could not find registration number for horse: dh-Sheza Big Diva
2025-12-16 09:57:54,204 - WARNING - Could not find registration number for horse: dh-Shes Team Wild
2025-12-16 09:57:54,212 - WARNING - Could not find registration number for horse: dh-Illmakeyoupay
2025-12-16 09:57:54,306 - WARNING - Could not find registration number for horse: dq-Jess Whatta Glass
2025-12-16 09:57:54,353 - WARNING - Could not find registration number for horse: dh-Leticias Secret
2025-12-16 09:57:54,435 - WARNING - Could not find registration number for horse: dh-Valkarlee
2025-12-16 09:57:54,484 - WARNING - Could not find registration number for horse: dh-Goodtimecountrychick
2025-12-16 09:57:54,493 - WARNING - Could not find registration number for horse: dh-Terrify
2025-12-16 09:57:54,682 - WARNING - Could not find registration number for horse: dh-Power and Glory
2025-12-16 09:57:54,764 - WARNING - Could not find registration number for horse: dh-Runnin Legend
2025-12-16 09:57:54,774 - WARNING - Could not find registration number for horse: dh-Jtc Dutch N Mexico
2025-12-16 09:57:54,950 - WARNING - Could not find registration number for horse: dh-Jmg One Hott Eagle
2025-12-16 09:57:54,996 - WARNING - Could not find registration number for horse: dh-Shake Me a Corona
2025-12-16 09:57:55,102 - WARNING - Could not find registration number for horse: dh-Saltarin Style
2025-12-16 09:57:55,150 - WARNING - Could not find registration number for horse: dq-Revs Favorite Queen
2025-12-16 09:57:55,268 - WARNING - Could not find registration number for horse: dh-Pecos River Queen
2025-12-16 09:57:55,277 - WARNING - Could not find registration number for horse: dq-Mo Delirio
2025-12-16 09:57:55,312 - WARNING - Could not find registration number for horse: dq-Mr Bishop
2025-12-16 09:57:55,315 - WARNING - Could not find registration number for horse: dh-Elena Mae
2025-12-16 09:57:55,383 - WARNING - Could not find registration number for horse: 00500
2025-12-16 09:57:55,402 - WARNING - Could not find registration number for horse: dh-Voodoo Priestess
2025-12-16 09:57:55,465 - WARNING - Could not find registration number for horse: dq-Jettin Ta Glory
2025-12-16 09:57:55,722 - WARNING - Could not find registration number for horse: dh-Tyger King
2025-12-16 09:57:55,724 - WARNING - Could not find registration number for horse: Its Too Late Now
2025-12-16 09:57:55,734 - WARNING - Could not find registration number for horse: dh-Witch Way Gray
2025-12-16 09:57:55,783 - WARNING - Could not find registration number for horse: dh-Finest Issue
2025-12-16 09:57:55,859 - WARNING - Could not find registration number for horse: dq-Tap Corona
2025-12-16 09:57:55,941 - WARNING - Could not find registration number for horse: dq-Trepador
2025-12-16 09:57:55,956 - WARNING - Could not find registration number for horse: dh-Gf Wild Thoughts
2025-12-16 09:57:56,011 - WARNING - Could not find registration number for horse: dh-La Carlota Toxica
2025-12-16 09:57:56,047 - WARNING - Could not find registration number for horse: dh-Blues Girl
2025-12-16 09:57:56,060 - WARNING - Could not find registration number for horse: dq-Mr Prize B
2025-12-16 09:57:56,529 - WARNING - Could not find registration number for horse: dq-Pool Miracle
2025-12-16 09:57:56,720 - WARNING - Could not find registration number for horse: dh-Lota Teresa
2025-12-16 09:57:56,779 - WARNING - Could not find registration number for horse: dh-Pritchit
2025-12-16 09:57:56,961 - WARNING - Could not find registration number for horse: dh-First Nice Star
2025-12-16 09:57:57,057 - WARNING - Could not find registration number for horse: dh-Ms Eye Opener
2025-12-16 09:57:57,249 - WARNING - Could not find registration number for horse: dq-Little Doc Gdp
2025-12-16 09:57:57,907 - WARNING - Could not find registration number for horse: dh-Heza Fast Dynasty
2025-12-16 09:57:57,957 - WARNING - Could not find registration number for horse: dh-Mp Bad Habits
2025-12-16 09:57:58,028 - WARNING - Could not find registration number for horse: dq-The Big Patriot
2025-12-16 09:57:58,101 - WARNING - Could not find registration number for horse: dh-Valentines Miss Gal
2025-12-16 09:57:58,156 - WARNING - Could not find registration number for horse: dh-Cash Train B
2025-12-16 09:57:58,175 - WARNING - Could not find registration number for horse: dq-Singapore Flash
2025-12-16 09:57:58,190 - WARNING - Could not find registration number for horse: dh-Struttin Aint Easy
2025-12-16 09:57:58,199 - WARNING - Could not find registration number for horse: 00500
2025-12-16 09:57:58,228 - WARNING - Could not find registration number for horse: dq-Amazing Graces Joy
2025-12-16 09:57:58,299 - WARNING - Could not find registration number for horse: dq-Favorite Wave
2025-12-16 09:57:58,300 - WARNING - Could not find registration number for horse: dq-Bp Coronas
2025-12-16 09:57:58,358 - WARNING - Could not find registration number for horse: dh-Corona Blu Pop Pop
2025-12-16 09:57:58,377 - WARNING - Could not find registration number for horse: dh-Ten Cent Pystol
2025-12-16 09:57:58,439 - WARNING - Could not find registration number for horse: dh-Singin de Blues
2025-12-16 09:57:58,469 - WARNING - Could not find registration number for horse: dq-Trepador
2025-12-16 09:57:58,497 - WARNING - Could not find registration number for horse: dh-Kreede
2025-12-16 09:57:58,589 - WARNING - Could not find registration number for horse: dh-Indiana
2025-12-16 09:57:58,642 - WARNING - Could not find registration number for horse: dh-Tres Reloaded
2025-12-16 09:57:58,710 - WARNING - Could not find registration number for horse: dh-Symbolic
2025-12-16 09:57:58,947 - WARNING - Could not find registration number for horse: dh-Peyton Kennedy
2025-12-16 09:57:59,324 - WARNING - Could not find registration number for horse: dq-Market Maven
2025-12-16 09:57:59,629 - WARNING - Could not find registration number for horse: dh-Beautiful Call
2025-12-16 09:58:00,219 - WARNING - Could not find registration number for horse: 00500
2025-12-16 09:58:01,042 - INFO - Processed 3000 files. Race updates: 25511, Entry updates: 186332
2025-12-16 09:58:01,343 - WARNING - Could not find registration number for horse: dq-Heza Spirited Ace
2025-12-16 09:58:01,421 - WARNING - Could not find registration number for horse: dh-Glitterary
2025-12-16 09:58:01,453 - WARNING - Could not find registration number for horse: dq-Straitshooterhotshot
2025-12-16 09:58:01,707 - WARNING - Could not find registration number for horse: dhdq-Curvee
2025-12-16 09:58:01,839 - WARNING - Could not find registration number for horse: dq-Bend the Knee
2025-12-16 09:58:02,067 - WARNING - Could not find registration number for horse: dh-Queen of Tide
2025-12-16 09:58:02,183 - WARNING - Could not find registration number for horse: dq-Keto Friendly
2025-12-16 09:58:02,540 - WARNING - Could not find registration number for horse: dh-Get Serious
2025-12-16 09:58:02,662 - WARNING - Could not find registration number for horse: dq-Esta Caliente
2025-12-16 09:58:02,736 - WARNING - Could not find registration number for horse: dq-Po Boy
2025-12-16 09:58:02,737 - WARNING - Could not find registration number for horse: dq-Hunter Jumper
2025-12-16 09:58:02,867 - WARNING - Could not find registration number for horse: dq-Today Matters
2025-12-16 09:58:03,332 - WARNING - Could not find registration number for horse: dq-Awesome Miner
2025-12-16 09:58:03,499 - WARNING - Could not find registration number for horse: dq-Heza Spirited Ace
2025-12-16 09:58:03,539 - INFO - Performing batch database update...
2025-12-16 09:58:03,613 - INFO - Updated 699 races with results
2025-12-16 09:58:03,643 - WARNING - Could not find registration number for horse: dq-Mystic Minister
2025-12-16 09:58:03,838 - WARNING - Could not find registration number for horse: dq-Mr Mayhem
2025-12-16 09:58:03,916 - INFO - Updated 5874 entries with results
2025-12-16 09:58:04,083 - WARNING - Could not find registration number for horse: dh-Constitutionalist
2025-12-16 09:58:04,112 - INFO - Inserted 3223 wagering records
2025-12-16 09:58:04,169 - INFO - Inserted 1070 fraction records
2025-12-16 09:58:04,234 - WARNING - Could not find registration number for horse: dh-Parisian Summer
2025-12-16 09:58:04,406 - WARNING - Could not find registration number for horse: dh-Pandemiccowboy
2025-12-16 09:58:04,707 - WARNING - Could not find registration number for horse: dh-Rock My Hocks
2025-12-16 09:58:04,728 - WARNING - Could not find registration number for horse: dh-Machinist
2025-12-16 09:58:04,823 - WARNING - Could not find registration number for horse: dh-Doctor Lee
2025-12-16 09:58:05,033 - WARNING - Could not find registration number for horse: dq-Kendal Grace
2025-12-16 09:58:05,425 - WARNING - Could not find registration number for horse: dq-Enzoexpress
2025-12-16 09:58:05,444 - WARNING - Could not find registration number for horse: dq-Warrior Empress
2025-12-16 09:58:05,527 - WARNING - Could not find registration number for horse: dh-Mint Cookie Cutter
2025-12-16 09:58:05,941 - WARNING - Could not find registration number for horse: dh-Little Doc Gdp
2025-12-16 09:58:06,036 - WARNING - Could not find registration number for horse: dh-Cartel Fire Two
2025-12-16 09:58:06,408 - INFO - Inserted 39126 position call records
2025-12-16 09:58:06,540 - WARNING - Could not find registration number for horse: dh-Zsuzannah
2025-12-16 09:58:06,898 - WARNING - Could not find registration number for horse: dq-Biscottini
2025-12-16 09:58:07,387 - WARNING - Could not find registration number for horse: dh-Send Her Candy
2025-12-16 09:58:07,568 - WARNING - Could not find registration number for horse: dq-Full of Luck (CHI)
2025-12-16 09:58:07,794 - WARNING - Could not find registration number for horse: dh-Classy Looking Chick
2025-12-16 09:58:08,278 - WARNING - Could not find registration number for horse: dh-Dashin Lewee
2025-12-16 09:58:08,320 - WARNING - Could not find registration number for horse: dh-On the Kool Side
2025-12-16 09:58:09,319 - WARNING - Could not find registration number for horse: dq-Enjoy Baseball
2025-12-16 09:58:09,942 - WARNING - Could not find registration number for horse: dq-Cajun Mandate
2025-12-16 09:58:10,108 - WARNING - Could not find registration number for horse: dq-A Game of Corona
2025-12-16 09:58:10,126 - WARNING - Could not find registration number for horse: dh-Just a Flyin Cowgirl
2025-12-16 09:58:10,268 - WARNING - Could not find registration number for horse: dq-Test Your Faith
2025-12-16 09:58:10,269 - WARNING - Could not find registration number for horse: dq-Masai Man
2025-12-16 09:58:10,340 - WARNING - Could not find registration number for horse: dh-Illusions of Love
2025-12-16 09:58:10,694 - WARNING - Could not find registration number for horse: dq-Red Delicious
2025-12-16 09:58:10,739 - WARNING - Could not find registration number for horse: dq-Gizmo's Mission
2025-12-16 09:58:10,859 - WARNING - Could not find registration number for horse: dh-Undetected
2025-12-16 09:58:10,888 - WARNING - Could not find registration number for horse: dh-Beach Holiday
2025-12-16 09:58:11,055 - WARNING - Could not find registration number for horse: dh-Amicus Brief
2025-12-16 09:58:11,279 - WARNING - Could not find registration number for horse: dh-Sapphyre
2025-12-16 09:58:11,495 - WARNING - Could not find registration number for horse: dq-Frontliner
2025-12-16 09:58:11,836 - WARNING - Could not find registration number for horse: dq-Cates Swoosh
2025-12-16 09:58:12,064 - WARNING - Could not find registration number for horse: dh-Born for Victory
2025-12-16 09:58:12,074 - WARNING - Could not find registration number for horse: dq-Ethics of a Hero
2025-12-16 09:58:12,291 - WARNING - Could not find registration number for horse: dh-Kaztharos
2025-12-16 09:58:12,353 - WARNING - Could not find registration number for horse: dq-Wire Tap
2025-12-16 09:58:12,427 - WARNING - Could not find registration number for horse: dq-El Bandido
2025-12-16 09:58:12,988 - INFO - Processed 3100 files. Race updates: 26326, Entry updates: 192110
2025-12-16 09:58:13,500 - WARNING - Could not find registration number for horse: dq-Pearlintherough
2025-12-16 09:58:14,171 - WARNING - Could not find registration number for horse: dq-Coastal Chaos
2025-12-16 09:58:14,318 - WARNING - Could not find registration number for horse: dq-Stabby Joe
2025-12-16 09:58:14,319 - INFO - Performing batch database update...
2025-12-16 09:58:14,394 - WARNING - Could not find registration number for horse: dq-Baytown Kitty Cat
2025-12-16 09:58:14,411 - INFO - Updated 585 races with results
2025-12-16 09:58:14,700 - INFO - Updated 4572 entries with results
2025-12-16 09:58:14,746 - WARNING - Could not find registration number for horse: dq-Mambo Kitten
2025-12-16 09:58:14,903 - INFO - Inserted 3019 wagering records
2025-12-16 09:58:15,019 - INFO - Inserted 2021 fraction records
2025-12-16 09:58:15,947 - WARNING - Could not find registration number for horse: dh-Fast Fall
2025-12-16 09:58:16,131 - WARNING - Could not find registration number for horse: dh-Blunder
2025-12-16 09:58:16,583 - INFO - Inserted 30030 position call records
2025-12-16 09:58:17,014 - WARNING - Could not find registration number for horse: dh-Welcometomyworld
2025-12-16 09:58:17,914 - WARNING - Could not find registration number for horse: dh-Rainout
2025-12-16 09:58:18,042 - WARNING - Could not find registration number for horse: dh-Shaymyname
2025-12-16 09:58:18,100 - WARNING - Could not find registration number for horse: dh-Dixie Groove
2025-12-16 09:58:19,696 - WARNING - Could not find registration number for horse: dh-Kitten With a Whip
2025-12-16 09:58:19,845 - WARNING - Could not find registration number for horse: dh-Perspicacious
2025-12-16 09:58:19,887 - WARNING - Could not find registration number for horse: dh-Slime Queen
2025-12-16 09:58:19,901 - WARNING - Could not find registration number for horse: dq-Gold Alliance
2025-12-16 09:58:19,932 - WARNING - Could not find registration number for horse: dh-Striking Chrome
2025-12-16 09:58:20,250 - WARNING - Could not find registration number for horse: dq-Wonderfinn
2025-12-16 09:58:20,522 - WARNING - Could not find registration number for horse: dh-Utopia Rose
2025-12-16 09:58:20,687 - WARNING - Could not find registration number for horse: dq-Classic Performer
2025-12-16 09:58:20,713 - WARNING - Could not find registration number for horse: dh-Factorbella
2025-12-16 09:58:21,527 - WARNING - Could not find registration number for horse: dq-El de Chirel
2025-12-16 09:58:21,681 - WARNING - Could not find registration number for horse: dh-Lockdown Lover
2025-12-16 09:58:22,256 - WARNING - Could not find registration number for horse: dh-Another Saucy Six
2025-12-16 09:58:22,289 - WARNING - Could not find registration number for horse: dh-Vamos Antonio
2025-12-16 09:58:22,304 - WARNING - Could not find registration number for horse: dh-Queen Cadence
2025-12-16 09:58:22,687 - WARNING - Could not find registration number for horse: dq-Electric Eel
2025-12-16 09:58:22,926 - WARNING - Could not find registration number for horse: dh-Speight'spercomete
2025-12-16 09:58:23,092 - WARNING - Could not find registration number for horse: dh-Samburu (GB)
2025-12-16 09:58:23,802 - WARNING - Could not find registration number for horse: dq-When in Rome
2025-12-16 09:58:24,264 - WARNING - Could not find registration number for horse: dq-My Brother Cam
2025-12-16 09:58:24,868 - WARNING - Could not find registration number for horse: dq-Northern Journey
2025-12-16 09:58:24,888 - INFO - Performing batch database update...
2025-12-16 09:58:24,954 - INFO - Updated 509 races with results
2025-12-16 09:58:25,218 - INFO - Updated 4175 entries with results
2025-12-16 09:58:25,247 - WARNING - Could not find registration number for horse: dq-Khopilot
2025-12-16 09:58:25,376 - INFO - Inserted 2719 wagering records
2025-12-16 09:58:25,423 - WARNING - Could not find registration number for horse: dq-John's Rock
2025-12-16 09:58:25,466 - INFO - Inserted 1720 fraction records
2025-12-16 09:58:25,982 - WARNING - Could not find registration number for horse: dh-Making Me Crazy
2025-12-16 09:58:26,038 - INFO - Processed 3200 files. Race updates: 27201, Entry updates: 198673
2025-12-16 09:58:26,178 - WARNING - Could not find registration number for horse: dh-Fleck
2025-12-16 09:58:26,238 - WARNING - Could not find registration number for horse: dh-Alacritous
2025-12-16 09:58:26,256 - WARNING - Could not find registration number for horse: dh-Lady Giuliana
2025-12-16 09:58:26,352 - WARNING - Could not find registration number for horse: dh-My Belle Michelle
2025-12-16 09:58:26,439 - WARNING - Could not find registration number for horse: dh-Wildcat Dream
2025-12-16 09:58:26,464 - WARNING - Could not find registration number for horse: dh-Best of You
2025-12-16 09:58:26,479 - WARNING - Could not find registration number for horse: dh-Princess Moro
2025-12-16 09:58:27,229 - INFO - Inserted 30468 position call records
2025-12-16 09:58:27,400 - WARNING - Could not find registration number for horse: dh-Highly Explosive
2025-12-16 09:58:27,496 - WARNING - Could not find registration number for horse: dh-Boogie Boogee
2025-12-16 09:58:27,793 - WARNING - Could not find registration number for horse: dq-Bronze Kettle
2025-12-16 09:58:29,362 - WARNING - Could not find registration number for horse: dq-Parade Grand
2025-12-16 09:58:29,472 - WARNING - Could not find registration number for horse: dq-Ohio Munny
2025-12-16 09:58:29,881 - WARNING - Could not find registration number for horse: dq-My Ticket
2025-12-16 09:58:30,592 - WARNING - Could not find registration number for horse: dh-Three Point Kuz
2025-12-16 09:58:30,654 - WARNING - Could not find registration number for horse: dh-Little Four
2025-12-16 09:58:30,715 - WARNING - Could not find registration number for horse: dq-Hip Hip Hooray
2025-12-16 09:58:30,785 - WARNING - Could not find registration number for horse: dq-Oaxaca
2025-12-16 09:58:31,031 - WARNING - Could not find registration number for horse: dq-After Sunrise
2025-12-16 09:58:31,251 - WARNING - Could not find registration number for horse: dh-Dougs Morning Pick
2025-12-16 09:58:31,430 - WARNING - Could not find registration number for horse: dh-Oaken
2025-12-16 09:58:31,597 - WARNING - Could not find registration number for horse: dq-Stormin Melly
2025-12-16 09:58:31,830 - WARNING - Could not find registration number for horse: dq-Larry's Angel
2025-12-16 09:58:32,483 - WARNING - Could not find registration number for horse: dq-Kadesh
2025-12-16 09:58:32,506 - WARNING - Could not find registration number for horse: dq-My Two Aunt Joans
2025-12-16 09:58:32,740 - WARNING - Could not find registration number for horse: dq-Pat Daddy
2025-12-16 09:58:32,860 - WARNING - Could not find registration number for horse: dq-Sushi Q
2025-12-16 09:58:33,983 - WARNING - Could not find registration number for horse: dq-Dial Direct
2025-12-16 09:58:34,696 - WARNING - Could not find registration number for horse: dq-Ol' Ned
2025-12-16 09:58:35,255 - WARNING - Could not find registration number for horse: dh-Greatheart
2025-12-16 09:58:35,488 - WARNING - Could not find registration number for horse: dh-Mahaamel
2025-12-16 09:58:35,627 - WARNING - Could not find registration number for horse: dq-Suite Caroline
2025-12-16 09:58:35,825 - WARNING - Could not find registration number for horse: dq-California Swing
2025-12-16 09:58:37,087 - WARNING - Could not find registration number for horse: dh-Controller
2025-12-16 09:58:37,381 - WARNING - Could not find registration number for horse: dq-Obviously Too
2025-12-16 09:58:37,630 - INFO - Performing batch database update...
2025-12-16 09:58:37,711 - INFO - Updated 747 races with results
2025-12-16 09:58:37,763 - WARNING - Could not find registration number for horse: dh-Ipsum Gratus
2025-12-16 09:58:38,200 - INFO - Updated 5534 entries with results
2025-12-16 09:58:38,316 - WARNING - Could not find registration number for horse: dh-Xylophone
2025-12-16 09:58:38,421 - INFO - Inserted 3871 wagering records
2025-12-16 09:58:38,433 - WARNING - Could not find registration number for horse: dq-Be Bo
2025-12-16 09:58:38,469 - WARNING - Could not find registration number for horse: dq-Seaside Boy
2025-12-16 09:58:38,477 - WARNING - Could not find registration number for horse: dh-Sweet Jill's Jack
2025-12-16 09:58:38,494 - WARNING - Could not find registration number for horse: dq-Alebrije
2025-12-16 09:58:38,557 - INFO - Inserted 2475 fraction records
2025-12-16 09:58:38,776 - WARNING - Could not find registration number for horse: dq-Southern Sunset
2025-12-16 09:58:39,153 - WARNING - Could not find registration number for horse: dq-Makn Vital Moves
2025-12-16 09:58:39,499 - INFO - Processed 3300 files. Race updates: 28045, Entry updates: 205030
2025-12-16 09:58:40,170 - WARNING - Could not find registration number for horse: dh-Shezapistol
2025-12-16 09:58:40,173 - WARNING - Could not find registration number for horse: dh-Lady Commander
2025-12-16 09:58:40,228 - WARNING - Could not find registration number for horse: dh-Whiskey Blue
2025-12-16 09:58:40,229 - WARNING - Could not find registration number for horse: dq-Number One Dude
2025-12-16 09:58:40,884 - INFO - Inserted 39522 position call records
2025-12-16 09:58:41,159 - WARNING - Could not find registration number for horse: dh-Mr. Cougar
2025-12-16 09:58:41,316 - WARNING - Could not find registration number for horse: dh-Chartreuse
2025-12-16 09:58:41,387 - WARNING - Could not find registration number for horse: dh-Ribbonsinherhair
2025-12-16 09:58:41,388 - WARNING - Could not find registration number for horse: dh-Krusin Rocket
2025-12-16 09:58:41,440 - WARNING - Could not find registration number for horse: dh-Thunders Rocknroll
2025-12-16 09:58:41,784 - WARNING - Could not find registration number for horse: dh-Essential Bella
2025-12-16 09:58:41,839 - WARNING - Could not find registration number for horse: dh-Martique Miss
2025-12-16 09:58:42,291 - WARNING - Could not find registration number for horse: dq-Jeri Dawn
2025-12-16 09:58:42,656 - WARNING - Could not find registration number for horse: dq-Lundberg
2025-12-16 09:58:44,423 - WARNING - Could not find registration number for horse: dq-Cybertown
2025-12-16 09:58:45,186 - WARNING - Could not find registration number for horse: dh-Mrs. Beans
2025-12-16 09:58:45,355 - WARNING - Could not find registration number for horse: dh-Ultimate
2025-12-16 09:58:45,562 - WARNING - Could not find registration number for horse: dq-Tailorbeswift
2025-12-16 09:58:46,208 - WARNING - Could not find registration number for horse: dq-Cousteau
2025-12-16 09:58:47,045 - WARNING - Could not find registration number for horse: dq-Aristocracy
2025-12-16 09:58:47,219 - WARNING - Could not find registration number for horse: dq-Off the Meds
2025-12-16 09:58:47,487 - WARNING - Could not find registration number for horse: dq-Effortlesslyelgant
2025-12-16 09:58:47,635 - WARNING - Could not find registration number for horse: dq-Southern Sunset
2025-12-16 09:58:47,747 - WARNING - Could not find registration number for horse: dq-Triple Titos
2025-12-16 09:58:47,892 - WARNING - Could not find registration number for horse: dq-Give It a Go
2025-12-16 09:58:49,251 - WARNING - Could not find registration number for horse: dq-Jump a Fox
2025-12-16 09:58:50,602 - WARNING - Could not find registration number for horse: dq-Nazareno
2025-12-16 09:58:51,044 - WARNING - Could not find registration number for horse: dh-Dixie Penny
2025-12-16 09:58:51,246 - WARNING - Could not find registration number for horse: dq-End of the Rainbow
2025-12-16 09:58:51,271 - WARNING - Could not find registration number for horse: dq-Musical Cat
2025-12-16 09:58:51,287 - WARNING - Could not find registration number for horse: dq-One Tough Rose
2025-12-16 09:58:51,336 - WARNING - Could not find registration number for horse: dq-Box of Joe
2025-12-16 09:58:51,815 - INFO - Performing batch database update...
2025-12-16 09:58:51,830 - WARNING - Could not find registration number for horse: dq-Distorted Secrets
2025-12-16 09:58:51,894 - INFO - Updated 642 races with results
2025-12-16 09:58:52,229 - WARNING - Could not find registration number for horse: dq-Luna Vieja
2025-12-16 09:58:52,241 - WARNING - Could not find registration number for horse: dq-Give Me a Reason
2025-12-16 09:58:52,249 - INFO - Updated 5800 entries with results
2025-12-16 09:58:52,285 - WARNING - Could not find registration number for horse: dq-I Don't See Colors
2025-12-16 09:58:52,401 - INFO - Processed 3400 files. Race updates: 28888, Entry updates: 211811
2025-12-16 09:58:52,461 - INFO - Inserted 3483 wagering records
2025-12-16 09:58:52,601 - INFO - Inserted 2388 fraction records
2025-12-16 09:58:52,708 - WARNING - Could not find registration number for horse: dh-Scarlet Position
2025-12-16 09:58:52,717 - WARNING - Could not find registration number for horse: dq-Wicked T
2025-12-16 09:58:53,006 - WARNING - Could not find registration number for horse: dh-Spooky One
2025-12-16 09:58:53,237 - WARNING - Could not find registration number for horse: dq-True Dakotan
2025-12-16 09:58:53,398 - WARNING - Could not find registration number for horse: dh-Mizzen Money
2025-12-16 09:58:53,408 - WARNING - Could not find registration number for horse: dh-Stanhope
2025-12-16 09:58:53,463 - WARNING - Could not find registration number for horse: dq-Luckytobeinamerica
2025-12-16 09:58:53,610 - WARNING - Could not find registration number for horse: dh-Act of Valor
2025-12-16 09:58:54,412 - WARNING - Could not find registration number for horse: dh-Nautical Nature
2025-12-16 09:58:54,474 - WARNING - Could not find registration number for horse: dh-Where You Was
2025-12-16 09:58:54,718 - WARNING - Could not find registration number for horse: dh-Beach Warrior
2025-12-16 09:58:54,775 - WARNING - Could not find registration number for horse: dq-Nick the Cardshark
2025-12-16 09:58:54,842 - INFO - Inserted 40962 position call records
2025-12-16 09:58:55,458 - WARNING - Could not find registration number for horse: dq-Contemptuous Miss
2025-12-16 09:58:56,385 - WARNING - Could not find registration number for horse: dh-Kirby
2025-12-16 09:58:56,395 - WARNING - Could not find registration number for horse: dq-African Angel
2025-12-16 09:58:56,571 - WARNING - Could not find registration number for horse: dh-Beckon
2025-12-16 09:58:56,701 - WARNING - Could not find registration number for horse: dq-Field Letters
2025-12-16 09:58:57,103 - WARNING - Could not find registration number for horse: dq-My Beautiful Belle
2025-12-16 09:58:57,982 - WARNING - Could not find registration number for horse: dq-Factum Love Style
2025-12-16 09:58:58,200 - WARNING - Could not find registration number for horse: dh-Necco
2025-12-16 09:58:58,251 - WARNING - Could not find registration number for horse: dh-Brokenhearted
2025-12-16 09:59:00,011 - WARNING - Could not find registration number for horse: dq-Savvy On Blanc
2025-12-16 09:59:01,014 - WARNING - Could not find registration number for horse: dh-Jack's Lilly
2025-12-16 09:59:01,405 - WARNING - Could not find registration number for horse: dh-Tactical Pajamas
2025-12-16 09:59:01,464 - WARNING - Could not find registration number for horse: dh-I Recall
2025-12-16 09:59:01,561 - WARNING - Could not find registration number for horse: dq-Treasured Gem
2025-12-16 09:59:01,753 - WARNING - Could not find registration number for horse: dh-Bowtothequeen
2025-12-16 09:59:02,088 - WARNING - Could not find registration number for horse: dq-Nature Trail
2025-12-16 09:59:02,613 - WARNING - Could not find registration number for horse: dq-Lucky Smile
2025-12-16 09:59:02,711 - INFO - Performing batch database update...
2025-12-16 09:59:02,819 - INFO - Updated 623 races with results
2025-12-16 09:59:03,080 - INFO - Updated 4574 entries with results
2025-12-16 09:59:03,132 - WARNING - Could not find registration number for horse: dh-Express Star
2025-12-16 09:59:03,176 - WARNING - Could not find registration number for horse: dq-Cinco de Mandee
2025-12-16 09:59:03,187 - WARNING - Could not find registration number for horse: dh-So Close So Far
2025-12-16 09:59:03,264 - INFO - Inserted 3193 wagering records
2025-12-16 09:59:03,330 - INFO - Processed 3500 files. Race updates: 29652, Entry updates: 217181
2025-12-16 09:59:03,372 - WARNING - Could not find registration number for horse: dq-Barrelhouse
2025-12-16 09:59:03,379 - INFO - Inserted 2126 fraction records
2025-12-16 09:59:05,021 - WARNING - Could not find registration number for horse: dq-Cuz
2025-12-16 09:59:05,085 - WARNING - Could not find registration number for horse: dh-Ault
2025-12-16 09:59:05,107 - INFO - Inserted 29820 position call records
2025-12-16 09:59:05,232 - WARNING - Could not find registration number for horse: dh-Mountain Tree
2025-12-16 09:59:06,968 - WARNING - Could not find registration number for horse: dq-Leave 'Em Loaded
2025-12-16 09:59:07,297 - WARNING - Could not find registration number for horse: dq-Yankee Dollar
2025-12-16 09:59:07,883 - WARNING - Could not find registration number for horse: dh-Tapio
2025-12-16 09:59:08,407 - WARNING - Could not find registration number for horse: dq-Montauk Daddy
2025-12-16 09:59:08,753 - WARNING - Could not find registration number for horse: dh-Hindenburg
2025-12-16 09:59:09,245 - WARNING - Could not find registration number for horse: dh-American Speed
2025-12-16 09:59:09,305 - WARNING - Could not find registration number for horse: dq-Wild Irish
2025-12-16 09:59:09,334 - WARNING - Could not find registration number for horse: dq-Designer
2025-12-16 09:59:09,490 - WARNING - Could not find registration number for horse: dh-U S Constitution
2025-12-16 09:59:09,635 - WARNING - Could not find registration number for horse: dh-Jareth
2025-12-16 09:59:09,890 - WARNING - Could not find registration number for horse: dh-Krug
2025-12-16 09:59:10,396 - WARNING - Could not find registration number for horse: dq-Catching Stars
2025-12-16 09:59:10,446 - WARNING - Could not find registration number for horse: dh-Van
2025-12-16 09:59:10,857 - WARNING - Could not find registration number for horse: dq-Afandi
2025-12-16 09:59:11,051 - WARNING - Could not find registration number for horse: dh-Youmustbea Weasley
2025-12-16 09:59:11,369 - WARNING - Could not find registration number for horse: dq-Kake's Tap Dancer
2025-12-16 09:59:11,496 - WARNING - Could not find registration number for horse: dq-Away to Return
2025-12-16 09:59:11,606 - WARNING - Could not find registration number for horse: dq-Duplication
2025-12-16 09:59:11,801 - WARNING - Could not find registration number for horse: dh-Terry's Boy
2025-12-16 09:59:12,028 - WARNING - Could not find registration number for horse: dh-Engee Ombee
2025-12-16 09:59:12,042 - WARNING - Could not find registration number for horse: dh-Honeymoonz Over
2025-12-16 09:59:12,129 - WARNING - Could not find registration number for horse: dh-A Bandido Choice
2025-12-16 09:59:12,159 - WARNING - Could not find registration number for horse: dh-Coral Cat
2025-12-16 09:59:12,168 - WARNING - Could not find registration number for horse: dh-Jersey Bird
2025-12-16 09:59:12,181 - WARNING - Could not find registration number for horse: dhdq-Jess Trickie
2025-12-16 09:59:12,236 - WARNING - Could not find registration number for horse: dh-Ensemble (IRE)
2025-12-16 09:59:12,393 - WARNING - Could not find registration number for horse: dh-Peace Seeker
2025-12-16 09:59:12,445 - WARNING - Could not find registration number for horse: dq-Mh Babe I Will Fly
2025-12-16 09:59:12,601 - WARNING - Could not find registration number for horse: dq-Riddle
2025-12-16 09:59:12,826 - WARNING - Could not find registration number for horse: Nowhere Too Run
2025-12-16 09:59:12,830 - WARNING - Could not find registration number for horse: dh-Book Em Tamo
2025-12-16 09:59:13,178 - WARNING - Could not find registration number for horse: dq-Jj Miss Jessie Bug
2025-12-16 09:59:13,283 - INFO - Performing batch database update...
2025-12-16 09:59:13,369 - INFO - Updated 626 races with results
2025-12-16 09:59:13,592 - INFO - Updated 4129 entries with results
2025-12-16 09:59:13,595 - WARNING - Could not find registration number for horse: dq-Checo Perez Tlc
2025-12-16 09:59:13,958 - INFO - Inserted 3334 wagering records
2025-12-16 09:59:13,962 - WARNING - Could not find registration number for horse: dh-Agolden Eagle Spring
2025-12-16 09:59:14,061 - INFO - Inserted 1902 fraction records
2025-12-16 09:59:14,109 - WARNING - Could not find registration number for horse: dh-Seattle Steel
2025-12-16 09:59:14,172 - WARNING - Could not find registration number for horse: dh-Ja Chase This Rocket
2025-12-16 09:59:14,206 - WARNING - Could not find registration number for horse: dh-Pietrelcina
2025-12-16 09:59:14,325 - WARNING - Could not find registration number for horse: dh-Bold Hoppertunity
2025-12-16 09:59:14,462 - WARNING - Could not find registration number for horse: dh-Kobe D Man
2025-12-16 09:59:14,477 - WARNING - Could not find registration number for horse: dh-Shezabear
2025-12-16 09:59:14,527 - WARNING - Could not find registration number for horse: dh-Digital Footprint
2025-12-16 09:59:14,883 - INFO - Processed 3600 files. Race updates: 30452, Entry updates: 222575
2025-12-16 09:59:14,915 - WARNING - Could not find registration number for horse: dh-Jess Yaya
2025-12-16 09:59:15,105 - WARNING - Could not find registration number for horse: dq-Ts Attack the End
2025-12-16 09:59:15,186 - WARNING - Could not find registration number for horse: dh-Ault
2025-12-16 09:59:15,762 - INFO - Inserted 30828 position call records
2025-12-16 09:59:15,776 - WARNING - Could not find registration number for horse: dq-Torts On a Wagon
2025-12-16 09:59:15,822 - WARNING - Could not find registration number for horse: dq-Cartels Eagle
2025-12-16 09:59:15,845 - WARNING - Could not find registration number for horse: dq-Madd Maxx
2025-12-16 09:59:15,928 - WARNING - Could not find registration number for horse: dq-Oughta B Behind Bars
2025-12-16 09:59:16,104 - WARNING - Could not find registration number for horse: dq-My Fancy Man
2025-12-16 09:59:16,335 - WARNING - Could not find registration number for horse: dq-Temple City Run
2025-12-16 09:59:16,437 - WARNING - Could not find registration number for horse: Nowhere Too Run
2025-12-16 09:59:16,467 - WARNING - Could not find registration number for horse: dh-Fabulous Fast Prize
2025-12-16 09:59:16,559 - WARNING - Could not find registration number for horse: dh-Perrys Special K
2025-12-16 09:59:16,635 - WARNING - Could not find registration number for horse: dq-Vals Sizzling Lips
2025-12-16 09:59:16,693 - WARNING - Could not find registration number for horse: dq-Jess Southard
2025-12-16 09:59:16,731 - WARNING - Could not find registration number for horse: dq-Miss Triana
2025-12-16 09:59:16,780 - WARNING - Could not find registration number for horse: dq-Lipstick Lou
2025-12-16 09:59:16,788 - WARNING - Could not find registration number for horse: dq-Nunothat
2025-12-16 09:59:17,068 - WARNING - Could not find registration number for horse: dq-Moes Arctic Blast
2025-12-16 09:59:17,124 - WARNING - Could not find registration number for horse: dq-Holy Storm
2025-12-16 09:59:17,163 - WARNING - Could not find registration number for horse: dq-Chelonian
2025-12-16 09:59:17,640 - WARNING - Could not find registration number for horse: dq-Interested Party
2025-12-16 09:59:17,750 - WARNING - Could not find registration number for horse: dh-Charismatic
2025-12-16 09:59:17,829 - WARNING - Could not find registration number for horse: dq-Kt Haileys Comet
2025-12-16 09:59:17,870 - WARNING - Could not find registration number for horse: dh-Philosophos
2025-12-16 09:59:18,139 - WARNING - Could not find registration number for horse: dq-My Heart's On Fire
2025-12-16 09:59:18,278 - WARNING - Could not find registration number for horse: dq-Professor T
2025-12-16 09:59:18,509 - WARNING - Could not find registration number for horse: dq-Joda Tempting Gravel
2025-12-16 09:59:18,525 - WARNING - Could not find registration number for horse: dq-Eye Dinozzo
2025-12-16 09:59:18,640 - WARNING - Could not find registration number for horse: dq-Redd Dirt Runner
2025-12-16 09:59:18,676 - WARNING - Could not find registration number for horse: dh-Ts Attack the End
2025-12-16 09:59:18,706 - WARNING - Could not find registration number for horse: dq-Flynabovethestorm
2025-12-16 09:59:18,873 - WARNING - Could not find registration number for horse: dhdq-One in Vermillion
2025-12-16 09:59:18,877 - WARNING - Could not find registration number for horse: dh-Casanovas Racy Miss
2025-12-16 09:59:18,963 - WARNING - Could not find registration number for horse: dh-How Did He Do That
2025-12-16 09:59:19,069 - WARNING - Could not find registration number for horse: dq-Colonel Klink
2025-12-16 09:59:19,364 - WARNING - Could not find registration number for horse: dq-Ivory Sin Frenos Mf
2025-12-16 09:59:19,685 - WARNING - Could not find registration number for horse: dq-Windys Sweet Favorit
2025-12-16 09:59:20,113 - WARNING - Could not find registration number for horse: dq-Red Surprise
2025-12-16 09:59:20,219 - WARNING - Could not find registration number for horse: dq-Gal With Authority
2025-12-16 09:59:20,300 - WARNING - Could not find registration number for horse: dq-Trs Justa Crazy Dale
2025-12-16 09:59:20,437 - WARNING - Could not find registration number for horse: dh-Presido Pete
2025-12-16 09:59:20,607 - WARNING - Could not find registration number for horse: dh-Relentless Fantsy
2025-12-16 09:59:20,649 - WARNING - Could not find registration number for horse: dh-Tripoli
2025-12-16 09:59:20,789 - WARNING - Could not find registration number for horse: dq-Ts My Wife Says Sell
2025-12-16 09:59:20,982 - WARNING - Could not find registration number for horse: dq-Silver Beemer
2025-12-16 09:59:21,288 - WARNING - Could not find registration number for horse: dh-Casanovas Racy Miss
2025-12-16 09:59:21,316 - WARNING - Could not find registration number for horse: dq-Colonel Klink
2025-12-16 09:59:21,336 - WARNING - Could not find registration number for horse: dh-Slippery Ann
2025-12-16 09:59:21,516 - WARNING - Could not find registration number for horse: dq-Hired Then Fired
2025-12-16 09:59:21,583 - WARNING - Could not find registration number for horse: dh-Ts Attack the End
2025-12-16 09:59:21,677 - WARNING - Could not find registration number for horse: dh-C Z Rocket
2025-12-16 09:59:21,684 - WARNING - Could not find registration number for horse: dq-Contrabandista
2025-12-16 09:59:21,767 - WARNING - Could not find registration number for horse: dq-Diamond of Ekati
2025-12-16 09:59:21,915 - WARNING - Could not find registration number for horse: dh-Risin Cowboy
2025-12-16 09:59:22,564 - WARNING - Could not find registration number for horse: dq-Colonel Klink
2025-12-16 09:59:22,870 - WARNING - Could not find registration number for horse: dq-Kissed a Cadet
2025-12-16 09:59:23,407 - WARNING - Could not find registration number for horse: dh-Babys Time to Sing
2025-12-16 09:59:23,432 - WARNING - Could not find registration number for horse: dq-Cottonwood Blossom
2025-12-16 09:59:23,444 - WARNING - Could not find registration number for horse: dh-Big Boss Ben
2025-12-16 09:59:23,455 - WARNING - Could not find registration number for horse: dh-Last Sentence
2025-12-16 09:59:23,560 - WARNING - Could not find registration number for horse: dh-Mystery Man
2025-12-16 09:59:23,617 - WARNING - Could not find registration number for horse: dq-Racing the Rails
2025-12-16 09:59:23,912 - WARNING - Could not find registration number for horse: dq-Whistler
2025-12-16 09:59:25,621 - WARNING - Could not find registration number for horse: dq-Big Beautiful Wall
2025-12-16 09:59:26,876 - WARNING - Could not find registration number for horse: dq-Jess a Rednec Cowboy
2025-12-16 09:59:27,028 - WARNING - Could not find registration number for horse: dq-Fire On Time
2025-12-16 09:59:27,278 - WARNING - Could not find registration number for horse: dq-Big Dreamer
2025-12-16 09:59:27,542 - INFO - Performing batch database update...
2025-12-16 09:59:27,624 - INFO - Updated 855 races with results
2025-12-16 09:59:27,799 - INFO - Processed 3700 files. Race updates: 31370, Entry updates: 228686
2025-12-16 09:59:27,838 - WARNING - Could not find registration number for horse: dh-Demidanu
2025-12-16 09:59:27,990 - INFO - Updated 5421 entries with results
2025-12-16 09:59:28,040 - WARNING - Could not find registration number for horse: dh-Girls in Charge
2025-12-16 09:59:28,220 - WARNING - Could not find registration number for horse: dq-Wizard Serrat
2025-12-16 09:59:28,296 - INFO - Inserted 4947 wagering records
2025-12-16 09:59:28,443 - INFO - Inserted 2407 fraction records
2025-12-16 09:59:28,564 - WARNING - Could not find registration number for horse: dq-Starship Rogue
2025-12-16 09:59:28,934 - WARNING - Could not find registration number for horse: dq-La Regalada
2025-12-16 09:59:28,976 - WARNING - Could not find registration number for horse: dq-Fearless Fly
2025-12-16 09:59:29,641 - WARNING - Could not find registration number for horse: dq-Smarty Pants Sandy
2025-12-16 09:59:29,715 - WARNING - Could not find registration number for horse: dq-Logan's Runner
2025-12-16 09:59:30,022 - WARNING - Could not find registration number for horse: dq-Lucky as a Seven
2025-12-16 09:59:30,174 - WARNING - Could not find registration number for horse: dq-Cinnamon Dream
2025-12-16 09:59:30,792 - WARNING - Could not find registration number for horse: dh-Dc One Sweet Lady
2025-12-16 09:59:30,944 - WARNING - Could not find registration number for horse: dq-Passage of Lines
2025-12-16 09:59:31,023 - INFO - Inserted 44346 position call records
2025-12-16 09:59:31,112 - WARNING - Could not find registration number for horse: dq-Witty
2025-12-16 09:59:31,191 - WARNING - Could not find registration number for horse: dh-Chicksfabulouscorona
2025-12-16 09:59:31,449 - WARNING - Could not find registration number for horse: dq-Texas Basin
2025-12-16 09:59:32,594 - WARNING - Could not find registration number for horse: dq-Satchel de Ritches
2025-12-16 09:59:32,795 - WARNING - Could not find registration number for horse: dq-Mr. Roundtree
2025-12-16 09:59:32,872 - WARNING - Could not find registration number for horse: dq-Petulant Delight
2025-12-16 09:59:32,901 - WARNING - Could not find registration number for horse: dq-It's Sizzling Time
2025-12-16 09:59:32,959 - WARNING - Could not find registration number for horse: dq-Ego Man
2025-12-16 09:59:33,169 - WARNING - Could not find registration number for horse: dq-Ifihadachance
2025-12-16 09:59:33,266 - WARNING - Could not find registration number for horse: dq-Whyisshesoolucky
2025-12-16 09:59:33,287 - WARNING - Could not find registration number for horse: dq-Fast Bob
2025-12-16 09:59:33,379 - WARNING - Could not find registration number for horse: dq-Afleet Diva
2025-12-16 09:59:33,638 - WARNING - Could not find registration number for horse: dq-My Hunny Bunny
2025-12-16 09:59:33,842 - WARNING - Could not find registration number for horse: dq-Mantaketheblesings
2025-12-16 09:59:34,092 - WARNING - Could not find registration number for horse: dq-Polar Wind
2025-12-16 09:59:34,100 - WARNING - Could not find registration number for horse: dq-Rockin Cowboy
2025-12-16 09:59:34,545 - WARNING - Could not find registration number for horse: dq-Cajun Cousin
2025-12-16 09:59:34,964 - WARNING - Could not find registration number for horse: dq-Marvelousmoondance
2025-12-16 09:59:35,125 - WARNING - Could not find registration number for horse: dq-Matoula
2025-12-16 09:59:35,716 - WARNING - Could not find registration number for horse: dh-Titanic Rose
2025-12-16 09:59:35,897 - WARNING - Could not find registration number for horse: dq-Moon Dog
2025-12-16 09:59:36,052 - WARNING - Could not find registration number for horse: dq-It's a Pity
2025-12-16 09:59:36,081 - WARNING - Could not find registration number for horse: dh-Kilimanjara
2025-12-16 09:59:36,444 - WARNING - Could not find registration number for horse: dh-Country Captain
2025-12-16 09:59:36,971 - WARNING - Could not find registration number for horse: dq-Finally Captured
2025-12-16 09:59:36,983 - WARNING - Could not find registration number for horse: dq-Navy Rules
2025-12-16 09:59:37,153 - WARNING - Could not find registration number for horse: dh-Double Dealer
2025-12-16 09:59:37,283 - WARNING - Could not find registration number for horse: dq-Big City Bob
2025-12-16 09:59:38,169 - WARNING - Could not find registration number for horse: dq-Cajun Cousin
2025-12-16 09:59:38,176 - WARNING - Could not find registration number for horse: dq-Jewels in the Bay
2025-12-16 09:59:39,320 - WARNING - Could not find registration number for horse: dq-Takemetothemoon
2025-12-16 09:59:39,419 - WARNING - Could not find registration number for horse: dq-Classy American
2025-12-16 09:59:39,450 - WARNING - Could not find registration number for horse: dh-Bahama Pearl
2025-12-16 09:59:39,496 - WARNING - Could not find registration number for horse: dh-Knock Out Kid
2025-12-16 09:59:40,042 - WARNING - Could not find registration number for horse: dq-Just Jeremy
2025-12-16 09:59:40,243 - WARNING - Could not find registration number for horse: dq-Nuedorf
2025-12-16 09:59:40,779 - WARNING - Could not find registration number for horse: dq-Boca Royalty
2025-12-16 09:59:40,901 - WARNING - Could not find registration number for horse: dq-Louella Street
2025-12-16 09:59:40,945 - INFO - Performing batch database update...
2025-12-16 09:59:41,049 - INFO - Updated 587 races with results
2025-12-16 09:59:41,317 - INFO - Updated 4397 entries with results
2025-12-16 09:59:41,364 - WARNING - Could not find registration number for horse: dh-Smooth B
2025-12-16 09:59:41,437 - WARNING - Could not find registration number for horse: dh-Baafeed
2025-12-16 09:59:41,524 - INFO - Inserted 3161 wagering records
2025-12-16 09:59:41,655 - INFO - Inserted 2206 fraction records
2025-12-16 09:59:42,004 - WARNING - Could not find registration number for horse: dh-Private Cabana
2025-12-16 09:59:42,165 - WARNING - Could not find registration number for horse: dh-Viral Video
2025-12-16 09:59:42,328 - WARNING - Could not find registration number for horse: dh-Whoosh
2025-12-16 09:59:42,396 - WARNING - Could not find registration number for horse: dq-Talented Man
2025-12-16 09:59:42,502 - WARNING - Could not find registration number for horse: dh-Separate Ways
2025-12-16 09:59:42,554 - WARNING - Could not find registration number for horse: dq-Rerally
2025-12-16 09:59:42,691 - INFO - Processed 3800 files. Race updates: 32392, Entry updates: 235961
2025-12-16 09:59:42,873 - WARNING - Could not find registration number for horse: dq-Road Call
2025-12-16 09:59:43,916 - INFO - Inserted 37026 position call records
2025-12-16 09:59:45,313 - WARNING - Could not find registration number for horse: dq-Incomparable
2025-12-16 09:59:45,500 - WARNING - Could not find registration number for horse: dh-Ira the Icon
2025-12-16 09:59:45,529 - WARNING - Could not find registration number for horse: dq-Lucky Flush
2025-12-16 09:59:45,711 - WARNING - Could not find registration number for horse: dh-Zoppi Fischbein
2025-12-16 09:59:46,343 - WARNING - Could not find registration number for horse: dhdq-Secret Shaker
2025-12-16 09:59:46,416 - WARNING - Could not find registration number for horse: dq-Bronx Tale
2025-12-16 09:59:46,467 - WARNING - Could not find registration number for horse: dq-Vp Savvy Chick
2025-12-16 09:59:46,470 - WARNING - Could not find registration number for horse: dq-Surviving the Storm
2025-12-16 09:59:46,471 - WARNING - Could not find registration number for horse: dh-Max in Heavenly
2025-12-16 09:59:46,723 - WARNING - Could not find registration number for horse: dh-Ladie Luck
2025-12-16 09:59:46,863 - WARNING - Could not find registration number for horse: dh-Chapmann
2025-12-16 09:59:46,926 - WARNING - Could not find registration number for horse: dh-Yiayia
2025-12-16 09:59:46,942 - WARNING - Could not find registration number for horse: dh-Jd Kandy Krush
2025-12-16 09:59:47,158 - WARNING - Could not find registration number for horse: dq-Dancers Pass
2025-12-16 09:59:47,429 - WARNING - Could not find registration number for horse: dq-Rebs a Streakin
2025-12-16 09:59:47,540 - WARNING - Could not find registration number for horse: dh-Wagon Dancer
2025-12-16 09:59:47,636 - WARNING - Could not find registration number for horse: dq-AA SWEET VICTORY
2025-12-16 09:59:47,818 - WARNING - Could not find registration number for horse: dh-Wuhan Madness
2025-12-16 09:59:47,818 - WARNING - Could not find registration number for horse: dh-Quick Mary Be Famous
2025-12-16 09:59:47,838 - WARNING - Could not find registration number for horse: dq-Kas Pecosa
2025-12-16 09:59:47,948 - WARNING - Could not find registration number for horse: dq-Flamingo
2025-12-16 09:59:48,040 - WARNING - Could not find registration number for horse: dh-Zooming for Muddy
2025-12-16 09:59:48,198 - WARNING - Could not find registration number for horse: dh-Superieur B
2025-12-16 09:59:48,215 - WARNING - Could not find registration number for horse: dq-Grand Hercules
2025-12-16 09:59:48,241 - WARNING - Could not find registration number for horse: dh-Jr Mitey Effort
2025-12-16 09:59:48,350 - WARNING - Could not find registration number for horse: dh-Do Reckless Train
2025-12-16 09:59:48,376 - WARNING - Could not find registration number for horse: dq-Dashing Courage
2025-12-16 09:59:48,393 - WARNING - Could not find registration number for horse: dh-Wagons of Kool
2025-12-16 09:59:48,512 - WARNING - Could not find registration number for horse: dh-Crb Beast
2025-12-16 09:59:48,629 - WARNING - Could not find registration number for horse: dq-Kiss My Hat
2025-12-16 09:59:48,836 - WARNING - Could not find registration number for horse: dh-Kiss Me Pretty Perry
2025-12-16 09:59:48,984 - WARNING - Could not find registration number for horse: dq-Em Real Bad Jetsie
2025-12-16 09:59:49,032 - WARNING - Could not find registration number for horse: dh-Mo Delirio
2025-12-16 09:59:49,095 - WARNING - Could not find registration number for horse: dh-Lucky Larry
2025-12-16 09:59:49,140 - WARNING - Could not find registration number for horse: dq-El Coronita Cartel
2025-12-16 09:59:49,170 - WARNING - Could not find registration number for horse: dq-Thrill and Fury
2025-12-16 09:59:49,186 - WARNING - Could not find registration number for horse: dq-Copper Pipes
2025-12-16 09:59:49,233 - WARNING - Could not find registration number for horse: dh-Lota Git It
2025-12-16 09:59:49,337 - WARNING - Could not find registration number for horse: dh-Mischievous Jones
2025-12-16 09:59:49,340 - WARNING - Could not find registration number for horse: dh-Rb American Patriot
2025-12-16 09:59:49,382 - WARNING - Could not find registration number for horse: dh-This Eagle Bites
2025-12-16 09:59:49,439 - WARNING - Could not find registration number for horse: dh-Sagans Star
2025-12-16 09:59:49,447 - WARNING - Could not find registration number for horse: Its Too Late Now
2025-12-16 09:59:49,632 - WARNING - Could not find registration number for horse: dq-Chilitas
2025-12-16 09:59:49,640 - WARNING - Could not find registration number for horse: dq-Lota Likes
2025-12-16 09:59:49,643 - WARNING - Could not find registration number for horse: dh-Shine On Fortuna
2025-12-16 09:59:49,652 - WARNING - Could not find registration number for horse: Its Too Late Now
2025-12-16 09:59:49,652 - WARNING - Could not find registration number for horse: dh-Freighttrainacumin
2025-12-16 09:59:49,664 - WARNING - Could not find registration number for horse: dh-Gigi Gets Half
2025-12-16 09:59:49,708 - WARNING - Could not find registration number for horse: dh-Formula Won
2025-12-16 09:59:49,759 - WARNING - Could not find registration number for horse: dq-The Rev Rocker
2025-12-16 09:59:49,864 - WARNING - Could not find registration number for horse: dh-Wagon Boss
2025-12-16 09:59:49,880 - WARNING - Could not find registration number for horse: dh-Goodtime in Texas
2025-12-16 09:59:49,904 - WARNING - Could not find registration number for horse: dh-Rudy Rod
2025-12-16 09:59:49,953 - WARNING - Could not find registration number for horse: dh-Essential Kiss
2025-12-16 09:59:50,050 - WARNING - Could not find registration number for horse: dh-El Dashingseparatist
2025-12-16 09:59:50,145 - WARNING - Could not find registration number for horse: dh-Steel Blood
2025-12-16 09:59:50,146 - WARNING - Could not find registration number for horse: dq-Classic California
2025-12-16 09:59:50,231 - WARNING - Could not find registration number for horse: dh-Cletajean
2025-12-16 09:59:50,277 - WARNING - Could not find registration number for horse: dh-Jmg Apollitical Capo
2025-12-16 09:59:50,325 - WARNING - Could not find registration number for horse: dh-Jb Shiner Bok
2025-12-16 09:59:50,336 - WARNING - Could not find registration number for horse: dq-Sapphire Boots
2025-12-16 09:59:50,619 - WARNING - Could not find registration number for horse: dq-Mountain Pass
2025-12-16 09:59:50,635 - WARNING - Could not find registration number for horse: dh-Sheza Big Diva
2025-12-16 09:59:50,706 - WARNING - Could not find registration number for horse: dq-Americas Icon
2025-12-16 09:59:50,750 - WARNING - Could not find registration number for horse: dh-Favorite Jess
2025-12-16 09:59:50,791 - WARNING - Could not find registration number for horse: dh-Ms Eye Opener
2025-12-16 09:59:50,855 - WARNING - Could not find registration number for horse: dh-Blu Jean Blues
2025-12-16 09:59:50,911 - WARNING - Could not find registration number for horse: dh-Elninodeorodepenasco
2025-12-16 09:59:50,993 - WARNING - Could not find registration number for horse: dq-Grand Hercules
2025-12-16 09:59:51,031 - WARNING - Could not find registration number for horse: dh-Ladys Charm Dynasty
2025-12-16 09:59:51,087 - WARNING - Could not find registration number for horse: dh-Cj Classy Sassy Chic
2025-12-16 09:59:51,111 - WARNING - Could not find registration number for horse: dh-Bp Coronas
2025-12-16 09:59:51,134 - WARNING - Could not find registration number for horse: dq-Copper Pipes
2025-12-16 09:59:51,156 - WARNING - Could not find registration number for horse: dq-Texan Corvette
2025-12-16 09:59:51,170 - WARNING - Could not find registration number for horse: dh-Jlc Run Bubba Run
2025-12-16 09:59:51,261 - WARNING - Could not find registration number for horse: dq-Daddys Velvet Cartel
2025-12-16 09:59:51,318 - WARNING - Could not find registration number for horse: dq-Lethal Fast Cash
2025-12-16 09:59:51,352 - WARNING - Could not find registration number for horse: dh-Hc La Negrita
2025-12-16 09:59:51,494 - WARNING - Could not find registration number for horse: dh-Hc Feliz Navidad
2025-12-16 09:59:51,549 - WARNING - Could not find registration number for horse: dq-Ottyes Royal
2025-12-16 09:59:51,614 - WARNING - Could not find registration number for horse: dq-Gonnabefirst
2025-12-16 09:59:51,621 - WARNING - Could not find registration number for horse: dh-One Mystery Lover V
2025-12-16 09:59:51,663 - WARNING - Could not find registration number for horse: dh-Jr the Famous Eagle
2025-12-16 09:59:51,768 - WARNING - Could not find registration number for horse: dq-Jingle and Go
2025-12-16 09:59:51,778 - WARNING - Could not find registration number for horse: dq-Burn the Evidence
2025-12-16 09:59:51,833 - WARNING - Could not find registration number for horse: dq-Jesstuffeyed Billy
2025-12-16 09:59:52,041 - WARNING - Could not find registration number for horse: dq-Five Bar Lady
2025-12-16 09:59:52,095 - WARNING - Could not find registration number for horse: dq-La Chicalinda
2025-12-16 09:59:52,226 - WARNING - Could not find registration number for horse: dh-Southern Tic Tac
2025-12-16 09:59:52,293 - WARNING - Could not find registration number for horse: dh-Toretto
2025-12-16 09:59:52,322 - WARNING - Could not find registration number for horse: dh-Stel Best Chance
2025-12-16 09:59:52,416 - WARNING - Could not find registration number for horse: dh-Jess Packn Heat
2025-12-16 09:59:52,487 - WARNING - Could not find registration number for horse: dq-Hit and Run
2025-12-16 09:59:52,516 - WARNING - Could not find registration number for horse: dh-Jess Grand Going
2025-12-16 09:59:52,527 - WARNING - Could not find registration number for horse: dq-Gato Siciliano
2025-12-16 09:59:52,626 - WARNING - Could not find registration number for horse: dh-Hitting the Ivory
2025-12-16 09:59:52,860 - WARNING - Could not find registration number for horse: dh-Diva Stone Fdd
2025-12-16 09:59:52,955 - WARNING - Could not find registration number for horse: dq-Nobby Walsh
2025-12-16 09:59:53,035 - WARNING - Could not find registration number for horse: dh-Moonflasheagle
2025-12-16 09:59:53,175 - WARNING - Could not find registration number for horse: dq-Walstreet Trader
2025-12-16 09:59:53,270 - WARNING - Could not find registration number for horse: dh-K W
2025-12-16 09:59:55,059 - WARNING - Could not find registration number for horse: dh-Big City Bane
2025-12-16 09:59:55,119 - WARNING - Could not find registration number for horse: dh-Twister First Digger
2025-12-16 09:59:55,123 - WARNING - Could not find registration number for horse: dh-Hesa Party Wagon
2025-12-16 09:59:55,186 - WARNING - Could not find registration number for horse: dh-Watch Out
2025-12-16 09:59:55,278 - WARNING - Could not find registration number for horse: dq-Ring Tailed Tooter
2025-12-16 09:59:55,415 - WARNING - Could not find registration number for horse: dh-Texas Long Bow
2025-12-16 09:59:55,774 - WARNING - Could not find registration number for horse: dh-Pepsi Chick
2025-12-16 09:59:55,971 - INFO - Performing batch database update...
2025-12-16 09:59:55,992 - WARNING - Could not find registration number for horse: dh-Angel 937
2025-12-16 09:59:56,047 - WARNING - Could not find registration number for horse: dh-Jl Apollitical Miss
2025-12-16 09:59:56,058 - INFO - Updated 753 races with results
2025-12-16 09:59:56,063 - WARNING - Could not find registration number for horse: dh-Pyc Jess for Fun
2025-12-16 09:59:56,119 - WARNING - Could not find registration number for horse: dh-Sickem
2025-12-16 09:59:56,579 - INFO - Updated 5509 entries with results
2025-12-16 09:59:56,764 - WARNING - Could not find registration number for horse: dh-Rip Wheeler
2025-12-16 09:59:56,785 - INFO - Inserted 3686 wagering records
2025-12-16 09:59:56,794 - INFO - Inserted 174 fraction records
2025-12-16 09:59:56,862 - WARNING - Could not find registration number for horse: dh-R Allie Kat
2025-12-16 09:59:56,895 - WARNING - Could not find registration number for horse: 00500
2025-12-16 09:59:57,013 - WARNING - Could not find registration number for horse: Little Dolls Party
2025-12-16 09:59:57,064 - WARNING - Could not find registration number for horse: dh-Apollitical War
2025-12-16 09:59:57,235 - WARNING - Could not find registration number for horse: dh-Perazzzi
2025-12-16 09:59:57,237 - WARNING - Could not find registration number for horse: dh-Ls Jacks Back
2025-12-16 09:59:57,281 - WARNING - Could not find registration number for horse: dh-Relentless Legacy
2025-12-16 09:59:57,287 - WARNING - Could not find registration number for horse: dq-Chilitas
2025-12-16 09:59:57,349 - WARNING - Could not find registration number for horse: dh-Shazoom On the Wagon
2025-12-16 09:59:57,478 - WARNING - Could not find registration number for horse: dh-One Handsome Jess V
2025-12-16 09:59:57,557 - WARNING - Could not find registration number for horse: dh-Jessies Hero
2025-12-16 09:59:57,665 - WARNING - Could not find registration number for horse: dh-Kallimani
2025-12-16 09:59:57,725 - WARNING - Could not find registration number for horse: Little Dolls Party
2025-12-16 09:59:57,831 - INFO - Processed 3900 files. Race updates: 33363, Entry updates: 243388
2025-12-16 09:59:57,857 - WARNING - Could not find registration number for horse: dh-Firstly
2025-12-16 09:59:57,978 - WARNING - Could not find registration number for horse: dh-Sensational Courage
2025-12-16 09:59:58,065 - WARNING - Could not find registration number for horse: dh-Cato Fong
2025-12-16 09:59:58,193 - WARNING - Could not find registration number for horse: dh-Shaydom
2025-12-16 09:59:58,250 - WARNING - Could not find registration number for horse: dh-Waving Her Corona
2025-12-16 09:59:58,495 - WARNING - Could not find registration number for horse: dh-Midnight Ryde
2025-12-16 09:59:58,546 - WARNING - Could not find registration number for horse: dh-Designated Eagle
2025-12-16 09:59:58,564 - WARNING - Could not find registration number for horse: dh-Sausalito 100
2025-12-16 09:59:58,602 - WARNING - Could not find registration number for horse: dh-Oceans 13
2025-12-16 09:59:58,665 - WARNING - Could not find registration number for horse: dh-Howthestorygoes
2025-12-16 09:59:58,810 - WARNING - Could not find registration number for horse: dh-Favorite Movie
2025-12-16 09:59:59,446 - INFO - Inserted 44412 position call records
2025-12-16 09:59:59,453 - WARNING - Could not find registration number for horse: dh-Capsure the Magic
2025-12-16 09:59:59,880 - WARNING - Could not find registration number for horse: dh-The Osc Jefa
2025-12-16 10:00:00,071 - WARNING - Could not find registration number for horse: dh-Jess a Livewire
2025-12-16 10:00:00,460 - WARNING - Could not find registration number for horse: dh-Seperate Lyft
2025-12-16 10:00:01,068 - WARNING - Could not find registration number for horse: dh-Stone Cold Leader
2025-12-16 10:00:01,261 - WARNING - Could not find registration number for horse: dh-Just a Kool Boy
2025-12-16 10:00:01,878 - WARNING - Could not find registration number for horse: dh-Partylikearocstar
2025-12-16 10:00:01,931 - WARNING - Could not find registration number for horse: dh-Dashin Lewee
2025-12-16 10:00:02,258 - WARNING - Could not find registration number for horse: dh-Southern Swagger
2025-12-16 10:00:02,262 - WARNING - Could not find registration number for horse: dh-Mega Bond
2025-12-16 10:00:02,378 - WARNING - Could not find registration number for horse: dh-Deesdrinking Doubles
2025-12-16 10:00:02,460 - WARNING - Could not find registration number for horse: dh-Country Boy Floyd
2025-12-16 10:00:02,555 - WARNING - Could not find registration number for horse: dh-Misstic Coronita
2025-12-16 10:00:02,628 - WARNING - Could not find registration number for horse: dh-Just Chillin
2025-12-16 10:00:03,023 - WARNING - Could not find registration number for horse: dq-Dakota Gurl
2025-12-16 10:00:03,486 - WARNING - Could not find registration number for horse: dh-Miss Dashing Streak
2025-12-16 10:00:03,514 - WARNING - Could not find registration number for horse: dh-Jess Right Now
2025-12-16 10:00:03,522 - WARNING - Could not find registration number for horse: dq-Kentucky Dawn
2025-12-16 10:00:03,600 - WARNING - Could not find registration number for horse: dh-Miss Triana
2025-12-16 10:00:03,678 - WARNING - Could not find registration number for horse: dh-Tres Seis 727
2025-12-16 10:00:03,682 - WARNING - Could not find registration number for horse: dh-Jess Desert Rose
2025-12-16 10:00:04,815 - WARNING - Could not find registration number for horse: dh-Peves Big Hoss
2025-12-16 10:00:05,055 - WARNING - Could not find registration number for horse: dh-Jc Wild Queen
2025-12-16 10:00:05,132 - WARNING - Could not find registration number for horse: dq-Connors Outlaw
2025-12-16 10:00:05,202 - WARNING - Could not find registration number for horse: dq-Saturday's Gold
2025-12-16 10:00:05,204 - WARNING - Could not find registration number for horse: dh-Duanes Howd Id Do
2025-12-16 10:00:05,262 - WARNING - Could not find registration number for horse: dh-Laridae
2025-12-16 10:00:05,357 - WARNING - Could not find registration number for horse: dh-Hopgun
2025-12-16 10:00:05,391 - WARNING - Could not find registration number for horse: dq-Twentyone N Change
2025-12-16 10:00:05,940 - WARNING - Could not find registration number for horse: 00500
2025-12-16 10:00:05,957 - WARNING - Could not find registration number for horse: dh-Rosy Edge
2025-12-16 10:00:06,051 - WARNING - Could not find registration number for horse: dh-Sure Shot Shelly
2025-12-16 10:00:06,240 - WARNING - Could not find registration number for horse: dh-A Political Eye
2025-12-16 10:00:06,283 - WARNING - Could not find registration number for horse: dh-Jazzy Lassie
2025-12-16 10:00:06,579 - WARNING - Could not find registration number for horse: dh-Sword of Gold
2025-12-16 10:00:06,642 - WARNING - Could not find registration number for horse: dh-Promise Code
2025-12-16 10:00:07,098 - WARNING - Could not find registration number for horse: dh-Claudette Heir
2025-12-16 10:00:07,107 - WARNING - Could not find registration number for horse: dh-Shes Reagle
2025-12-16 10:00:07,126 - WARNING - Could not find registration number for horse: dh-Da Solitario
2025-12-16 10:00:07,271 - WARNING - Could not find registration number for horse: dh-Lake Bee
2025-12-16 10:00:07,296 - WARNING - Could not find registration number for horse: dh-Sinnin N Grinnin
2025-12-16 10:00:07,483 - WARNING - Could not find registration number for horse: dh-Ragan's Jet
2025-12-16 10:00:07,571 - WARNING - Could not find registration number for horse: dh-Lethal Beast
2025-12-16 10:00:07,666 - WARNING - Could not find registration number for horse: dh-Jessa Beast
2025-12-16 10:00:07,893 - WARNING - Could not find registration number for horse: dh-Ginger Browne
2025-12-16 10:00:08,002 - WARNING - Could not find registration number for horse: Little Dolls Party
2025-12-16 10:00:08,862 - WARNING - Could not find registration number for horse: dh-Inocent Bystander
2025-12-16 10:00:09,004 - WARNING - Could not find registration number for horse: dh-Just Ask Watts
2025-12-16 10:00:09,400 - WARNING - Could not find registration number for horse: dh-Toro Santo
2025-12-16 10:00:09,908 - WARNING - Could not find registration number for horse: dh-Franz
2025-12-16 10:00:09,955 - WARNING - Could not find registration number for horse: dh-Tater
2025-12-16 10:00:10,074 - WARNING - Could not find registration number for horse: dq-Poseidons Wave
2025-12-16 10:00:11,053 - WARNING - Could not find registration number for horse: dh-Sea Level
2025-12-16 10:00:11,109 - WARNING - Could not find registration number for horse: dh-Triple L's Cutter
2025-12-16 10:00:11,135 - WARNING - Could not find registration number for horse: dh-Fearless Prince
2025-12-16 10:00:11,182 - WARNING - Could not find registration number for horse: dh-Punch Em
2025-12-16 10:00:12,014 - WARNING - Could not find registration number for horse: dh-Lawless Wallace
2025-12-16 10:00:12,108 - WARNING - Could not find registration number for horse: dh-Lethal Viking
2025-12-16 10:00:12,204 - WARNING - Could not find registration number for horse: dh-Acapulco Bay
2025-12-16 10:00:12,233 - WARNING - Could not find registration number for horse: dh-Over Da Edge
2025-12-16 10:00:12,347 - WARNING - Could not find registration number for horse: dh-Black Jack Patriot
2025-12-16 10:00:12,374 - WARNING - Could not find registration number for horse: dh-Kinda Temted Z
2025-12-16 10:00:12,410 - WARNING - Could not find registration number for horse: dh-Prince of Earl
2025-12-16 10:00:12,456 - WARNING - Could not find registration number for horse: dh-Slick Country Boy
2025-12-16 10:00:12,674 - WARNING - Could not find registration number for horse: dh-Roar Like a Lion
2025-12-16 10:00:13,245 - WARNING - Could not find registration number for horse: dq-Social Club
2025-12-16 10:00:13,265 - WARNING - Could not find registration number for horse: dh-Ace Hygh
2025-12-16 10:00:13,504 - INFO - Performing batch database update...
2025-12-16 10:00:13,650 - INFO - Updated 844 races with results
2025-12-16 10:00:13,806 - WARNING - Could not find registration number for horse: dh-New Cut Road
2025-12-16 10:00:13,938 - WARNING - Could not find registration number for horse: dh-Wealth N Health
2025-12-16 10:00:14,061 - INFO - Updated 7069 entries with results
2025-12-16 10:00:14,138 - INFO - Processed 4000 files. Race updates: 34336, Entry updates: 251252
2025-12-16 10:00:14,247 - INFO - Inserted 3598 wagering records
2025-12-16 10:00:14,554 - INFO - Inserted 2083 fraction records
2025-12-16 10:00:14,978 - WARNING - Could not find registration number for horse: dh-Ma Classy Queen
2025-12-16 10:00:15,076 - WARNING - Could not find registration number for horse: dh-Jess Sweet Intention
2025-12-16 10:00:15,220 - WARNING - Could not find registration number for horse: dh-Dankeshayne
2025-12-16 10:00:15,223 - WARNING - Could not find registration number for horse: dh-Seza Bold Jesse
2025-12-16 10:00:15,259 - WARNING - Could not find registration number for horse: dh-Town Peak Senator
2025-12-16 10:00:15,327 - WARNING - Could not find registration number for horse: dh-The Rite One
2025-12-16 10:00:15,340 - WARNING - Could not find registration number for horse: dq-Drinkroundthetruth
2025-12-16 10:00:15,348 - WARNING - Could not find registration number for horse: dh-Money Flashin
2025-12-16 10:00:15,461 - WARNING - Could not find registration number for horse: dh-Bv Higher Power
2025-12-16 10:00:15,658 - WARNING - Could not find registration number for horse: dq-Apollitical Wzy
2025-12-16 10:00:15,831 - WARNING - Could not find registration number for horse: dh-Sheza Fastone Rb
2025-12-16 10:00:16,024 - WARNING - Could not find registration number for horse: dh-Wr Ruby Red Rose
2025-12-16 10:00:16,337 - WARNING - Could not find registration number for horse: dh-Ap Scout
2025-12-16 10:00:16,383 - WARNING - Could not find registration number for horse: dq-El Quemadito
2025-12-16 10:00:16,532 - WARNING - Could not find registration number for horse: dh-Politics Gone Wild
2025-12-16 10:00:16,923 - WARNING - Could not find registration number for horse: dq-Wasting Light
2025-12-16 10:00:16,986 - WARNING - Could not find registration number for horse: dh-Holy Bullet
2025-12-16 10:00:17,060 - WARNING - Could not find registration number for horse: dh-Apollitical Boogie J
2025-12-16 10:00:17,502 - WARNING - Could not find registration number for horse: dh-Sports Idol
2025-12-16 10:00:17,550 - WARNING - Could not find registration number for horse: dh-Flyn Eyes
2025-12-16 10:00:17,628 - INFO - Inserted 52284 position call records
2025-12-16 10:00:17,632 - WARNING - Could not find registration number for horse: dh-Sassin Fire
2025-12-16 10:00:17,700 - WARNING - Could not find registration number for horse: dh-Escape Room
2025-12-16 10:00:17,715 - WARNING - Could not find registration number for horse: dq-Hesa Gamer
2025-12-16 10:00:17,929 - WARNING - Could not find registration number for horse: dq-El Diamante Pa
2025-12-16 10:00:18,046 - WARNING - Could not find registration number for horse: dq-Al Siete D Copas
2025-12-16 10:00:18,267 - WARNING - Could not find registration number for horse: dq-Tee Roy
2025-12-16 10:00:18,282 - WARNING - Could not find registration number for horse: dh-Favorite Valentine Z
2025-12-16 10:00:18,332 - WARNING - Could not find registration number for horse: dh-Pitchins Favorite
2025-12-16 10:00:18,389 - WARNING - Could not find registration number for horse: dq-Aj Lucky Winner
2025-12-16 10:00:18,603 - WARNING - Could not find registration number for horse: dq-Hs Hawk
2025-12-16 10:00:18,829 - WARNING - Could not find registration number for horse: dh-One Valiant Love
2025-12-16 10:00:18,839 - WARNING - Could not find registration number for horse: Just One Too Many
2025-12-16 10:00:18,854 - WARNING - Could not find registration number for horse: dq-Jess One Hot Chick
2025-12-16 10:00:18,915 - WARNING - Could not find registration number for horse: dq-Spiritual Advisor
2025-12-16 10:00:18,928 - WARNING - Could not find registration number for horse: dh-Trane Station V
2025-12-16 10:00:19,042 - WARNING - Could not find registration number for horse: dq-Sting Cartel V
2025-12-16 10:00:19,283 - WARNING - Could not find registration number for horse: dq-Six Pack Royal
2025-12-16 10:00:19,446 - WARNING - Could not find registration number for horse: dq-Special Moment
2025-12-16 10:00:19,450 - WARNING - Could not find registration number for horse: dq-Princess Celina
2025-12-16 10:00:19,458 - WARNING - Could not find registration number for horse: dh-Warm Red Wine
2025-12-16 10:00:19,516 - WARNING - Could not find registration number for horse: dq-Zero Zero Siete
2025-12-16 10:00:19,656 - WARNING - Could not find registration number for horse: dq-Gabriel
2025-12-16 10:00:19,676 - WARNING - Could not find registration number for horse: dq-Sandy Rose
2025-12-16 10:00:19,683 - WARNING - Could not find registration number for horse: dh-Ride Around
2025-12-16 10:00:19,962 - WARNING - Could not find registration number for horse: dq-Eyeonagoodtime
2025-12-16 10:00:20,070 - WARNING - Could not find registration number for horse: dh-Cant Pass This One
2025-12-16 10:00:20,170 - WARNING - Could not find registration number for horse: dh-Top Cowboy
2025-12-16 10:00:20,369 - WARNING - Could not find registration number for horse: dq-Rb Legacy
2025-12-16 10:00:20,482 - WARNING - Could not find registration number for horse: dh-Really Big News
2025-12-16 10:00:20,594 - WARNING - Could not find registration number for horse: dq-Ace Hygh
2025-12-16 10:00:20,600 - WARNING - Could not find registration number for horse: dq-Six Feet
2025-12-16 10:00:20,707 - WARNING - Could not find registration number for horse: dh-Wyfire
2025-12-16 10:00:20,960 - WARNING - Could not find registration number for horse: dh-Relentless Eagle
2025-12-16 10:00:21,144 - WARNING - Could not find registration number for horse: dh-Its a Ruidoso Weddin
2025-12-16 10:00:21,291 - WARNING - Could not find registration number for horse: dq-Mimis Delight
2025-12-16 10:00:21,326 - WARNING - Could not find registration number for horse: dq-Jess Valiant Z
2025-12-16 10:00:21,487 - WARNING - Could not find registration number for horse: dq-Abstract Lilly
2025-12-16 10:00:23,924 - WARNING - Could not find registration number for horse: dq-Fly On Down
2025-12-16 10:00:24,317 - WARNING - Could not find registration number for horse: dh-Rock a Jess V
2025-12-16 10:00:24,436 - WARNING - Could not find registration number for horse: dh-Quagmire Magic
2025-12-16 10:00:24,460 - WARNING - Could not find registration number for horse: dh-Two Seven
2025-12-16 10:00:24,677 - WARNING - Could not find registration number for horse: dh-Rexford
2025-12-16 10:00:24,767 - WARNING - Could not find registration number for horse: dh-A Scooter With Sisu
2025-12-16 10:00:24,771 - WARNING - Could not find registration number for horse: dq-Drinkroundthetruth
2025-12-16 10:00:24,949 - WARNING - Could not find registration number for horse: dh-Jess Good Wine
2025-12-16 10:00:24,958 - WARNING - Could not find registration number for horse: dq-Hope Hes Special
2025-12-16 10:00:24,980 - WARNING - Could not find registration number for horse: dh-Maudest Moonflash
2025-12-16 10:00:25,142 - WARNING - Could not find registration number for horse: dq-White Lightenin
2025-12-16 10:00:25,149 - WARNING - Could not find registration number for horse: dh-A S Cartel Kat
2025-12-16 10:00:25,149 - WARNING - Could not find registration number for horse: dh-Bp Down to Policies
2025-12-16 10:00:25,349 - WARNING - Could not find registration number for horse: dh-One Famous Trick
2025-12-16 10:00:25,546 - WARNING - Could not find registration number for horse: dq-Baylor
2025-12-16 10:00:25,663 - WARNING - Could not find registration number for horse: dq-Band of Glory
2025-12-16 10:00:26,739 - WARNING - Could not find registration number for horse: Just One Too Many
2025-12-16 10:00:27,627 - WARNING - Could not find registration number for horse: dh-Go Diego
2025-12-16 10:00:27,642 - WARNING - Could not find registration number for horse: dq-Cartel N Sass
2025-12-16 10:00:27,999 - WARNING - Could not find registration number for horse: dh-Jess for Your Lady
2025-12-16 10:00:28,041 - INFO - Performing batch database update...
2025-12-16 10:00:28,113 - INFO - Updated 558 races with results
2025-12-16 10:00:28,369 - WARNING - Could not find registration number for horse: dh-Brigid Thornton
2025-12-16 10:00:28,393 - INFO - Updated 4770 entries with results
2025-12-16 10:00:28,557 - WARNING - Could not find registration number for horse: dh-Cowboy Coach
2025-12-16 10:00:28,571 - INFO - Inserted 3237 wagering records
2025-12-16 10:00:28,670 - INFO - Inserted 1870 fraction records
2025-12-16 10:00:28,707 - WARNING - Could not find registration number for horse: dh-Im No Lawyer Butt
2025-12-16 10:00:29,059 - WARNING - Could not find registration number for horse: dh-The Springs
2025-12-16 10:00:29,110 - WARNING - Could not find registration number for horse: dq-Anmer Hall
2025-12-16 10:00:29,261 - WARNING - Could not find registration number for horse: dq-Vegan
2025-12-16 10:00:29,264 - WARNING - Could not find registration number for horse: dq-I Get Stormed
2025-12-16 10:00:29,265 - WARNING - Could not find registration number for horse: dq-Who U Daddy
2025-12-16 10:00:29,285 - WARNING - Could not find registration number for horse: dq-Bella Renella
2025-12-16 10:00:29,908 - WARNING - Could not find registration number for horse: dh-Madiha
2025-12-16 10:00:29,949 - WARNING - Could not find registration number for horse: dq-Ice Queen
2025-12-16 10:00:29,991 - WARNING - Could not find registration number for horse: dq-Big Splash
2025-12-16 10:00:30,144 - WARNING - Could not find registration number for horse: dh-Sunshine Babe
2025-12-16 10:00:30,638 - WARNING - Could not find registration number for horse: dq-Warrior's Moon
2025-12-16 10:00:30,688 - WARNING - Could not find registration number for horse: dh-Beaux Dashes
2025-12-16 10:00:30,831 - WARNING - Could not find registration number for horse: dq-Forgiving Spirit
2025-12-16 10:00:30,854 - WARNING - Could not find registration number for horse: dq-Flatterwithjewels
2025-12-16 10:00:30,956 - WARNING - Could not find registration number for horse: dq-Giver Not a Taker
2025-12-16 10:00:31,055 - WARNING - Could not find registration number for horse: dh-Kung Fu King
2025-12-16 10:00:31,066 - INFO - Inserted 38970 position call records
2025-12-16 10:00:31,068 - WARNING - Could not find registration number for horse: dq-Crew Dragon
2025-12-16 10:00:31,133 - INFO - Processed 4100 files. Race updates: 35349, Entry updates: 259273
2025-12-16 10:00:31,431 - WARNING - Could not find registration number for horse: dq-Nineeleventurbo
2025-12-16 10:00:31,544 - WARNING - Could not find registration number for horse: dq-Bella Renella
2025-12-16 10:00:32,063 - WARNING - Could not find registration number for horse: dq-Irondale
2025-12-16 10:00:32,532 - WARNING - Could not find registration number for horse: dh-Mainstreet Warrior
2025-12-16 10:00:32,730 - WARNING - Could not find registration number for horse: dq-Big Celebration
2025-12-16 10:00:32,857 - WARNING - Could not find registration number for horse: dq-Black Jack Patriot
2025-12-16 10:00:32,880 - WARNING - Could not find registration number for horse: dh-Eye On Kia
2025-12-16 10:00:32,945 - WARNING - Could not find registration number for horse: dq-Kitzkaty
2025-12-16 10:00:32,995 - WARNING - Could not find registration number for horse: dh-One Fast Game
2025-12-16 10:00:33,016 - WARNING - Could not find registration number for horse: dq-Gypsy King
2025-12-16 10:00:33,081 - WARNING - Could not find registration number for horse: dq-Sea of Cortez (IRE)
2025-12-16 10:00:33,092 - WARNING - Could not find registration number for horse: dh-Three Times a Lady
2025-12-16 10:00:33,104 - WARNING - Could not find registration number for horse: dq-Circle of Trust
2025-12-16 10:00:33,416 - WARNING - Could not find registration number for horse: dq-The Giants Candy
2025-12-16 10:00:33,613 - WARNING - Could not find registration number for horse: dh-Calm Sea
2025-12-16 10:00:33,917 - WARNING - Could not find registration number for horse: dh-Hula Candy
2025-12-16 10:00:34,840 - WARNING - Could not find registration number for horse: dq-Hero's Medal
2025-12-16 10:00:35,470 - WARNING - Could not find registration number for horse: dh-Steerage
2025-12-16 10:00:35,643 - WARNING - Could not find registration number for horse: dh-Alpha Sonny
2025-12-16 10:00:35,841 - WARNING - Could not find registration number for horse: dh-Hamilton's Way
2025-12-16 10:00:35,887 - WARNING - Could not find registration number for horse: dh-Pentathlon
2025-12-16 10:00:37,031 - WARNING - Could not find registration number for horse: dq-Impec (IRE)
2025-12-16 10:00:37,464 - WARNING - Could not find registration number for horse: dq-Smart Uncle
2025-12-16 10:00:37,576 - WARNING - Could not find registration number for horse: dq-Eyes On Target
2025-12-16 10:00:40,026 - WARNING - Could not find registration number for horse: dq-Vegas Burner
2025-12-16 10:00:40,084 - WARNING - Could not find registration number for horse: dh-No More Talk
2025-12-16 10:00:40,121 - WARNING - Could not find registration number for horse: dq-Let's Go Big Blue
2025-12-16 10:00:40,225 - WARNING - Could not find registration number for horse: dh-Nostalgic One
2025-12-16 10:00:40,349 - WARNING - Could not find registration number for horse: dq-Lucky for You
2025-12-16 10:00:40,395 - WARNING - Could not find registration number for horse: dh-Variable Cost (GB)
2025-12-16 10:00:40,462 - WARNING - Could not find registration number for horse: dh-First Deputy
2025-12-16 10:00:40,465 - WARNING - Could not find registration number for horse: dq-Big Gift
2025-12-16 10:00:40,702 - WARNING - Could not find registration number for horse: dq-Pour On the Cole
2025-12-16 10:00:41,320 - WARNING - Could not find registration number for horse: dq-Vin Santo
2025-12-16 10:00:41,621 - WARNING - Could not find registration number for horse: dh-Tresjetdash
2025-12-16 10:00:41,645 - WARNING - Could not find registration number for horse: dh-High Power Icon
2025-12-16 10:00:41,658 - WARNING - Could not find registration number for horse: dq-Taxed
2025-12-16 10:00:41,670 - WARNING - Could not find registration number for horse: dh-Might B Southern
2025-12-16 10:00:42,081 - WARNING - Could not find registration number for horse: dq-Stretch Run
2025-12-16 10:00:42,240 - WARNING - Could not find registration number for horse: dh-Cobre
2025-12-16 10:00:42,252 - WARNING - Could not find registration number for horse: dh-Trinyti
2025-12-16 10:00:42,295 - WARNING - Could not find registration number for horse: dh-Eyem the Man Delfin
2025-12-16 10:00:42,403 - WARNING - Could not find registration number for horse: dh-American Flyer
2025-12-16 10:00:42,458 - WARNING - Could not find registration number for horse: dh-Kool N Ez
2025-12-16 10:00:42,489 - WARNING - Could not find registration number for horse: dh-Mr. Fighter
2025-12-16 10:00:42,594 - WARNING - Could not find registration number for horse: dh-Concord Bridge
2025-12-16 10:00:43,002 - WARNING - Could not find registration number for horse: dq-Won Sassy Ride
2025-12-16 10:00:43,106 - WARNING - Could not find registration number for horse: dh-Whiskey Rain
2025-12-16 10:00:43,295 - WARNING - Could not find registration number for horse: dh-Que Sera Sir Ralph
2025-12-16 10:00:43,328 - WARNING - Could not find registration number for horse: dhdq-Wildstarinthesky
2025-12-16 10:00:43,437 - WARNING - Could not find registration number for horse: dh-Rappers Thief
2025-12-16 10:00:43,515 - WARNING - Could not find registration number for horse: dh-Wine and Whisky
2025-12-16 10:00:43,576 - WARNING - Could not find registration number for horse: dh-First Moon Destiny
2025-12-16 10:00:43,600 - WARNING - Could not find registration number for horse: dh-Fs Big Daddys Jane
2025-12-16 10:00:43,674 - WARNING - Could not find registration number for horse: dh-Ef Facile Dynasty
2025-12-16 10:00:43,731 - WARNING - Could not find registration number for horse: dh-Six Eagles Moon You
2025-12-16 10:00:43,754 - WARNING - Could not find registration number for horse: dq-Using Nitro
2025-12-16 10:00:43,789 - WARNING - Could not find registration number for horse: dq-Running Rebel
2025-12-16 10:00:43,839 - WARNING - Could not find registration number for horse: dq-Daddys First Fire
2025-12-16 10:00:43,841 - WARNING - Could not find registration number for horse: dh-Cautiousnoptimistic
2025-12-16 10:00:43,920 - WARNING - Could not find registration number for horse: dq-Mr James Rocket
2025-12-16 10:00:44,070 - WARNING - Could not find registration number for horse: dh-Hes Audacious
2025-12-16 10:00:44,240 - WARNING - Could not find registration number for horse: dh-Papalotes Vike
2025-12-16 10:00:44,240 - WARNING - Could not find registration number for horse: dq-Wild Firemaker
2025-12-16 10:00:44,306 - INFO - Performing batch database update...
2025-12-16 10:00:44,407 - INFO - Updated 919 races with results
2025-12-16 10:00:44,574 - WARNING - Could not find registration number for horse: dh-High Kicking Eagle
2025-12-16 10:00:44,649 - WARNING - Could not find registration number for horse: dh-Delightful Interest
2025-12-16 10:00:44,799 - WARNING - Could not find registration number for horse: dq-Saturncloud
2025-12-16 10:00:44,819 - INFO - Updated 7241 entries with results
2025-12-16 10:00:44,874 - WARNING - Could not find registration number for horse: dq-Elegant Boy
2025-12-16 10:00:44,951 - WARNING - Could not find registration number for horse: dh-Nola Brees
2025-12-16 10:00:45,082 - WARNING - Could not find registration number for horse: dh-Ec Prosperity
2025-12-16 10:00:45,102 - INFO - Inserted 4800 wagering records
2025-12-16 10:00:45,238 - INFO - Inserted 2492 fraction records
2025-12-16 10:00:45,261 - WARNING - Could not find registration number for horse: dh-Rouge Eagle
2025-12-16 10:00:45,267 - WARNING - Could not find registration number for horse: dh-Credible
2025-12-16 10:00:45,270 - INFO - Processed 4200 files. Race updates: 36323, Entry updates: 266528
2025-12-16 10:00:45,329 - WARNING - Could not find registration number for horse: dh-Time Heist
2025-12-16 10:00:45,691 - WARNING - Could not find registration number for horse: dq-Elunicodecandy
2025-12-16 10:00:45,735 - WARNING - Could not find registration number for horse: dh-Bregman
2025-12-16 10:00:45,819 - WARNING - Could not find registration number for horse: dq-Million Air Eagle
2025-12-16 10:00:45,825 - WARNING - Could not find registration number for horse: dh-Uncle Shine
2025-12-16 10:00:45,897 - WARNING - Could not find registration number for horse: dq-Mattie Jane
2025-12-16 10:00:45,909 - WARNING - Could not find registration number for horse: dh-Brother Jess
2025-12-16 10:00:45,937 - WARNING - Could not find registration number for horse: dh-Eyesa Forrest
2025-12-16 10:00:46,008 - WARNING - Could not find registration number for horse: dh-Playin Quarters
2025-12-16 10:00:46,061 - WARNING - Could not find registration number for horse: dh-Sundanz
2025-12-16 10:00:46,164 - WARNING - Could not find registration number for horse: dh-Rally Up the Alley
2025-12-16 10:00:46,540 - WARNING - Could not find registration number for horse: dq-Dm Frankie Blue Eyes
2025-12-16 10:00:47,297 - WARNING - Could not find registration number for horse: dq-Alamo Lake
2025-12-16 10:00:47,400 - WARNING - Could not find registration number for horse: dh-Pilot Bound
2025-12-16 10:00:47,500 - WARNING - Could not find registration number for horse: dh-Frank James Jr
2025-12-16 10:00:47,532 - WARNING - Could not find registration number for horse: dq-Jess King Max
2025-12-16 10:00:48,002 - WARNING - Could not find registration number for horse: dh-A Candy Dynasty
2025-12-16 10:00:48,032 - WARNING - Could not find registration number for horse: dh-Midnight Special B
2025-12-16 10:00:48,058 - WARNING - Could not find registration number for horse: dq-Maka Roon
2025-12-16 10:00:48,161 - WARNING - Could not find registration number for horse: dh-Dashing Chapo
2025-12-16 10:00:48,161 - WARNING - Could not find registration number for horse: dh-Get Spooled
2025-12-16 10:00:48,252 - WARNING - Could not find registration number for horse: dh-Woodkiss Covit
2025-12-16 10:00:48,293 - WARNING - Could not find registration number for horse: dq-Discreet Tiger
2025-12-16 10:00:48,307 - WARNING - Could not find registration number for horse: dh-Flat Out Gittin It
2025-12-16 10:00:48,348 - WARNING - Could not find registration number for horse: dh-Nomos
2025-12-16 10:00:48,372 - INFO - Inserted 49386 position call records
2025-12-16 10:00:48,388 - WARNING - Could not find registration number for horse: dq-Hes Flyin Ryan
2025-12-16 10:00:48,615 - WARNING - Could not find registration number for horse: dh-Gran Manna
2025-12-16 10:00:48,761 - WARNING - Could not find registration number for horse: dq-Sofi
2025-12-16 10:00:48,807 - WARNING - Could not find registration number for horse: dq-Wildroses101
2025-12-16 10:00:48,936 - WARNING - Could not find registration number for horse: dq-Macdara
2025-12-16 10:00:48,944 - WARNING - Could not find registration number for horse: dq-Md Chiquity Boot
2025-12-16 10:00:48,997 - WARNING - Could not find registration number for horse: dq-Tempting Barbie
2025-12-16 10:00:49,168 - WARNING - Could not find registration number for horse: dh-Hot Candy Mess
2025-12-16 10:00:49,238 - WARNING - Could not find registration number for horse: dq-Wl Soulja Boy
2025-12-16 10:00:49,438 - WARNING - Could not find registration number for horse: dh-Zippin by U
2025-12-16 10:00:49,504 - WARNING - Could not find registration number for horse: dq-A Reliable Cartel V
2025-12-16 10:00:49,659 - WARNING - Could not find registration number for horse: dq-Ez On My Mind
2025-12-16 10:00:50,349 - WARNING - Could not find registration number for horse: dq-La Brujita Mayor
2025-12-16 10:00:50,349 - WARNING - Could not find registration number for horse: dq-Separate Traffic
2025-12-16 10:00:50,452 - WARNING - Could not find registration number for horse: dh-E Bar Scout
2025-12-16 10:00:50,485 - WARNING - Could not find registration number for horse: dh-Mr Perry Moon
2025-12-16 10:00:50,546 - WARNING - Could not find registration number for horse: dh-Mountain Vike
2025-12-16 10:00:50,581 - WARNING - Could not find registration number for horse: dq-J El Soverano
2025-12-16 10:00:50,582 - WARNING - Could not find registration number for horse: dh-Roll On Camron
2025-12-16 10:00:50,607 - WARNING - Could not find registration number for horse: dh-Saltie Fire
2025-12-16 10:00:50,748 - WARNING - Could not find registration number for horse: dh-He's No Yoke
2025-12-16 10:00:50,765 - WARNING - Could not find registration number for horse: dq-Moon Jumpn Jessica
2025-12-16 10:00:50,806 - WARNING - Could not find registration number for horse: dq-Hot Mechanic
2025-12-16 10:00:50,812 - WARNING - Could not find registration number for horse: dh-Amaryillis
2025-12-16 10:00:50,911 - WARNING - Could not find registration number for horse: dq-Politics Gone Wild
2025-12-16 10:00:51,059 - WARNING - Could not find registration number for horse: dh-Kings Touch
2025-12-16 10:00:51,124 - WARNING - Could not find registration number for horse: dh-Cq Featured First
2025-12-16 10:00:51,150 - WARNING - Could not find registration number for horse: dq-Jess One Hot Chick
2025-12-16 10:00:51,217 - WARNING - Could not find registration number for horse: dh-Im Fun N Fancy
2025-12-16 10:00:51,283 - WARNING - Could not find registration number for horse: dh-Trump This Record
2025-12-16 10:00:51,431 - WARNING - Could not find registration number for horse: dq-One Big Check
2025-12-16 10:00:51,459 - WARNING - Could not find registration number for horse: dh-Ultra Rich
2025-12-16 10:00:51,499 - WARNING - Could not find registration number for horse: dq-Flashing Tools
2025-12-16 10:00:51,583 - WARNING - Could not find registration number for horse: dq-A Kings Dynasty
2025-12-16 10:00:51,619 - WARNING - Could not find registration number for horse: dq-Midnight Special B
2025-12-16 10:00:51,664 - WARNING - Could not find registration number for horse: dh-Uncle Shine
2025-12-16 10:00:51,781 - WARNING - Could not find registration number for horse: dh-Eye Em Highly Rated
2025-12-16 10:00:52,257 - WARNING - Could not find registration number for horse: dq-Daddys Fanatic
2025-12-16 10:00:52,285 - WARNING - Could not find registration number for horse: dh-Prince of Fast
2025-12-16 10:00:52,405 - WARNING - Could not find registration number for horse: dq-Bv Teresita
2025-12-16 10:00:52,593 - WARNING - Could not find registration number for horse: dh-Fs Maxx Velocity
2025-12-16 10:00:52,847 - WARNING - Could not find registration number for horse: dq-Kiss My Wild Candy
2025-12-16 10:00:52,921 - WARNING - Could not find registration number for horse: dh-Bella Y Sofia
2025-12-16 10:00:53,039 - WARNING - Could not find registration number for horse: dh-D Oro Sis
2025-12-16 10:00:53,088 - WARNING - Could not find registration number for horse: dq-Stone Cold Dynasty
2025-12-16 10:00:53,343 - WARNING - Could not find registration number for horse: dh-Brother Ben
2025-12-16 10:00:53,517 - WARNING - Could not find registration number for horse: dh-Torts On a Wagon
2025-12-16 10:00:53,574 - WARNING - Could not find registration number for horse: dh-Cash Cruzer
2025-12-16 10:00:53,905 - WARNING - Could not find registration number for horse: dh-Ebw Dancnthemoonlite
2025-12-16 10:00:53,921 - WARNING - Could not find registration number for horse: dh-Rasing the Bar
2025-12-16 10:00:54,062 - WARNING - Could not find registration number for horse: dq-Josiahs Bay
2025-12-16 10:00:54,205 - WARNING - Could not find registration number for horse: dq-Tickle This Ivory
2025-12-16 10:00:54,288 - WARNING - Could not find registration number for horse: dq-Wikked Felina
2025-12-16 10:00:54,391 - WARNING - Could not find registration number for horse: dh-Missbsinterest
2025-12-16 10:00:54,425 - WARNING - Could not find registration number for horse: dq-Jv Papp B Moven
2025-12-16 10:00:54,446 - WARNING - Could not find registration number for horse: dq-Margaret River
2025-12-16 10:00:54,538 - WARNING - Could not find registration number for horse: dh-Haha Rainbow Glock
2025-12-16 10:00:54,592 - WARNING - Could not find registration number for horse: dq-Kell's Kiss
2025-12-16 10:00:54,616 - WARNING - Could not find registration number for horse: dq-Cd Wagon of Secrets
2025-12-16 10:00:54,617 - WARNING - Could not find registration number for horse: dh-Big Daddys Dream
2025-12-16 10:00:54,659 - WARNING - Could not find registration number for horse: dh-Corona Sunrize
2025-12-16 10:00:54,718 - WARNING - Could not find registration number for horse: dq-Jack of Blades
2025-12-16 10:00:54,739 - WARNING - Could not find registration number for horse: dh-Rosa Paige
2025-12-16 10:00:54,831 - WARNING - Could not find registration number for horse: dq-Frawwwg
2025-12-16 10:00:54,892 - WARNING - Could not find registration number for horse: dh-Cg Back N Payne
2025-12-16 10:00:55,046 - WARNING - Could not find registration number for horse: dh-Quien Es
2025-12-16 10:00:55,062 - WARNING - Could not find registration number for horse: dh-Eyez a Rising
2025-12-16 10:00:55,166 - WARNING - Could not find registration number for horse: dq-Moonshine Diva
2025-12-16 10:00:55,276 - WARNING - Could not find registration number for horse: dh-Gold Boundry
2025-12-16 10:00:55,329 - WARNING - Could not find registration number for horse: dh-Hold Me Only
2025-12-16 10:00:55,376 - WARNING - Could not find registration number for horse: dh-Cd One Suite Wagon
2025-12-16 10:00:55,416 - WARNING - Could not find registration number for horse: dh-King On the Moon
2025-12-16 10:00:55,457 - WARNING - Could not find registration number for horse: dq-Tell Papa
2025-12-16 10:00:55,462 - WARNING - Could not find registration number for horse: dh-Franks Dehere
2025-12-16 10:00:55,486 - WARNING - Could not find registration number for horse: dq-One Little Liar
2025-12-16 10:00:55,618 - WARNING - Could not find registration number for horse: dq-Eyesa Noyz Chick
2025-12-16 10:00:55,633 - WARNING - Could not find registration number for horse: dh-Triggered
2025-12-16 10:00:55,702 - WARNING - Could not find registration number for horse: dq-Mr Jess Janway
2025-12-16 10:00:55,876 - WARNING - Could not find registration number for horse: dh-Dale Yeah
2025-12-16 10:00:55,925 - WARNING - Could not find registration number for horse: dh-Honky Tonk
2025-12-16 10:00:55,999 - WARNING - Could not find registration number for horse: dh-Nelse McLeod
2025-12-16 10:00:56,015 - WARNING - Could not find registration number for horse: dq-Best Queens Card
2025-12-16 10:00:56,062 - WARNING - Could not find registration number for horse: dh-Speed Thru Fire
2025-12-16 10:00:56,156 - WARNING - Could not find registration number for horse: dq-Jess a Fast Prize
2025-12-16 10:00:56,200 - WARNING - Could not find registration number for horse: dh-Daddys Southerndream
2025-12-16 10:00:56,214 - WARNING - Could not find registration number for horse: dq-Star of Stars
2025-12-16 10:00:56,224 - WARNING - Could not find registration number for horse: dh-Sundanz
2025-12-16 10:00:56,241 - WARNING - Could not find registration number for horse: dh-Makn Diamonds
2025-12-16 10:00:56,362 - WARNING - Could not find registration number for horse: dh-One Handsome Eagle
2025-12-16 10:00:56,583 - WARNING - Could not find registration number for horse: dq-Osbaldoperfection
2025-12-16 10:00:56,650 - WARNING - Could not find registration number for horse: dh-Il Corsa
2025-12-16 10:00:56,671 - WARNING - Could not find registration number for horse: dh-Docs Twisted Candle
2025-12-16 10:00:56,707 - WARNING - Could not find registration number for horse: dh-Wave Runner
2025-12-16 10:00:56,923 - WARNING - Could not find registration number for horse: dq-Kobe Interest
2025-12-16 10:00:57,046 - WARNING - Could not find registration number for horse: dh-Gg Blushin Red
2025-12-16 10:00:57,046 - WARNING - Could not find registration number for horse: dq-Sortaria
2025-12-16 10:00:57,124 - WARNING - Could not find registration number for horse: dh-Fast Moonflash
2025-12-16 10:00:57,270 - WARNING - Could not find registration number for horse: dh-Shesafivebarlady
2025-12-16 10:00:57,446 - WARNING - Could not find registration number for horse: dh-Uncaptured Dreams
2025-12-16 10:00:57,457 - WARNING - Could not find registration number for horse: dh-Fine Am Eye
2025-12-16 10:00:57,703 - INFO - Performing batch database update...
2025-12-16 10:00:57,749 - WARNING - Could not find registration number for horse: dh-Wood Dee Queen
2025-12-16 10:00:57,779 - WARNING - Could not find registration number for horse: dh-Ur Daddys Lady
2025-12-16 10:00:57,788 - INFO - Updated 565 races with results
2025-12-16 10:00:58,100 - INFO - Updated 4911 entries with results
2025-12-16 10:00:58,187 - WARNING - Could not find registration number for horse: dh-Jess to Reel
2025-12-16 10:00:58,246 - WARNING - Could not find registration number for horse: dh-Sortaria
2025-12-16 10:00:58,275 - INFO - Inserted 2944 wagering records
2025-12-16 10:00:58,334 - INFO - Inserted 1078 fraction records
2025-12-16 10:00:58,499 - WARNING - Could not find registration number for horse: dq-Go Thru the Hole
2025-12-16 10:00:58,674 - WARNING - Could not find registration number for horse: dh-Caxambas Candy
2025-12-16 10:00:58,718 - WARNING - Could not find registration number for horse: dh-Rc Heza Flashn Dream
2025-12-16 10:00:58,863 - WARNING - Could not find registration number for horse: dh-Devons Cartel
2025-12-16 10:00:58,884 - WARNING - Could not find registration number for horse: dh-Great Britain
2025-12-16 10:00:59,537 - WARNING - Could not find registration number for horse: dq-Piloto Propaige
2025-12-16 10:00:59,776 - WARNING - Could not find registration number for horse: dh-Cajun Red
2025-12-16 10:00:59,974 - WARNING - Could not find registration number for horse: dq-Leap Day
2025-12-16 10:01:00,061 - WARNING - Could not find registration number for horse: dq-Smart as Me
2025-12-16 10:01:00,061 - INFO - Processed 4300 files. Race updates: 37249, Entry updates: 274015
2025-12-16 10:01:00,484 - WARNING - Could not find registration number for horse: dh-Calzone
2025-12-16 10:01:00,648 - INFO - Inserted 36402 position call records
2025-12-16 10:01:00,763 - WARNING - Could not find registration number for horse: dh-Giovannino
2025-12-16 10:01:00,769 - WARNING - Could not find registration number for horse: dq-Apolitical Magic
2025-12-16 10:01:00,798 - WARNING - Could not find registration number for horse: dh-Foose Lee
2025-12-16 10:01:00,873 - WARNING - Could not find registration number for horse: dh-Heathguard
2025-12-16 10:01:01,436 - WARNING - Could not find registration number for horse: dq-The Big Calico
2025-12-16 10:01:01,645 - WARNING - Could not find registration number for horse: dh-Cvt Dallas
2025-12-16 10:01:01,768 - WARNING - Could not find registration number for horse: dq-Captain Scotty
2025-12-16 10:01:02,167 - WARNING - Could not find registration number for horse: dq-Crowley's War
2025-12-16 10:01:02,192 - WARNING - Could not find registration number for horse: dq-Street Cop Officer
2025-12-16 10:01:02,428 - WARNING - Could not find registration number for horse: dq-R Tootsie Glitter
2025-12-16 10:01:03,179 - WARNING - Could not find registration number for horse: dq-Praline's Cat
2025-12-16 10:01:03,191 - WARNING - Could not find registration number for horse: dq-Tap First
2025-12-16 10:01:04,229 - WARNING - Could not find registration number for horse: dh-Summer At the Spa
2025-12-16 10:01:04,482 - WARNING - Could not find registration number for horse: dh-Pugilist
2025-12-16 10:01:04,714 - WARNING - Could not find registration number for horse: dq-Super Caro
2025-12-16 10:01:05,889 - WARNING - Could not find registration number for horse: dq-Hello Sucker
2025-12-16 10:01:06,804 - WARNING - Could not find registration number for horse: dh-Stephanie's Charm
2025-12-16 10:01:06,937 - WARNING - Could not find registration number for horse: dh-Mohawk Trail
2025-12-16 10:01:06,937 - WARNING - Could not find registration number for horse: dq-Colors
2025-12-16 10:01:07,051 - WARNING - Could not find registration number for horse: dq-Miss Unconcerned
2025-12-16 10:01:08,218 - WARNING - Could not find registration number for horse: dh-Exacting
2025-12-16 10:01:08,288 - WARNING - Could not find registration number for horse: dh-Piypa de Lynda
2025-12-16 10:01:08,489 - WARNING - Could not find registration number for horse: dh-Diamond Luvubaby
2025-12-16 10:01:08,614 - WARNING - Could not find registration number for horse: dh-The Judge and Jury
2025-12-16 10:01:08,881 - WARNING - Could not find registration number for horse: dh-Thirsty Date
2025-12-16 10:01:08,983 - WARNING - Could not find registration number for horse: dh-Storm the Court
2025-12-16 10:01:09,035 - WARNING - Could not find registration number for horse: dq-Luna Amarilla
2025-12-16 10:01:09,299 - WARNING - Could not find registration number for horse: dh-Treasured Gem
2025-12-16 10:01:09,415 - WARNING - Could not find registration number for horse: dh-Faccia Bella
2025-12-16 10:01:09,558 - INFO - Performing batch database update...
2025-12-16 10:01:09,656 - INFO - Updated 567 races with results
2025-12-16 10:01:09,848 - WARNING - Could not find registration number for horse: dq-Well Connected
2025-12-16 10:01:09,935 - INFO - Updated 4639 entries with results
2025-12-16 10:01:10,108 - WARNING - Could not find registration number for horse: dh-Miss Easy
2025-12-16 10:01:10,285 - INFO - Inserted 3455 wagering records
2025-12-16 10:01:10,411 - INFO - Inserted 2010 fraction records
2025-12-16 10:01:10,543 - WARNING - Could not find registration number for horse: dq-Irazu
2025-12-16 10:01:10,733 - WARNING - Could not find registration number for horse: dh-Moonstrike (GB)
2025-12-16 10:01:10,824 - WARNING - Could not find registration number for horse: dh-Bachelorette
2025-12-16 10:01:10,939 - WARNING - Could not find registration number for horse: dq-Blame It On Eddie
2025-12-16 10:01:10,984 - WARNING - Could not find registration number for horse: dh-John Jay
2025-12-16 10:01:11,037 - WARNING - Could not find registration number for horse: dh-Grand Deal
2025-12-16 10:01:11,142 - WARNING - Could not find registration number for horse: dh-El Sicario
2025-12-16 10:01:11,378 - WARNING - Could not find registration number for horse: dh-Kygo (GER)
2025-12-16 10:01:11,447 - WARNING - Could not find registration number for horse: dhdq-Leo Monte
2025-12-16 10:01:12,140 - WARNING - Could not find registration number for horse: dq-Connect Me
2025-12-16 10:01:12,187 - WARNING - Could not find registration number for horse: dq-Patio Party
2025-12-16 10:01:12,481 - INFO - Inserted 35604 position call records
2025-12-16 10:01:12,568 - WARNING - Could not find registration number for horse: dq-Extreme Access
2025-12-16 10:01:13,346 - WARNING - Could not find registration number for horse: dq-Royal Dragoon
2025-12-16 10:01:13,603 - WARNING - Could not find registration number for horse: dq-Strike One
2025-12-16 10:01:13,624 - WARNING - Could not find registration number for horse: dq-Spin Doctor
2025-12-16 10:01:13,703 - INFO - Processed 4400 files. Race updates: 38148, Entry updates: 281016
2025-12-16 10:01:13,813 - WARNING - Could not find registration number for horse: dq-Momma K's Boy
2025-12-16 10:01:14,722 - WARNING - Could not find registration number for horse: dh-Akayla (IRE)
2025-12-16 10:01:14,724 - WARNING - Could not find registration number for horse: dq-My Hombre
2025-12-16 10:01:15,013 - WARNING - Could not find registration number for horse: dh-Pacific View
2025-12-16 10:01:15,054 - WARNING - Could not find registration number for horse: dq-Tier One
2025-12-16 10:01:15,238 - WARNING - Could not find registration number for horse: dq-Striking Again
2025-12-16 10:01:15,659 - WARNING - Could not find registration number for horse: dq-Maliced
2025-12-16 10:01:15,759 - WARNING - Could not find registration number for horse: dq-Turbie
2025-12-16 10:01:15,894 - WARNING - Could not find registration number for horse: dq-Ratatat
2025-12-16 10:01:16,005 - WARNING - Could not find registration number for horse: dq-Late Date
2025-12-16 10:01:16,052 - WARNING - Could not find registration number for horse: dq-It's Official
2025-12-16 10:01:16,608 - WARNING - Could not find registration number for horse: dh-Silver Matt
2025-12-16 10:01:16,670 - WARNING - Could not find registration number for horse: dh-The Equinest
2025-12-16 10:01:17,110 - WARNING - Could not find registration number for horse: dh-Danes Heart
2025-12-16 10:01:17,274 - WARNING - Could not find registration number for horse: dq-Hosanna
2025-12-16 10:01:17,385 - WARNING - Could not find registration number for horse: dh-Bronze Kettle
2025-12-16 10:01:17,507 - WARNING - Could not find registration number for horse: dq-Grand Deal
2025-12-16 10:01:18,839 - WARNING - Could not find registration number for horse: dq-Saltmakeshersweet
2025-12-16 10:01:19,090 - WARNING - Could not find registration number for horse: dq-Mere Bag of Shells
2025-12-16 10:01:19,597 - INFO - Performing batch database update...
2025-12-16 10:01:19,675 - INFO - Updated 611 races with results
2025-12-16 10:01:19,831 - WARNING - Could not find registration number for horse: dq-My Caliente Corona
2025-12-16 10:01:19,847 - WARNING - Could not find registration number for horse: dq-Next Generation
2025-12-16 10:01:19,946 - INFO - Updated 4270 entries with results
2025-12-16 10:01:20,123 - INFO - Inserted 2829 wagering records
2025-12-16 10:01:20,240 - INFO - Inserted 1787 fraction records
2025-12-16 10:01:20,960 - WARNING - Could not find registration number for horse: dq-Little Toy Guns
2025-12-16 10:01:21,082 - WARNING - Could not find registration number for horse: dq-Happilea
2025-12-16 10:01:21,235 - WARNING - Could not find registration number for horse: dq-Some Is Nine
2025-12-16 10:01:21,593 - WARNING - Could not find registration number for horse: dh-Dats Mr. Mo
2025-12-16 10:01:21,854 - WARNING - Could not find registration number for horse: dh-It's Sizzling Time
2025-12-16 10:01:22,023 - WARNING - Could not find registration number for horse: dh-Jamaican Traffic
2025-12-16 10:01:22,074 - WARNING - Could not find registration number for horse: dh-Express Lady
2025-12-16 10:01:22,090 - INFO - Inserted 29214 position call records
2025-12-16 10:01:22,777 - WARNING - Could not find registration number for horse: dh-Kobe Beach
2025-12-16 10:01:22,875 - WARNING - Could not find registration number for horse: dq-Toffee
2025-12-16 10:01:22,955 - WARNING - Could not find registration number for horse: dh-Frosty the Giant
2025-12-16 10:01:22,962 - WARNING - Could not find registration number for horse: dq-Patio Party
2025-12-16 10:01:23,142 - WARNING - Could not find registration number for horse: dh-Jubawithatwist
2025-12-16 10:01:23,372 - WARNING - Could not find registration number for horse: dh-Under the Gun
2025-12-16 10:01:23,523 - WARNING - Could not find registration number for horse: dh-Mahoney Road
2025-12-16 10:01:23,695 - WARNING - Could not find registration number for horse: dq-Draft Capital
2025-12-16 10:01:23,977 - WARNING - Could not find registration number for horse: dh-Congrats for Glory
2025-12-16 10:01:24,036 - INFO - Processed 4500 files. Race updates: 38969, Entry updates: 286419
2025-12-16 10:01:24,119 - WARNING - Could not find registration number for horse: dq-Breezy Connection
2025-12-16 10:01:24,691 - WARNING - Could not find registration number for horse: dh-The Motto
2025-12-16 10:01:24,912 - WARNING - Could not find registration number for horse: dh-Monba Quake
2025-12-16 10:01:25,262 - WARNING - Could not find registration number for horse: dh-La Tourista
2025-12-16 10:01:25,280 - WARNING - Could not find registration number for horse: dq-Golden Text
2025-12-16 10:01:25,616 - WARNING - Could not find registration number for horse: dh-Talk Radio
2025-12-16 10:01:25,870 - WARNING - Could not find registration number for horse: dh-Your So Sillea
2025-12-16 10:01:26,086 - WARNING - Could not find registration number for horse: dh-Quaria Comet
2025-12-16 10:01:26,443 - WARNING - Could not find registration number for horse: dq-Future Victory
2025-12-16 10:01:26,813 - WARNING - Could not find registration number for horse: dq-Kinison
2025-12-16 10:01:26,955 - WARNING - Could not find registration number for horse: dq-Vettori Kin (BRZ)
2025-12-16 10:01:28,079 - WARNING - Could not find registration number for horse: dq-Master of the Ring
2025-12-16 10:01:28,696 - WARNING - Could not find registration number for horse: dh-El Cheapo
2025-12-16 10:01:28,864 - WARNING - Could not find registration number for horse: dh-Down to Bizzness
2025-12-16 10:01:28,949 - WARNING - Could not find registration number for horse: dh-English Classic
2025-12-16 10:01:29,159 - WARNING - Could not find registration number for horse: dh-Blacksmith Strong
2025-12-16 10:01:29,214 - WARNING - Could not find registration number for horse: dh-Diamond City
2025-12-16 10:01:29,225 - WARNING - Could not find registration number for horse: dh-Drop Anchor
2025-12-16 10:01:29,244 - WARNING - Could not find registration number for horse: dh-Mucho Macho Chick
2025-12-16 10:01:29,424 - WARNING - Could not find registration number for horse: dh-Semi Charmed Day
2025-12-16 10:01:29,481 - WARNING - Could not find registration number for horse: dh-Legal Attack (GB)
2025-12-16 10:01:29,494 - WARNING - Could not find registration number for horse: dh-Flyin Bessie
2025-12-16 10:01:29,922 - WARNING - Could not find registration number for horse: dh-Redhot Katie
2025-12-16 10:01:30,219 - WARNING - Could not find registration number for horse: dq-Lucky's Secret
2025-12-16 10:01:30,310 - WARNING - Could not find registration number for horse: dq-Holiday House
2025-12-16 10:01:30,433 - WARNING - Could not find registration number for horse: dh-Midnight Frost
2025-12-16 10:01:30,851 - WARNING - Could not find registration number for horse: dq-Jareth
2025-12-16 10:01:31,236 - WARNING - Could not find registration number for horse: dh-Kall Kat
2025-12-16 10:01:31,364 - WARNING - Could not find registration number for horse: dh-Heavenly Hash
2025-12-16 10:01:32,103 - WARNING - Could not find registration number for horse: dh-Fly Perrier Fly
2025-12-16 10:01:32,150 - WARNING - Could not find registration number for horse: dh-Hes Jess Relentless
2025-12-16 10:01:32,481 - WARNING - Could not find registration number for horse: dq-Daisy Jones
2025-12-16 10:01:32,711 - INFO - Performing batch database update...
2025-12-16 10:01:32,791 - INFO - Updated 612 races with results
2025-12-16 10:01:33,006 - WARNING - Could not find registration number for horse: dq-Callmetank
2025-12-16 10:01:33,127 - INFO - Updated 5164 entries with results
2025-12-16 10:01:33,223 - WARNING - Could not find registration number for horse: dq-Antares
2025-12-16 10:01:33,478 - WARNING - Could not find registration number for horse: dq-Crj Quiet Queen
2025-12-16 10:01:33,518 - INFO - Inserted 3877 wagering records
2025-12-16 10:01:33,647 - INFO - Inserted 2184 fraction records
2025-12-16 10:01:33,687 - WARNING - Could not find registration number for horse: dq-Magisterial
2025-12-16 10:01:34,016 - WARNING - Could not find registration number for horse: dq-Six Shots of T
2025-12-16 10:01:34,156 - WARNING - Could not find registration number for horse: dq-Juana Gallo
2025-12-16 10:01:34,778 - WARNING - Could not find registration number for horse: dh-Mischievous Emma
2025-12-16 10:01:35,228 - WARNING - Could not find registration number for horse: dq-Lil Miss Sunshine
2025-12-16 10:01:35,271 - WARNING - Could not find registration number for horse: dh-Bakersfield Babe
2025-12-16 10:01:35,359 - WARNING - Could not find registration number for horse: dh-Jz Wagon Train
2025-12-16 10:01:36,097 - WARNING - Could not find registration number for horse: dq-Straus's Place
2025-12-16 10:01:36,204 - INFO - Inserted 42912 position call records
2025-12-16 10:01:36,284 - WARNING - Could not find registration number for horse: dh-Crj Quiet Queen
2025-12-16 10:01:36,348 - WARNING - Could not find registration number for horse: dq-Dusalut
2025-12-16 10:01:36,610 - WARNING - Could not find registration number for horse: dh-Red Venus
2025-12-16 10:01:36,650 - WARNING - Could not find registration number for horse: dh-Ms Parkside
2025-12-16 10:01:36,764 - WARNING - Could not find registration number for horse: dh-Go Go Sadie
2025-12-16 10:01:36,887 - WARNING - Could not find registration number for horse: dh-Ize Sharpie
2025-12-16 10:01:37,002 - WARNING - Could not find registration number for horse: dh-Chocolate Freckles
2025-12-16 10:01:37,076 - WARNING - Could not find registration number for horse: dh-Superstar Bea
2025-12-16 10:01:37,448 - WARNING - Could not find registration number for horse: dq-Good Bye Putin
2025-12-16 10:01:37,645 - WARNING - Could not find registration number for horse: dh-Hydrogen
2025-12-16 10:01:37,662 - WARNING - Could not find registration number for horse: dq-Daddy'sfavoriteson
2025-12-16 10:01:37,775 - WARNING - Could not find registration number for horse: dh-After the Candy
2025-12-16 10:01:37,857 - WARNING - Could not find registration number for horse: dh-Wicked Blue
2025-12-16 10:01:37,898 - WARNING - Could not find registration number for horse: dq-Square Footage
2025-12-16 10:01:38,102 - WARNING - Could not find registration number for horse: dh-Spire
2025-12-16 10:01:38,310 - INFO - Processed 4600 files. Race updates: 39806, Entry updates: 293779
2025-12-16 10:01:38,362 - WARNING - Could not find registration number for horse: dq-Fine Point Assay
2025-12-16 10:01:38,434 - WARNING - Could not find registration number for horse: dq-Limited Offer
2025-12-16 10:01:38,798 - WARNING - Could not find registration number for horse: dq-Ted's Candy Girl
2025-12-16 10:01:38,825 - WARNING - Could not find registration number for horse: dq-Red Texas Showdown
2025-12-16 10:01:39,285 - WARNING - Could not find registration number for horse: dq-Lunar Unit
2025-12-16 10:01:39,676 - WARNING - Could not find registration number for horse: dq-Unmachable
2025-12-16 10:01:39,694 - WARNING - Could not find registration number for horse: dq-Wild Arch
2025-12-16 10:01:39,742 - WARNING - Could not find registration number for horse: dq-Frisco Kid
2025-12-16 10:01:39,851 - WARNING - Could not find registration number for horse: dq-Baron's Song
2025-12-16 10:01:39,880 - WARNING - Could not find registration number for horse: dq-Silent Declaration
2025-12-16 10:01:40,174 - WARNING - Could not find registration number for horse: dq-Stylish Elegance
2025-12-16 10:01:40,415 - WARNING - Could not find registration number for horse: dq-We All Agree
2025-12-16 10:01:40,504 - WARNING - Could not find registration number for horse: dh-Hey Sequoia
2025-12-16 10:01:40,577 - WARNING - Could not find registration number for horse: dq-Tippa the Iceberg
2025-12-16 10:01:41,107 - WARNING - Could not find registration number for horse: dh-Fullbridledphantom
2025-12-16 10:01:41,144 - WARNING - Could not find registration number for horse: dq-Jfr Big Iron
2025-12-16 10:01:41,419 - WARNING - Could not find registration number for horse: dq-The Weekend
2025-12-16 10:01:41,718 - WARNING - Could not find registration number for horse: dq-Madigan Squeeze
2025-12-16 10:01:41,735 - WARNING - Could not find registration number for horse: dq-Thirsty Tiger
2025-12-16 10:01:41,974 - WARNING - Could not find registration number for horse: dq-Bedrock
2025-12-16 10:01:42,048 - WARNING - Could not find registration number for horse: dq-Shootist
2025-12-16 10:01:42,132 - WARNING - Could not find registration number for horse: dq-Im Perky
2025-12-16 10:01:42,291 - WARNING - Could not find registration number for horse: dq-Mr. Who
2025-12-16 10:01:42,652 - INFO - Performing batch database update...
2025-12-16 10:01:42,722 - INFO - Updated 528 races with results
2025-12-16 10:01:42,978 - INFO - Updated 4032 entries with results
2025-12-16 10:01:43,090 - WARNING - Could not find registration number for horse: dq-Cr Royalty Foose
2025-12-16 10:01:43,155 - INFO - Inserted 2931 wagering records
2025-12-16 10:01:43,260 - INFO - Inserted 1414 fraction records
2025-12-16 10:01:43,330 - WARNING - Could not find registration number for horse: dq-Nsm Take the Cash
2025-12-16 10:01:44,008 - WARNING - Could not find registration number for horse: dq-Systematic
2025-12-16 10:01:44,138 - WARNING - Could not find registration number for horse: dq-Maximus Momentus
2025-12-16 10:01:44,292 - WARNING - Could not find registration number for horse: dh-Shesaheatwave
2025-12-16 10:01:44,307 - WARNING - Could not find registration number for horse: dh-Silver Bullet Lady
2025-12-16 10:01:44,361 - WARNING - Could not find registration number for horse: dh-A Thousand Dreams
2025-12-16 10:01:44,551 - WARNING - Could not find registration number for horse: dh-Know How (GB)
2025-12-16 10:01:44,959 - INFO - Inserted 26580 position call records
2025-12-16 10:01:44,964 - WARNING - Could not find registration number for horse: dh-Chasin the Dynasty
2025-12-16 10:01:45,122 - WARNING - Could not find registration number for horse: dq-Sarah's Dancer
2025-12-16 10:01:45,257 - WARNING - Could not find registration number for horse: dh-Tbt Meter Reader
2025-12-16 10:01:45,588 - WARNING - Could not find registration number for horse: dq-Political Hottie
2025-12-16 10:01:46,391 - WARNING - Could not find registration number for horse: dq-One Punch Charlie
2025-12-16 10:01:46,408 - WARNING - Could not find registration number for horse: dq-Look James
2025-12-16 10:01:46,409 - WARNING - Could not find registration number for horse: dh-Clear Destination
2025-12-16 10:01:46,475 - WARNING - Could not find registration number for horse: dq-Kodiak Mamba (IRE)
2025-12-16 10:01:46,482 - WARNING - Could not find registration number for horse: dh-Have a Souper Day
2025-12-16 10:01:46,805 - WARNING - Could not find registration number for horse: dq-Bee Me
2025-12-16 10:01:47,335 - WARNING - Could not find registration number for horse: dq-Skinny Secret
2025-12-16 10:01:47,479 - WARNING - Could not find registration number for horse: dq-Ninetyfour Expos
2025-12-16 10:01:47,685 - WARNING - Could not find registration number for horse: dh-Mr Narcissistic
2025-12-16 10:01:47,732 - WARNING - Could not find registration number for horse: dh-Fly to the Beach
2025-12-16 10:01:47,736 - WARNING - Could not find registration number for horse: dh-Lake Shore Drive
2025-12-16 10:01:47,887 - WARNING - Could not find registration number for horse: dh-Half to Reload
2025-12-16 10:01:48,014 - WARNING - Could not find registration number for horse: dh-Ab Rip Wheeler
2025-12-16 10:01:48,165 - WARNING - Could not find registration number for horse: dq-Blind Spot
2025-12-16 10:01:48,181 - WARNING - Could not find registration number for horse: dh-Prince Sussex
2025-12-16 10:01:48,542 - WARNING - Could not find registration number for horse: dq-Seattle Causeway
2025-12-16 10:01:48,935 - WARNING - Could not find registration number for horse: dq-Ashlee's Ring
2025-12-16 10:01:49,240 - WARNING - Could not find registration number for horse: dq-Chairman Rainbow
2025-12-16 10:01:49,356 - WARNING - Could not find registration number for horse: Cozy Curlin Kitten
2025-12-16 10:01:49,477 - WARNING - Could not find registration number for horse: dh-Chasing Bourbon
2025-12-16 10:01:49,552 - WARNING - Could not find registration number for horse: dh-Vandoo
2025-12-16 10:01:49,560 - WARNING - Could not find registration number for horse: dq-Palace View (IRE)
2025-12-16 10:01:49,668 - WARNING - Could not find registration number for horse: dq-Hallie's Hero
2025-12-16 10:01:49,691 - WARNING - Could not find registration number for horse: dq-Mimi's Golden Ring
2025-12-16 10:01:50,887 - INFO - Processed 4700 files. Race updates: 40614, Entry updates: 299575
2025-12-16 10:01:50,973 - WARNING - Could not find registration number for horse: Cozy Curlin Kitten
2025-12-16 10:01:51,116 - WARNING - Could not find registration number for horse: dq-Glenrosa
2025-12-16 10:01:51,262 - WARNING - Could not find registration number for horse: dq-Society's Thunder
2025-12-16 10:01:51,560 - WARNING - Could not find registration number for horse: dq-Go With Gusto
2025-12-16 10:01:51,573 - WARNING - Could not find registration number for horse: dq-Trigger's Bay
2025-12-16 10:01:51,888 - WARNING - Could not find registration number for horse: dq-Golden Train
2025-12-16 10:01:52,093 - WARNING - Could not find registration number for horse: dq-Hard Rock Warrior
2025-12-16 10:01:52,110 - WARNING - Could not find registration number for horse: dq-Contrivance
2025-12-16 10:01:52,779 - WARNING - Could not find registration number for horse: dq-Lady Maeve (IRE)
2025-12-16 10:01:53,112 - WARNING - Could not find registration number for horse: dq-Strike the Pose
2025-12-16 10:01:53,211 - WARNING - Could not find registration number for horse: Cozy Curlin Kitten
2025-12-16 10:01:53,231 - INFO - Performing batch database update...
2025-12-16 10:01:53,350 - INFO - Updated 567 races with results
2025-12-16 10:01:53,598 - INFO - Updated 4142 entries with results
2025-12-16 10:01:53,662 - WARNING - Could not find registration number for horse: dh-Mrs. C
2025-12-16 10:01:53,865 - WARNING - Could not find registration number for horse: dh-Playmate
2025-12-16 10:01:53,887 - INFO - Inserted 4852 wagering records
2025-12-16 10:01:53,935 - WARNING - Could not find registration number for horse: dh-Muskoka Giant
2025-12-16 10:01:54,000 - INFO - Inserted 1944 fraction records
2025-12-16 10:01:54,076 - WARNING - Could not find registration number for horse: dq-Tapping a Rhythm
2025-12-16 10:01:54,370 - WARNING - Could not find registration number for horse: dh-Royal Blush
2025-12-16 10:01:54,412 - WARNING - Could not find registration number for horse: dh-Bongino
2025-12-16 10:01:54,435 - WARNING - Could not find registration number for horse: dh-She Makes a Point
2025-12-16 10:01:54,492 - WARNING - Could not find registration number for horse: dh-Clear Destination
2025-12-16 10:01:54,545 - WARNING - Could not find registration number for horse: dh-Avoman
2025-12-16 10:01:54,616 - WARNING - Could not find registration number for horse: dh-Charlotte's Silver
2025-12-16 10:01:54,681 - WARNING - Could not find registration number for horse: dh-Katchy Name
2025-12-16 10:01:54,792 - WARNING - Could not find registration number for horse: dq-Mrs. C
2025-12-16 10:01:54,797 - WARNING - Could not find registration number for horse: dq-Dancing Duchess
2025-12-16 10:01:55,008 - WARNING - Could not find registration number for horse: dq-Mister Meseeks
2025-12-16 10:01:55,216 - WARNING - Could not find registration number for horse: dq-Hai Bobbi
2025-12-16 10:01:55,457 - WARNING - Could not find registration number for horse: dq-Angelou
2025-12-16 10:01:56,039 - WARNING - Could not find registration number for horse: dq-Astapovo
2025-12-16 10:01:56,167 - WARNING - Could not find registration number for horse: dq-Seattle Down Under
2025-12-16 10:01:56,224 - INFO - Inserted 33960 position call records
2025-12-16 10:01:56,405 - WARNING - Could not find registration number for horse: dh-Pipit
2025-12-16 10:01:56,653 - WARNING - Could not find registration number for horse: dh-Golden Canary
2025-12-16 10:01:56,903 - WARNING - Could not find registration number for horse: dh-Souper Sunshine
2025-12-16 10:01:57,033 - WARNING - Could not find registration number for horse: dh-Jimmies Big Day
2025-12-16 10:01:57,086 - WARNING - Could not find registration number for horse: dh-Ondine Lady
2025-12-16 10:01:57,342 - WARNING - Could not find registration number for horse: dh-Hits Different
2025-12-16 10:01:57,658 - WARNING - Could not find registration number for horse: dh-Rocket Joe Copper
2025-12-16 10:01:58,326 - WARNING - Could not find registration number for horse: dh-Hardware Gap
2025-12-16 10:01:58,410 - WARNING - Could not find registration number for horse: dq-Hot Omelet
2025-12-16 10:01:58,427 - WARNING - Could not find registration number for horse: dh-Timeskip
2025-12-16 10:01:58,452 - WARNING - Could not find registration number for horse: dh-Benlion
2025-12-16 10:01:58,529 - WARNING - Could not find registration number for horse: dq-Rock Bullet
2025-12-16 10:01:58,780 - WARNING - Could not find registration number for horse: dq-Julie's Mist
2025-12-16 10:01:58,877 - WARNING - Could not find registration number for horse: dq-Buck's Fizz
2025-12-16 10:01:58,894 - WARNING - Could not find registration number for horse: dq-Twixter
2025-12-16 10:01:58,932 - WARNING - Could not find registration number for horse: dq-Why Em Sea Ay
2025-12-16 10:01:59,026 - WARNING - Could not find registration number for horse: dq-Chairman Rainbow
2025-12-16 10:01:59,049 - WARNING - Could not find registration number for horse: dq-Solo Album
2025-12-16 10:01:59,796 - WARNING - Could not find registration number for horse: dq-Souper Sunshine
2025-12-16 10:02:00,274 - WARNING - Could not find registration number for horse: dh-Wenjack
2025-12-16 10:02:00,527 - WARNING - Could not find registration number for horse: dq-Hurricane Clair
2025-12-16 10:02:00,666 - WARNING - Could not find registration number for horse: dh-Distorted Flash
2025-12-16 10:02:00,896 - WARNING - Could not find registration number for horse: dh-Big Investment
2025-12-16 10:02:00,897 - WARNING - Could not find registration number for horse: dh-Dicey
2025-12-16 10:02:01,251 - WARNING - Could not find registration number for horse: dq-Devil's Bit
2025-12-16 10:02:02,861 - WARNING - Could not find registration number for horse: dq-Bongino
2025-12-16 10:02:02,916 - WARNING - Could not find registration number for horse: dh-Jacks Spring Break
2025-12-16 10:02:02,994 - WARNING - Could not find registration number for horse: dh-Hey Roxy
2025-12-16 10:02:03,054 - WARNING - Could not find registration number for horse: dh-Kwik
2025-12-16 10:02:03,393 - WARNING - Could not find registration number for horse: dh-Naughty Natalie
2025-12-16 10:02:03,933 - WARNING - Could not find registration number for horse: dh-Messier
2025-12-16 10:02:04,702 - WARNING - Could not find registration number for horse: dq-Shanghai Skipper
2025-12-16 10:02:04,705 - WARNING - Could not find registration number for horse: dh-Journeyman
2025-12-16 10:02:04,811 - WARNING - Could not find registration number for horse: Little Dolls Party
2025-12-16 10:02:05,074 - WARNING - Could not find registration number for horse: dh-Whole Lotta Turnpike
2025-12-16 10:02:05,159 - INFO - Processed 4800 files. Race updates: 41558, Entry updates: 307097
2025-12-16 10:02:05,174 - WARNING - Could not find registration number for horse: dh-Wf Wire Me Roses
2025-12-16 10:02:05,606 - WARNING - Could not find registration number for horse: dh-Dance the Dust Off
2025-12-16 10:02:05,695 - WARNING - Could not find registration number for horse: dh-The Dream
2025-12-16 10:02:05,827 - WARNING - Could not find registration number for horse: dh-Cecis Desert Wonder
2025-12-16 10:02:05,833 - WARNING - Could not find registration number for horse: dh-Aj Fast Corona
2025-12-16 10:02:05,956 - WARNING - Could not find registration number for horse: dh-West Texas Rain
2025-12-16 10:02:05,968 - WARNING - Could not find registration number for horse: dh-Canyons Streaking
2025-12-16 10:02:06,056 - WARNING - Could not find registration number for horse: dh-Big Caney
2025-12-16 10:02:06,179 - WARNING - Could not find registration number for horse: dh-Mister Wayside
2025-12-16 10:02:06,763 - WARNING - Could not find registration number for horse: dh-Rc 2
2025-12-16 10:02:06,956 - WARNING - Could not find registration number for horse: dh-Storm of Coronas
2025-12-16 10:02:06,998 - WARNING - Could not find registration number for horse: dh-Jk Catch the Spirit
2025-12-16 10:02:07,092 - WARNING - Could not find registration number for horse: dh-Bv Sweet Caroline
2025-12-16 10:02:07,165 - WARNING - Could not find registration number for horse: dh-Rare Roy
2025-12-16 10:02:07,260 - WARNING - Could not find registration number for horse: dh-Apollitical Suze
2025-12-16 10:02:07,494 - WARNING - Could not find registration number for horse: dh-Rc Jones 11
2025-12-16 10:02:07,548 - WARNING - Could not find registration number for horse: dh-Run Marie Run
2025-12-16 10:02:07,742 - WARNING - Could not find registration number for horse: dh-Romantic Sweetgirl
2025-12-16 10:02:07,824 - WARNING - Could not find registration number for horse: dq-Jk Blue Hero
2025-12-16 10:02:07,871 - WARNING - Could not find registration number for horse: dh-Lethal Timber
2025-12-16 10:02:07,985 - INFO - Performing batch database update...
2025-12-16 10:02:08,075 - INFO - Updated 727 races with results
2025-12-16 10:02:08,267 - WARNING - Could not find registration number for horse: dq-Brush My Secret
2025-12-16 10:02:08,336 - WARNING - Could not find registration number for horse: dq-Lota Totherescue
2025-12-16 10:02:08,455 - INFO - Updated 5754 entries with results
2025-12-16 10:02:08,512 - WARNING - Could not find registration number for horse: dh-Parr for Dynasty
2025-12-16 10:02:08,629 - WARNING - Could not find registration number for horse: dh-Yo Brindis Delite
2025-12-16 10:02:08,650 - WARNING - Could not find registration number for horse: dh-Wr Ahhhsome Lady
2025-12-16 10:02:08,755 - WARNING - Could not find registration number for horse: dh-Diamond Dusting
2025-12-16 10:02:08,783 - INFO - Inserted 4325 wagering records
2025-12-16 10:02:08,840 - INFO - Inserted 1164 fraction records
2025-12-16 10:02:08,947 - WARNING - Could not find registration number for horse: Time Too Go
2025-12-16 10:02:09,284 - WARNING - Could not find registration number for horse: dq-Tribal Creek
2025-12-16 10:02:09,331 - WARNING - Could not find registration number for horse: Time Too Go
2025-12-16 10:02:09,439 - WARNING - Could not find registration number for horse: dh-Er Movin Pappa
2025-12-16 10:02:09,616 - WARNING - Could not find registration number for horse: Little Dolls Party
2025-12-16 10:02:09,623 - WARNING - Could not find registration number for horse: dh-Cruzn Pro
2025-12-16 10:02:09,909 - WARNING - Could not find registration number for horse: dq-Come Correct
2025-12-16 10:02:09,962 - WARNING - Could not find registration number for horse: dq-Pops Awesome
2025-12-16 10:02:10,015 - WARNING - Could not find registration number for horse: dq-Billyboysacoastin
2025-12-16 10:02:10,205 - WARNING - Could not find registration number for horse: dq-Pops Awesome
2025-12-16 10:02:10,236 - WARNING - Could not find registration number for horse: dq-Pappas On Joy
2025-12-16 10:02:10,325 - WARNING - Could not find registration number for horse: dq-Tribal Creek
2025-12-16 10:02:10,421 - WARNING - Could not find registration number for horse: dq-Jump the Gun
2025-12-16 10:02:10,485 - WARNING - Could not find registration number for horse: dq-Three Sonny Sideup
2025-12-16 10:02:10,487 - WARNING - Could not find registration number for horse: dq-Blue Skye Jade
2025-12-16 10:02:10,724 - WARNING - Could not find registration number for horse: dh-Game for Corona Hot
2025-12-16 10:02:10,748 - WARNING - Could not find registration number for horse: dh-Paige
2025-12-16 10:02:10,825 - WARNING - Could not find registration number for horse: dq-Duanes Howd Id Do
2025-12-16 10:02:10,983 - WARNING - Could not find registration number for horse: dh-Chasing Glock
2025-12-16 10:02:11,014 - WARNING - Could not find registration number for horse: Time Too Go
2025-12-16 10:02:11,070 - WARNING - Could not find registration number for horse: dh-Relentless Zoom
2025-12-16 10:02:11,237 - WARNING - Could not find registration number for horse: Time Too Go
2025-12-16 10:02:11,438 - WARNING - Could not find registration number for horse: dq-Eagles Peak
2025-12-16 10:02:11,479 - WARNING - Could not find registration number for horse: dh-Justoneofthemgirls
2025-12-16 10:02:11,483 - INFO - Inserted 44106 position call records
2025-12-16 10:02:11,541 - WARNING - Could not find registration number for horse: dh-Nomad Too
2025-12-16 10:02:11,567 - WARNING - Could not find registration number for horse: dq-Jv Rockin Da Winner
2025-12-16 10:02:12,138 - WARNING - Could not find registration number for horse: dq-Hi Tail It
2025-12-16 10:02:12,190 - WARNING - Could not find registration number for horse: dh-Racys Pilot
2025-12-16 10:02:12,245 - WARNING - Could not find registration number for horse: dh-Choot Em Lizz
2025-12-16 10:02:12,290 - WARNING - Could not find registration number for horse: dq-Moonlite Graham
2025-12-16 10:02:12,294 - WARNING - Could not find registration number for horse: dq-Where Is My Corona
2025-12-16 10:02:12,309 - WARNING - Could not find registration number for horse: dh-Giant Courage
2025-12-16 10:02:12,370 - WARNING - Could not find registration number for horse: dh-Favorite Captain
2025-12-16 10:02:12,586 - WARNING - Could not find registration number for horse: dq-Wild Firewater
2025-12-16 10:02:12,593 - WARNING - Could not find registration number for horse: dq-Streakin Zoomer Cat
2025-12-16 10:02:12,606 - WARNING - Could not find registration number for horse: dh-Nbc Mr Blackie
2025-12-16 10:02:12,727 - WARNING - Could not find registration number for horse: dh-U Crack Me Up
2025-12-16 10:02:12,809 - WARNING - Could not find registration number for horse: dq-Candy Track
2025-12-16 10:02:12,837 - WARNING - Could not find registration number for horse: dq-Wheels Up Bb
2025-12-16 10:02:12,864 - WARNING - Could not find registration number for horse: dq-Perry Legacy
2025-12-16 10:02:12,956 - WARNING - Could not find registration number for horse: dq-Zulu Diamond
2025-12-16 10:02:12,998 - WARNING - Could not find registration number for horse: dq-Tribal Creek
2025-12-16 10:02:13,085 - WARNING - Could not find registration number for horse: dq-Whiskey Wes
2025-12-16 10:02:13,245 - WARNING - Could not find registration number for horse: dq-Rm Political Rose
2025-12-16 10:02:13,292 - WARNING - Could not find registration number for horse: dq-Hes Audacious
2025-12-16 10:02:13,292 - WARNING - Could not find registration number for horse: dq-Drinkroundthetruth
2025-12-16 10:02:13,374 - WARNING - Could not find registration number for horse: dq-Moon Music
2025-12-16 10:02:13,529 - WARNING - Could not find registration number for horse: dh-Super Stuper
2025-12-16 10:02:13,697 - WARNING - Could not find registration number for horse: dh-Nazboo
2025-12-16 10:02:13,783 - WARNING - Could not find registration number for horse: dh-Stolin Home Brew
2025-12-16 10:02:14,608 - WARNING - Could not find registration number for horse: dq-Separate Traffic
2025-12-16 10:02:14,788 - WARNING - Could not find registration number for horse: dh-Hes All Corona
2025-12-16 10:02:14,840 - WARNING - Could not find registration number for horse: dh-Our Dear Girl
2025-12-16 10:02:14,902 - WARNING - Could not find registration number for horse: dhdq-Getcha Romance
2025-12-16 10:02:15,048 - WARNING - Could not find registration number for horse: dq-Talent Not Luck
2025-12-16 10:02:15,100 - WARNING - Could not find registration number for horse: dq-Alberta Sun
2025-12-16 10:02:15,103 - WARNING - Could not find registration number for horse: dq-Dont Be a Karen
2025-12-16 10:02:15,178 - WARNING - Could not find registration number for horse: dq-Meleros Chica
2025-12-16 10:02:15,925 - WARNING - Could not find registration number for horse: dh-La Bella Julia
2025-12-16 10:02:16,038 - WARNING - Could not find registration number for horse: dq-Daddy Dollar Os
2025-12-16 10:02:16,051 - WARNING - Could not find registration number for horse: dh-Tempting Babe
2025-12-16 10:02:16,314 - WARNING - Could not find registration number for horse: dh-Chanel Gypsy
2025-12-16 10:02:16,436 - WARNING - Could not find registration number for horse: dq-Hide My Wine
2025-12-16 10:02:16,476 - WARNING - Could not find registration number for horse: dh-Ivory Lips
2025-12-16 10:02:16,537 - WARNING - Could not find registration number for horse: dq-Margaret River
2025-12-16 10:02:16,639 - WARNING - Could not find registration number for horse: dq-Gg Pearl Hart
2025-12-16 10:02:16,898 - WARNING - Could not find registration number for horse: dh-Wind River Dynasty
2025-12-16 10:02:16,944 - WARNING - Could not find registration number for horse: dh-Little Scary Chic
2025-12-16 10:02:17,044 - WARNING - Could not find registration number for horse: dh-Rarin
2025-12-16 10:02:17,169 - WARNING - Could not find registration number for horse: dq-Second to No Other
2025-12-16 10:02:17,271 - WARNING - Could not find registration number for horse: dh-Short Pockets
2025-12-16 10:02:17,278 - WARNING - Could not find registration number for horse: dq-Wanna See My Quickie
2025-12-16 10:02:17,363 - WARNING - Could not find registration number for horse: dh-Awesome Walker
2025-12-16 10:02:17,384 - WARNING - Could not find registration number for horse: dh-My Favorite Partner
2025-12-16 10:02:17,433 - WARNING - Could not find registration number for horse: dq-Kcross Dashonacorona
2025-12-16 10:02:17,618 - WARNING - Could not find registration number for horse: dq-Classic Dynasty Dash
2025-12-16 10:02:17,752 - WARNING - Could not find registration number for horse: dh-Freeman
2025-12-16 10:02:17,863 - WARNING - Could not find registration number for horse: dq-Wicked Corona Z
2025-12-16 10:02:17,923 - WARNING - Could not find registration number for horse: dq-Daddy Dollar Os
2025-12-16 10:02:17,930 - WARNING - Could not find registration number for horse: dh-Kiss of Bliss
2025-12-16 10:02:18,119 - WARNING - Could not find registration number for horse: dh-Pendelton
2025-12-16 10:02:18,272 - WARNING - Could not find registration number for horse: dh-She Hit a Homer
2025-12-16 10:02:18,304 - WARNING - Could not find registration number for horse: dq-Twelve Stars
2025-12-16 10:02:18,364 - WARNING - Could not find registration number for horse: dh-Tbt Meter Reader
2025-12-16 10:02:18,373 - WARNING - Could not find registration number for horse: dhdq-Broadway Dish
2025-12-16 10:02:18,376 - WARNING - Could not find registration number for horse: dq-Jm Special Ryon
2025-12-16 10:02:18,379 - WARNING - Could not find registration number for horse: dq-Lose My Number
2025-12-16 10:02:18,474 - WARNING - Could not find registration number for horse: dq-Grs Daddys Mamacita
2025-12-16 10:02:18,868 - WARNING - Could not find registration number for horse: dq-Mc Eagle
2025-12-16 10:02:19,044 - WARNING - Could not find registration number for horse: dq-Cee Cee Gee
2025-12-16 10:02:19,111 - WARNING - Could not find registration number for horse: dq-Deans Daddy
2025-12-16 10:02:19,121 - WARNING - Could not find registration number for horse: dq-Rosies Bolt
2025-12-16 10:02:19,158 - WARNING - Could not find registration number for horse: dq-Bp Desert Streak
2025-12-16 10:02:19,176 - WARNING - Could not find registration number for horse: dh-Big Crush Bb
2025-12-16 10:02:19,194 - WARNING - Could not find registration number for horse: dh-Hs Paul Walker
2025-12-16 10:02:19,211 - WARNING - Could not find registration number for horse: dh-Love N the Moon
2025-12-16 10:02:19,234 - WARNING - Could not find registration number for horse: dh-Scandalous Fury
2025-12-16 10:02:19,287 - WARNING - Could not find registration number for horse: dq-Wagons Moving First
2025-12-16 10:02:19,291 - WARNING - Could not find registration number for horse: dq-Jumpn Regal
2025-12-16 10:02:19,381 - WARNING - Could not find registration number for horse: dq-Alamo Lake
2025-12-16 10:02:19,386 - WARNING - Could not find registration number for horse: dq-Trace My Dust
2025-12-16 10:02:19,390 - WARNING - Could not find registration number for horse: dq-Drest for Success
2025-12-16 10:02:19,411 - INFO - Processed 4900 files. Race updates: 42558, Entry updates: 315243
2025-12-16 10:02:19,459 - INFO - Final batch database update...
2025-12-16 10:02:19,472 - INFO - Updated 240 races with results
2025-12-16 10:02:19,662 - INFO - Updated 5906 entries with results
2025-12-16 10:02:19,692 - INFO - Inserted 909 wagering records
2025-12-16 10:02:19,704 - INFO - Inserted 370 fraction records
2025-12-16 10:02:20,440 - INFO - Inserted 24900 position call records
2025-12-16 10:02:20,451 - INFO - ============================================================
2025-12-16 10:02:20,452 - INFO - RESULT CHART EXTRACTION COMPLETE
2025-12-16 10:02:20,452 - INFO - ============================================================
2025-12-16 10:02:20,452 - INFO - Files processed: 4906
2025-12-16 10:02:20,452 - INFO - Races updated: 42618
2025-12-16 10:02:20,452 - INFO - Entries updated: 315773
2025-12-16 10:02:20,452 - INFO - Wagering records: 909
2025-12-16 10:02:20,452 - INFO - Fraction records: 370
2025-12-16 10:02:20,452 - INFO - Errors: 0
2025-12-16 10:02:20,452 - INFO - Duration: 639.78 seconds
2025-12-16 10:02:20,452 - INFO - Files per second: 7.67
2025-12-16 10:02:20,452 - INFO - ============================================================
2025-12-19 08:39:34,135 - INFO - Starting Result Chart extraction from 2023 Result Charts
2025-12-19 08:39:34,135 - INFO - Using 45 workers with result updates
2025-12-19 08:39:34,145 - INFO - Found 4906 Result Chart XML files to process
2025-12-19 08:39:39,370 - INFO - Performing batch database update...
2025-12-19 08:39:39,476 - INFO - Updated 666 races with results
2025-12-19 08:39:39,630 - INFO - Updated 1731 entries with results
2025-12-19 08:39:39,860 - INFO - Inserted 2838 wagering records
2025-12-19 08:39:39,943 - INFO - Inserted 933 fraction records
2025-12-19 08:39:42,913 - INFO - Inserted 33138 position call records
2025-12-19 08:39:46,216 - INFO - Processed 100 files. Race updates: 840, Entry updates: 6265
2025-12-19 08:39:48,815 - WARNING - Could not find registration number for horse: Max S
2025-12-19 08:39:48,815 - WARNING - Could not find registration number for horse: Max S
2025-12-19 08:39:50,308 - INFO - Performing batch database update...
2025-12-19 08:39:50,382 - INFO - Updated 594 races with results
2025-12-19 08:39:50,714 - INFO - Updated 4638 entries with results
2025-12-19 08:39:50,928 - INFO - Inserted 3272 wagering records
2025-12-19 08:39:51,052 - INFO - Inserted 1787 fraction records
2025-12-19 08:39:53,565 - WARNING - Could not find registration number for horse: 00500
2025-12-19 08:39:53,749 - INFO - Inserted 37188 position call records
2025-12-19 08:39:56,049 - INFO - Processed 200 files. Race updates: 1690, Entry updates: 12392
2025-12-19 08:39:58,315 - INFO - Performing batch database update...
2025-12-19 08:39:58,415 - INFO - Updated 550 races with results
2025-12-19 08:39:58,715 - INFO - Updated 3445 entries with results
2025-12-19 08:39:58,982 - INFO - Inserted 3127 wagering records
2025-12-19 08:39:59,132 - INFO - Inserted 1976 fraction records
2025-12-19 08:40:01,564 - INFO - Inserted 30198 position call records
2025-12-19 08:40:05,597 - INFO - Processed 300 files. Race updates: 2521, Entry updates: 18375
2025-12-19 08:40:09,698 - INFO - Performing batch database update...
2025-12-19 08:40:09,832 - INFO - Updated 722 races with results
2025-12-19 08:40:10,286 - INFO - Updated 5815 entries with results
2025-12-19 08:40:10,565 - INFO - Inserted 3465 wagering records
2025-12-19 08:40:10,753 - INFO - Inserted 2479 fraction records
2025-12-19 08:40:14,115 - INFO - Inserted 44550 position call records
2025-12-19 08:40:14,219 - INFO - Processed 400 files. Race updates: 3343, Entry updates: 23705
2025-12-19 08:40:19,765 - INFO - Performing batch database update...
2025-12-19 08:40:19,898 - INFO - Updated 585 races with results
2025-12-19 08:40:20,115 - INFO - Updated 3402 entries with results
2025-12-19 08:40:20,348 - INFO - Inserted 3392 wagering records
2025-12-19 08:40:20,481 - INFO - Inserted 1998 fraction records
2025-12-19 08:40:22,215 - INFO - Inserted 27516 position call records
2025-12-19 08:40:25,614 - INFO - Processed 500 files. Race updates: 4211, Entry updates: 29888
2025-12-19 08:40:29,272 - INFO - Performing batch database update...
2025-12-19 08:40:29,348 - INFO - Updated 508 races with results
2025-12-19 08:40:29,798 - INFO - Updated 5330 entries with results
2025-12-19 08:40:30,001 - INFO - Inserted 2202 wagering records
2025-12-19 08:40:30,131 - INFO - Inserted 1660 fraction records
2025-12-19 08:40:33,780 - INFO - Processed 600 files. Race updates: 5009, Entry updates: 35954
2025-12-19 08:40:33,848 - INFO - Inserted 44664 position call records
2025-12-19 08:40:36,114 - WARNING - Could not find registration number for horse: Tapon Jenny C
2025-12-19 08:40:36,114 - WARNING - Could not find registration number for horse: Mi Nieto
2025-12-19 08:40:36,130 - WARNING - Could not find registration number for horse: Desconfianza
2025-12-19 08:40:42,081 - INFO - Processed 700 files. Race updates: 5727, Entry updates: 41083
2025-12-19 08:40:43,048 - WARNING - Could not find registration number for horse: Desconfianza
2025-12-19 08:40:43,164 - WARNING - Could not find registration number for horse: Tapon Jenny C
2025-12-19 08:40:43,348 - WARNING - Could not find registration number for horse: Desconfianza
2025-12-19 08:40:43,481 - WARNING - Could not find registration number for horse: Desconfianza
2025-12-19 08:40:43,596 - INFO - Performing batch database update...
2025-12-19 08:40:43,717 - INFO - Updated 863 races with results
2025-12-19 08:40:44,033 - WARNING - Could not find registration number for horse: Desconfianza
2025-12-19 08:40:44,265 - INFO - Updated 6326 entries with results
2025-12-19 08:40:44,437 - WARNING - Could not find registration number for horse: Desconfianza
2025-12-19 08:40:44,631 - INFO - Inserted 4313 wagering records
2025-12-19 08:40:44,856 - INFO - Inserted 2980 fraction records
2025-12-19 08:40:45,181 - WARNING - Could not find registration number for horse: Desconfianza
2025-12-19 08:40:45,197 - WARNING - Could not find registration number for horse: Desconfianza
2025-12-19 08:40:49,390 - INFO - Inserted 55350 position call records
2025-12-19 08:40:52,528 - INFO - Processed 800 files. Race updates: 6529, Entry updates: 47050
2025-12-19 08:40:56,271 - INFO - Performing batch database update...
2025-12-19 08:40:56,364 - INFO - Updated 580 races with results
2025-12-19 08:40:56,809 - INFO - Updated 5167 entries with results
2025-12-19 08:40:57,080 - INFO - Inserted 3397 wagering records
2025-12-19 08:40:57,347 - INFO - Inserted 1734 fraction records
2025-12-19 08:41:01,080 - INFO - Inserted 44202 position call records
2025-12-19 08:41:02,247 - INFO - Processed 900 files. Race updates: 7357, Entry updates: 53534
2025-12-19 08:41:06,763 - INFO - Performing batch database update...
2025-12-19 08:41:06,847 - INFO - Updated 541 races with results
2025-12-19 08:41:07,163 - INFO - Updated 3980 entries with results
2025-12-19 08:41:07,384 - INFO - Inserted 2606 wagering records
2025-12-19 08:41:07,530 - INFO - Inserted 1686 fraction records
2025-12-19 08:41:10,563 - INFO - Inserted 36450 position call records
2025-12-19 08:41:11,413 - INFO - Processed 1000 files. Race updates: 8195, Entry updates: 59533
2025-12-19 08:41:19,213 - INFO - Performing batch database update...
2025-12-19 08:41:19,348 - INFO - Updated 676 races with results
2025-12-19 08:41:19,852 - INFO - Updated 5876 entries with results
2025-12-19 08:41:20,183 - INFO - Inserted 4058 wagering records
2025-12-19 08:41:20,247 - INFO - Inserted 831 fraction records
2025-12-19 08:41:23,513 - INFO - Processed 1100 files. Race updates: 9089, Entry updates: 67042
2025-12-19 08:41:24,619 - INFO - Inserted 53256 position call records
2025-12-19 08:41:24,713 - WARNING - Could not find registration number for horse: Captain Khozan
2025-12-19 08:41:29,863 - INFO - Performing batch database update...
2025-12-19 08:41:29,963 - INFO - Updated 531 races with results
2025-12-19 08:41:30,303 - INFO - Updated 3961 entries with results
2025-12-19 08:41:30,513 - INFO - Inserted 2810 wagering records
2025-12-19 08:41:30,666 - INFO - Inserted 1721 fraction records
2025-12-19 08:41:32,230 - INFO - Processed 1200 files. Race updates: 9914, Entry updates: 73103
2025-12-19 08:41:32,912 - WARNING - Could not find registration number for horse: Captain Khozan
2025-12-19 08:41:33,601 - INFO - Inserted 33126 position call records
2025-12-19 08:41:40,342 - INFO - Performing batch database update...
2025-12-19 08:41:40,480 - INFO - Updated 564 races with results
2025-12-19 08:41:41,090 - WARNING - Could not find registration number for horse: I Feelucky Tonite
2025-12-19 08:41:41,147 - INFO - Updated 4835 entries with results
2025-12-19 08:41:41,462 - INFO - Inserted 3257 wagering records
2025-12-19 08:41:41,596 - INFO - Inserted 1576 fraction records
2025-12-19 08:41:43,215 - INFO - Processed 1300 files. Race updates: 10796, Entry updates: 79923
2025-12-19 08:41:46,318 - INFO - Inserted 50316 position call records
2025-12-19 08:41:52,378 - INFO - Processed 1400 files. Race updates: 11663, Entry updates: 86153
2025-12-19 08:41:53,629 - INFO - Performing batch database update...
2025-12-19 08:41:53,728 - INFO - Updated 622 races with results
2025-12-19 08:41:54,248 - INFO - Updated 5483 entries with results
2025-12-19 08:41:54,513 - INFO - Inserted 3622 wagering records
2025-12-19 08:41:54,640 - INFO - Inserted 1434 fraction records
2025-12-19 08:41:58,645 - INFO - Inserted 47160 position call records
2025-12-19 08:42:00,928 - INFO - Processed 1500 files. Race updates: 12444, Entry updates: 92268
2025-12-19 08:42:04,634 - INFO - Performing batch database update...
2025-12-19 08:42:04,731 - INFO - Updated 587 races with results
2025-12-19 08:42:05,184 - INFO - Updated 4387 entries with results
2025-12-19 08:42:05,506 - INFO - Inserted 3326 wagering records
2025-12-19 08:42:05,698 - INFO - Inserted 1942 fraction records
2025-12-19 08:42:09,556 - INFO - Inserted 39234 position call records
2025-12-19 08:42:09,632 - INFO - Processed 1600 files. Race updates: 13223, Entry updates: 97368
2025-12-19 08:42:17,518 - INFO - Performing batch database update...
2025-12-19 08:42:17,622 - INFO - Updated 611 races with results
2025-12-19 08:42:18,134 - WARNING - Could not find registration number for horse: Max S
2025-12-19 08:42:18,295 - INFO - Updated 5197 entries with results
2025-12-19 08:42:18,621 - INFO - Inserted 3633 wagering records
2025-12-19 08:42:18,814 - INFO - Inserted 2358 fraction records
2025-12-19 08:42:20,813 - INFO - Processed 1700 files. Race updates: 14074, Entry updates: 103745
2025-12-19 08:42:23,270 - INFO - Inserted 48846 position call records
2025-12-19 08:42:29,591 - INFO - Processed 1800 files. Race updates: 14902, Entry updates: 109267
2025-12-19 08:42:29,712 - WARNING - Could not find registration number for horse: 00500
2025-12-19 08:42:29,713 - WARNING - Could not find registration number for horse: Little Dolls Party
2025-12-19 08:42:30,517 - INFO - Performing batch database update...
2025-12-19 08:42:30,669 - INFO - Updated 675 races with results
2025-12-19 08:42:31,069 - INFO - Updated 4546 entries with results
2025-12-19 08:42:31,358 - INFO - Inserted 3024 wagering records
2025-12-19 08:42:31,492 - INFO - Inserted 1493 fraction records
2025-12-19 08:42:35,434 - WARNING - Could not find registration number for horse: Little Dolls Party
2025-12-19 08:42:35,670 - INFO - Inserted 43734 position call records
2025-12-19 08:42:38,875 - INFO - Processed 1900 files. Race updates: 15759, Entry updates: 115022
2025-12-19 08:42:41,497 - INFO - Performing batch database update...
2025-12-19 08:42:41,609 - INFO - Updated 615 races with results
2025-12-19 08:42:42,105 - INFO - Updated 4035 entries with results
2025-12-19 08:42:42,466 - INFO - Inserted 3714 wagering records
2025-12-19 08:42:42,694 - INFO - Inserted 2126 fraction records
2025-12-19 08:42:46,429 - INFO - Inserted 38634 position call records
2025-12-19 08:42:49,978 - INFO - Processed 2000 files. Race updates: 16649, Entry updates: 121440
2025-12-19 08:42:55,454 - INFO - Performing batch database update...
2025-12-19 08:42:55,575 - INFO - Updated 736 races with results
2025-12-19 08:42:56,184 - INFO - Updated 6363 entries with results
2025-12-19 08:42:56,675 - INFO - Inserted 5279 wagering records
2025-12-19 08:42:57,105 - INFO - Inserted 2982 fraction records
2025-12-19 08:43:02,178 - INFO - Processed 2100 files. Race updates: 17598, Entry updates: 128785
2025-12-19 08:43:02,483 - INFO - Inserted 57492 position call records
2025-12-19 08:43:09,361 - INFO - Performing batch database update...
2025-12-19 08:43:09,457 - INFO - Updated 594 races with results
2025-12-19 08:43:09,957 - INFO - Updated 4951 entries with results
2025-12-19 08:43:10,282 - INFO - Inserted 3339 wagering records
2025-12-19 08:43:10,408 - INFO - Inserted 1399 fraction records
2025-12-19 08:43:11,835 - INFO - Processed 2200 files. Race updates: 18488, Entry updates: 135199
2025-12-19 08:43:14,354 - INFO - Inserted 42744 position call records
2025-12-19 08:43:20,837 - INFO - Performing batch database update...
2025-12-19 08:43:20,944 - INFO - Updated 638 races with results
2025-12-19 08:43:21,570 - INFO - Updated 4679 entries with results
2025-12-19 08:43:21,636 - INFO - Processed 2300 files. Race updates: 19316, Entry updates: 141105
2025-12-19 08:43:21,925 - INFO - Inserted 3936 wagering records
2025-12-19 08:43:22,061 - INFO - Inserted 1551 fraction records
2025-12-19 08:43:25,770 - INFO - Inserted 40482 position call records
2025-12-19 08:43:30,338 - INFO - Performing batch database update...
2025-12-19 08:43:30,435 - INFO - Updated 524 races with results
2025-12-19 08:43:30,743 - INFO - Updated 3223 entries with results
2025-12-19 08:43:30,993 - INFO - Inserted 2856 wagering records
2025-12-19 08:43:31,130 - INFO - Inserted 1535 fraction records
2025-12-19 08:43:33,056 - INFO - Processed 2400 files. Race updates: 20166, Entry updates: 147299
2025-12-19 08:43:33,985 - INFO - Inserted 29022 position call records
2025-12-19 08:43:41,499 - INFO - Performing batch database update...
2025-12-19 08:43:41,603 - INFO - Updated 575 races with results
2025-12-19 08:43:42,102 - INFO - Updated 4886 entries with results
2025-12-19 08:43:42,620 - INFO - Inserted 3464 wagering records
2025-12-19 08:43:42,785 - INFO - Inserted 1840 fraction records
2025-12-19 08:43:45,836 - INFO - Processed 2500 files. Race updates: 21157, Entry updates: 155372
2025-12-19 08:43:47,263 - INFO - Inserted 46836 position call records
2025-12-19 08:43:53,507 - INFO - Performing batch database update...
2025-12-19 08:43:53,594 - INFO - Updated 544 races with results
2025-12-19 08:43:53,999 - INFO - Updated 4711 entries with results
2025-12-19 08:43:54,252 - INFO - Inserted 2608 wagering records
2025-12-19 08:43:54,305 - INFO - Inserted 598 fraction records
2025-12-19 08:43:57,116 - INFO - Processed 2600 files. Race updates: 22119, Entry updates: 162757
2025-12-19 08:43:58,133 - INFO - Inserted 39180 position call records
2025-12-19 08:44:06,630 - INFO - Processed 2700 files. Race updates: 22947, Entry updates: 168432
2025-12-19 08:44:08,234 - INFO - Performing batch database update...
2025-12-19 08:44:08,346 - INFO - Updated 808 races with results
2025-12-19 08:44:08,933 - INFO - Updated 6577 entries with results
2025-12-19 08:44:09,317 - INFO - Inserted 4078 wagering records
2025-12-19 08:44:09,465 - INFO - Inserted 1454 fraction records
2025-12-19 08:44:15,426 - INFO - Inserted 62178 position call records
2025-12-19 08:44:15,699 - INFO - Processed 2800 files. Race updates: 23702, Entry updates: 173863
2025-12-19 08:44:21,318 - INFO - Performing batch database update...
2025-12-19 08:44:21,411 - INFO - Updated 555 races with results
2025-12-19 08:44:21,750 - INFO - Updated 3841 entries with results
2025-12-19 08:44:22,088 - INFO - Inserted 3329 wagering records
2025-12-19 08:44:22,266 - INFO - Inserted 2069 fraction records
2025-12-19 08:44:25,837 - INFO - Inserted 37068 position call records
2025-12-19 08:44:27,216 - INFO - Processed 2900 files. Race updates: 24597, Entry updates: 180473
2025-12-19 08:44:31,812 - INFO - Performing batch database update...
2025-12-19 08:44:31,912 - INFO - Updated 537 races with results
2025-12-19 08:44:32,286 - INFO - Updated 4329 entries with results
2025-12-19 08:44:32,538 - INFO - Inserted 2655 wagering records
2025-12-19 08:44:32,646 - INFO - Inserted 1277 fraction records
2025-12-19 08:44:36,334 - INFO - Inserted 37656 position call records
2025-12-19 08:44:36,418 - WARNING - Could not find registration number for horse: 00500
2025-12-19 08:44:36,434 - WARNING - Could not find registration number for horse: 00500
2025-12-19 08:44:38,674 - INFO - Processed 3000 files. Race updates: 25508, Entry updates: 187907
2025-12-19 08:44:40,463 - WARNING - Could not find registration number for horse: 00500
2025-12-19 08:44:44,838 - INFO - Performing batch database update...
2025-12-19 08:44:44,944 - INFO - Updated 742 races with results
2025-12-19 08:44:45,546 - INFO - Updated 6542 entries with results
2025-12-19 08:44:45,865 - INFO - Inserted 3291 wagering records
2025-12-19 08:44:46,067 - INFO - Inserted 2202 fraction records
2025-12-19 08:44:47,967 - INFO - Processed 3100 files. Race updates: 26344, Entry updates: 194022
2025-12-19 08:44:51,359 - INFO - Inserted 53664 position call records
2025-12-19 08:44:58,852 - INFO - Processed 3200 files. Race updates: 27200, Entry updates: 200334
2025-12-19 08:44:59,473 - INFO - Performing batch database update...
2025-12-19 08:44:59,590 - INFO - Updated 596 races with results
2025-12-19 08:45:00,066 - INFO - Updated 5159 entries with results
2025-12-19 08:45:00,369 - INFO - Inserted 3314 wagering records
2025-12-19 08:45:00,548 - INFO - Inserted 2089 fraction records
2025-12-19 08:45:05,603 - INFO - Inserted 51240 position call records
2025-12-19 08:45:09,489 - INFO - Processed 3300 files. Race updates: 28041, Entry updates: 206691
2025-12-19 08:45:12,363 - INFO - Performing batch database update...
2025-12-19 08:45:12,492 - INFO - Updated 568 races with results
2025-12-19 08:45:12,924 - INFO - Updated 4173 entries with results
2025-12-19 08:45:13,244 - INFO - Inserted 3053 wagering records
2025-12-19 08:45:13,443 - INFO - Inserted 2031 fraction records
2025-12-19 08:45:18,413 - INFO - Inserted 47262 position call records
2025-12-19 08:45:20,085 - INFO - Processed 3400 files. Race updates: 28913, Entry updates: 213961
2025-12-19 08:45:24,711 - INFO - Performing batch database update...
2025-12-19 08:45:24,815 - INFO - Updated 610 races with results
2025-12-19 08:45:25,221 - INFO - Updated 4560 entries with results
2025-12-19 08:45:25,584 - INFO - Inserted 3416 wagering records
2025-12-19 08:45:25,832 - INFO - Inserted 2437 fraction records
2025-12-19 08:45:27,950 - INFO - Processed 3500 files. Race updates: 29643, Entry updates: 218972
2025-12-19 08:45:29,807 - INFO - Inserted 41544 position call records
2025-12-19 08:45:35,496 - INFO - Performing batch database update...
2025-12-19 08:45:35,580 - INFO - Updated 562 races with results
2025-12-19 08:45:35,969 - INFO - Updated 3930 entries with results
2025-12-19 08:45:36,267 - INFO - Inserted 3209 wagering records
2025-12-19 08:45:36,439 - INFO - Inserted 1834 fraction records
2025-12-19 08:45:37,168 - INFO - Processed 3600 files. Race updates: 30438, Entry updates: 224267
2025-12-19 08:45:40,017 - INFO - Inserted 36336 position call records
2025-12-19 08:45:46,816 - INFO - Processed 3700 files. Race updates: 31372, Entry updates: 230507
2025-12-19 08:45:46,816 - INFO - Performing batch database update...
2025-12-19 08:45:46,929 - INFO - Updated 682 races with results
2025-12-19 08:45:47,377 - INFO - Updated 4718 entries with results
2025-12-19 08:45:47,730 - INFO - Inserted 3885 wagering records
2025-12-19 08:45:47,907 - INFO - Inserted 1993 fraction records
2025-12-19 08:45:51,796 - INFO - Inserted 41916 position call records
2025-12-19 08:45:58,177 - INFO - Performing batch database update...
2025-12-19 08:45:58,283 - INFO - Updated 537 races with results
2025-12-19 08:45:58,736 - INFO - Updated 4509 entries with results
2025-12-19 08:45:59,076 - INFO - Inserted 3317 wagering records
2025-12-19 08:45:59,342 - INFO - Inserted 2340 fraction records
2025-12-19 08:45:59,497 - INFO - Processed 3800 files. Race updates: 32387, Entry updates: 237908
2025-12-19 08:46:03,457 - INFO - Inserted 41256 position call records
2025-12-19 08:46:11,077 - INFO - Performing batch database update...
2025-12-19 08:46:11,205 - INFO - Updated 679 races with results
2025-12-19 08:46:11,788 - INFO - Processed 3900 files. Race updates: 33362, Entry updates: 245472
2025-12-19 08:46:11,819 - INFO - Updated 5788 entries with results
2025-12-19 08:46:12,173 - INFO - Inserted 3802 wagering records
2025-12-19 08:46:12,180 - INFO - Inserted 32 fraction records
2025-12-19 08:46:14,288 - WARNING - Could not find registration number for horse: 00500
2025-12-19 08:46:14,290 - WARNING - Could not find registration number for horse: Little Dolls Party
2025-12-19 08:46:14,294 - WARNING - Could not find registration number for horse: Little Dolls Party
2025-12-19 08:46:16,434 - INFO - Inserted 46716 position call records
2025-12-19 08:46:16,531 - WARNING - Could not find registration number for horse: Little Dolls Party
2025-12-19 08:46:19,905 - WARNING - Could not find registration number for horse: 00500
2025-12-19 08:46:23,459 - INFO - Performing batch database update...
2025-12-19 08:46:23,571 - INFO - Updated 561 races with results
2025-12-19 08:46:24,109 - INFO - Updated 5548 entries with results
2025-12-19 08:46:24,342 - INFO - Inserted 2534 wagering records
2025-12-19 08:46:24,501 - INFO - Inserted 1674 fraction records
2025-12-19 08:46:26,048 - INFO - Processed 4000 files. Race updates: 34364, Entry updates: 253810
2025-12-19 08:46:28,764 - INFO - Inserted 43776 position call records
2025-12-19 08:46:38,066 - INFO - Performing batch database update...
2025-12-19 08:46:38,182 - INFO - Updated 704 races with results
2025-12-19 08:46:38,737 - INFO - Updated 6242 entries with results
2025-12-19 08:46:39,101 - INFO - Inserted 4168 wagering records
2025-12-19 08:46:39,305 - INFO - Inserted 2432 fraction records
2025-12-19 08:46:39,739 - INFO - Processed 4100 files. Race updates: 35377, Entry updates: 261983
2025-12-19 08:46:44,811 - INFO - Inserted 57600 position call records
2025-12-19 08:46:50,310 - INFO - Processed 4200 files. Race updates: 36314, Entry updates: 268750
2025-12-19 08:46:51,422 - INFO - Performing batch database update...
2025-12-19 08:46:51,515 - INFO - Updated 525 races with results
2025-12-19 08:46:51,953 - INFO - Updated 4304 entries with results
2025-12-19 08:46:52,167 - INFO - Inserted 2525 wagering records
2025-12-19 08:46:52,263 - INFO - Inserted 1055 fraction records
2025-12-19 08:46:55,693 - INFO - Inserted 37134 position call records
2025-12-19 08:47:03,216 - INFO - Performing batch database update...
2025-12-19 08:47:03,321 - INFO - Updated 526 races with results
2025-12-19 08:47:03,759 - INFO - Updated 4799 entries with results
2025-12-19 08:47:04,011 - INFO - Processed 4300 files. Race updates: 37251, Entry updates: 276507
2025-12-19 08:47:04,362 - INFO - Inserted 3412 wagering records
2025-12-19 08:47:04,492 - INFO - Inserted 1612 fraction records
2025-12-19 08:47:08,675 - INFO - Inserted 45594 position call records
2025-12-19 08:47:15,266 - INFO - Processed 4400 files. Race updates: 38146, Entry updates: 283518
2025-12-19 08:47:16,434 - INFO - Performing batch database update...
2025-12-19 08:47:16,531 - INFO - Updated 658 races with results
2025-12-19 08:47:17,127 - INFO - Updated 5823 entries with results
2025-12-19 08:47:17,511 - INFO - Inserted 3864 wagering records
2025-12-19 08:47:17,927 - INFO - Inserted 2599 fraction records
2025-12-19 08:47:23,467 - INFO - Processed 4500 files. Race updates: 38963, Entry updates: 288952
2025-12-19 08:47:23,750 - INFO - Inserted 54534 position call records
2025-12-19 08:47:31,790 - INFO - Performing batch database update...
2025-12-19 08:47:31,887 - INFO - Updated 516 races with results
2025-12-19 08:47:32,478 - INFO - Updated 5355 entries with results
2025-12-19 08:47:32,822 - INFO - Inserted 3723 wagering records
2025-12-19 08:47:33,028 - INFO - Inserted 2062 fraction records
2025-12-19 08:47:35,871 - INFO - Processed 4600 files. Race updates: 39804, Entry updates: 296367
2025-12-19 08:47:38,035 - INFO - Inserted 52002 position call records
2025-12-19 08:47:43,629 - INFO - Performing batch database update...
2025-12-19 08:47:43,714 - INFO - Updated 537 races with results
2025-12-19 08:47:44,018 - INFO - Updated 3382 entries with results
2025-12-19 08:47:44,319 - INFO - Inserted 3836 wagering records
2025-12-19 08:47:44,461 - INFO - Inserted 1647 fraction records
2025-12-19 08:47:45,794 - INFO - Processed 4700 files. Race updates: 40621, Entry updates: 302316
2025-12-19 08:47:47,428 - WARNING - Could not find registration number for horse: Cozy Curlin Kitten
2025-12-19 08:47:47,444 - WARNING - Could not find registration number for horse: Cozy Curlin Kitten
2025-12-19 08:47:47,602 - INFO - Inserted 34410 position call records
2025-12-19 08:47:51,519 - WARNING - Could not find registration number for horse: Cozy Curlin Kitten
2025-12-19 08:47:54,668 - INFO - Performing batch database update...
2025-12-19 08:47:54,752 - INFO - Updated 535 races with results
2025-12-19 08:47:55,118 - INFO - Updated 4530 entries with results
2025-12-19 08:47:55,435 - INFO - Inserted 4030 wagering records
2025-12-19 08:47:55,568 - INFO - Inserted 1772 fraction records
2025-12-19 08:47:58,207 - INFO - Processed 4800 files. Race updates: 41559, Entry updates: 309928
2025-12-19 08:47:58,884 - INFO - Inserted 40518 position call records
2025-12-19 08:47:58,983 - WARNING - Could not find registration number for horse: Little Dolls Party
2025-12-19 08:48:06,818 - INFO - Performing batch database update...
2025-12-19 08:48:06,911 - INFO - Updated 577 races with results
2025-12-19 08:48:07,317 - INFO - Updated 5022 entries with results
2025-12-19 08:48:07,513 - INFO - Inserted 2398 wagering records
2025-12-19 08:48:07,542 - INFO - Inserted 424 fraction records
2025-12-19 08:48:08,184 - WARNING - Could not find registration number for horse: Little Dolls Party
2025-12-19 08:48:09,454 - INFO - Processed 4900 files. Race updates: 42558, Entry updates: 318106
2025-12-19 08:48:10,101 - INFO - Inserted 40362 position call records
2025-12-19 08:48:10,135 - INFO - ============================================================
2025-12-19 08:48:10,135 - INFO - RESULT CHART EXTRACTION COMPLETE
2025-12-19 08:48:10,135 - INFO - ============================================================
2025-12-19 08:48:10,135 - INFO - Files processed: 4906
2025-12-19 08:48:10,135 - INFO - Races updated: 42618
2025-12-19 08:48:10,135 - INFO - Entries updated: 318668
2025-12-19 08:48:10,135 - INFO - Wagering records: 0
2025-12-19 08:48:10,135 - INFO - Fraction records: 0
2025-12-19 08:48:10,135 - INFO - Errors: 0
2025-12-19 08:48:10,135 - INFO - Duration: 516.00 seconds
2025-12-19 08:48:10,150 - INFO - Files per second: 9.51
2025-12-19 08:48:10,150 - INFO - ============================================================
2025-12-19 08:53:59,276 - INFO - Starting Result Chart extraction from 2023 Result Charts
2025-12-19 08:53:59,276 - INFO - Using 45 workers with result updates
2025-12-19 08:53:59,291 - INFO - Found 4906 Result Chart XML files to process
2025-12-19 08:54:02,357 - INFO - Performing batch database update...
2025-12-19 08:54:02,523 - INFO - Updated 1244 races with results (attempted 518)
2025-12-19 08:54:03,274 - INFO - Updated 652 entries with results (attempted 1180)
2025-12-19 08:54:10,956 - INFO - Processed 100 files. Race updates: 842, Entry updates: 6253
2025-12-19 08:54:13,390 - INFO - Performing batch database update...
2025-12-19 08:54:13,640 - INFO - Updated 1768 races with results (attempted 824)
2025-12-19 08:54:13,823 - WARNING - Could not find registration number for horse: Max S
2025-12-19 08:54:14,374 - WARNING - Could not find registration number for horse: Max S
2025-12-19 08:54:14,664 - INFO - Updated 6496 entries with results (attempted 6897)
2025-12-19 08:54:20,856 - INFO - Processed 200 files. Race updates: 1681, Entry updates: 12272
2025-12-19 08:54:21,373 - INFO - Performing batch database update...
2025-12-19 08:54:21,556 - INFO - Updated 1316 races with results (attempted 580)
2025-12-19 08:54:21,690 - WARNING - Could not find registration number for horse: 00500
2025-12-19 08:54:22,906 - INFO - Updated 4242 entries with results (attempted 5043)
2025-12-19 08:54:28,939 - INFO - Performing batch database update...
2025-12-19 08:54:29,089 - INFO - Updated 1338 races with results (attempted 540)
2025-12-19 08:54:29,973 - INFO - Updated 2645 entries with results (attempted 4433)
2025-12-19 08:54:30,573 - INFO - Processed 300 files. Race updates: 2518, Entry updates: 18367
2025-12-19 08:54:35,858 - INFO - Performing batch database update...
2025-12-19 08:54:36,040 - INFO - Updated 1517 races with results (attempted 628)
2025-12-19 08:54:36,772 - INFO - Updated 2689 entries with results (attempted 4702)
2025-12-19 08:54:38,939 - INFO - Processed 400 files. Race updates: 3343, Entry updates: 23690
2025-12-19 08:54:43,539 - INFO - Performing batch database update...
2025-12-19 08:54:43,772 - INFO - Updated 1663 races with results (attempted 671)
2025-12-19 08:54:44,439 - INFO - Updated 1036 entries with results (attempted 4092)
2025-12-19 08:54:50,022 - INFO - Processed 500 files. Race updates: 4200, Entry updates: 29739
2025-12-19 08:54:53,155 - INFO - Performing batch database update...
2025-12-19 08:54:53,372 - INFO - Updated 1588 races with results (attempted 739)
2025-12-19 08:54:54,492 - INFO - Updated 2264 entries with results (attempted 7126)
2025-12-19 08:54:57,622 - INFO - Processed 600 files. Race updates: 5008, Entry updates: 35955
2025-12-19 08:54:59,705 - WARNING - Could not find registration number for horse: Mi Nieto
2025-12-19 08:54:59,988 - INFO - Performing batch database update...
2025-12-19 08:55:00,188 - INFO - Updated 1650 races with results (attempted 574)
2025-12-19 08:55:00,622 - WARNING - Could not find registration number for horse: Desconfianza
2025-12-19 08:55:00,638 - WARNING - Could not find registration number for horse: Tapon Jenny C
2025-12-19 08:55:00,656 - WARNING - Could not find registration number for horse: Tapon Jenny C
2025-12-19 08:55:00,805 - INFO - Updated 4455 entries with results (attempted 4538)
2025-12-19 08:55:05,571 - INFO - Processed 700 files. Race updates: 5724, Entry updates: 41070
2025-12-19 08:55:05,938 - WARNING - Could not find registration number for horse: Desconfianza
2025-12-19 08:55:06,176 - WARNING - Could not find registration number for horse: Desconfianza
2025-12-19 08:55:06,188 - WARNING - Could not find registration number for horse: Desconfianza
2025-12-19 08:55:06,188 - WARNING - Could not find registration number for horse: Desconfianza
2025-12-19 08:55:06,204 - WARNING - Could not find registration number for horse: Desconfianza
2025-12-19 08:55:06,205 - WARNING - Could not find registration number for horse: Desconfianza
2025-12-19 08:55:07,756 - INFO - Performing batch database update...
2025-12-19 08:55:07,922 - INFO - Updated 1864 races with results (attempted 693)
2025-12-19 08:55:08,305 - WARNING - Could not find registration number for horse: Desconfianza
2025-12-19 08:55:08,505 - INFO - Updated 4689 entries with results (attempted 4689)
2025-12-19 08:55:14,871 - INFO - Processed 800 files. Race updates: 6518, Entry updates: 46976
2025-12-19 08:55:15,622 - INFO - Performing batch database update...
2025-12-19 08:55:15,788 - INFO - Updated 1157 races with results (attempted 622)
2025-12-19 08:55:16,488 - INFO - Updated 1678 entries with results (attempted 5208)
2025-12-19 08:55:21,938 - INFO - Performing batch database update...
2025-12-19 08:55:22,104 - INFO - Updated 1366 races with results (attempted 502)
2025-12-19 08:55:22,772 - INFO - Updated 387 entries with results (attempted 4335)
2025-12-19 08:55:25,405 - INFO - Processed 900 files. Race updates: 7363, Entry updates: 53576
2025-12-19 08:55:28,690 - INFO - Performing batch database update...
2025-12-19 08:55:28,855 - INFO - Updated 1432 races with results (attempted 522)
2025-12-19 08:55:30,771 - INFO - Updated 693 entries with results (attempted 4636)
2025-12-19 08:55:34,188 - INFO - Processed 1000 files. Race updates: 8194, Entry updates: 59547
2025-12-19 08:55:37,143 - INFO - Performing batch database update...
2025-12-19 08:55:37,303 - INFO - Updated 1068 races with results (attempted 523)
2025-12-19 08:55:37,920 - INFO - Updated 2290 entries with results (attempted 4382)
2025-12-19 08:55:47,671 - INFO - Performing batch database update...
2025-12-19 08:55:47,854 - INFO - Processed 1100 files. Race updates: 9088, Entry updates: 67007
2025-12-19 08:55:47,870 - INFO - Updated 1462 races with results (attempted 649)
2025-12-19 08:55:49,171 - WARNING - Could not find registration number for horse: Captain Khozan
2025-12-19 08:55:49,254 - INFO - Updated 495 entries with results (attempted 6203)
2025-12-19 08:55:54,956 - INFO - Performing batch database update...
2025-12-19 08:55:55,140 - INFO - Updated 1362 races with results (attempted 545)
2025-12-19 08:55:56,220 - WARNING - Could not find registration number for horse: Captain Khozan
2025-12-19 08:55:56,272 - INFO - Updated 471 entries with results (attempted 4475)
2025-12-19 08:55:58,187 - INFO - Processed 1200 files. Race updates: 9913, Entry updates: 73120
2025-12-19 08:56:08,891 - INFO - Performing batch database update...
2025-12-19 08:56:09,153 - INFO - Updated 2672 races with results (attempted 999)
2025-12-19 08:56:10,288 - INFO - Processed 1300 files. Race updates: 10797, Entry updates: 79933
2025-12-19 08:56:10,487 - WARNING - Could not find registration number for horse: I Feelucky Tonite
2025-12-19 08:56:10,588 - INFO - Updated 389 entries with results (attempted 8048)
2025-12-19 08:56:20,605 - INFO - Performing batch database update...
2025-12-19 08:56:20,832 - INFO - Updated 1826 races with results (attempted 728)
2025-12-19 08:56:22,103 - INFO - Updated 365 entries with results (attempted 5740)
2025-12-19 08:56:22,436 - INFO - Processed 1400 files. Race updates: 11669, Entry updates: 86206
2025-12-19 08:56:30,086 - INFO - Performing batch database update...
2025-12-19 08:56:30,286 - INFO - Updated 1429 races with results (attempted 604)
2025-12-19 08:56:31,903 - INFO - Processed 1500 files. Race updates: 12450, Entry updates: 92331
2025-12-19 08:56:34,436 - INFO - Updated 140 entries with results (attempted 7565)
2025-12-19 08:56:41,417 - INFO - Processed 1600 files. Race updates: 13215, Entry updates: 97306
2025-12-19 08:56:42,036 - INFO - Performing batch database update...
2025-12-19 08:56:42,258 - INFO - Updated 1301 races with results (attempted 710)
2025-12-19 08:56:43,271 - INFO - Updated 1003 entries with results (attempted 4539)
2025-12-19 08:56:52,235 - WARNING - Could not find registration number for horse: Max S
2025-12-19 08:56:53,052 - INFO - Processed 1700 files. Race updates: 14065, Entry updates: 103582
2025-12-19 08:56:53,535 - INFO - Performing batch database update...
2025-12-19 08:56:53,735 - INFO - Updated 1513 races with results (attempted 780)
2025-12-19 08:56:54,502 - INFO - Updated 1226 entries with results (attempted 6276)
2025-12-19 08:57:00,451 - INFO - Performing batch database update...
2025-12-19 08:57:00,635 - INFO - Updated 1098 races with results (attempted 531)
2025-12-19 08:57:01,968 - WARNING - Could not find registration number for horse: 00500
2025-12-19 08:57:02,019 - WARNING - Could not find registration number for horse: Little Dolls Party
2025-12-19 08:57:02,024 - WARNING - Could not find registration number for horse: Little Dolls Party
2025-12-19 08:57:02,068 - INFO - Updated 833 entries with results (attempted 4375)
2025-12-19 08:57:03,335 - INFO - Processed 1800 files. Race updates: 14916, Entry updates: 109379
2025-12-19 08:57:08,185 - INFO - Performing batch database update...
2025-12-19 08:57:08,352 - INFO - Updated 1150 races with results (attempted 573)
2025-12-19 08:57:10,484 - INFO - Updated 226 entries with results (attempted 5106)
2025-12-19 08:57:12,805 - INFO - Processed 1900 files. Race updates: 15757, Entry updates: 114990
2025-12-19 08:57:16,690 - INFO - Performing batch database update...
2025-12-19 08:57:16,884 - INFO - Updated 1357 races with results (attempted 577)
2025-12-19 08:57:19,851 - INFO - Updated 151 entries with results (attempted 4658)
2025-12-19 08:57:25,527 - INFO - Processed 2000 files. Race updates: 16640, Entry updates: 121334
2025-12-19 08:57:29,763 - INFO - Performing batch database update...
2025-12-19 08:57:30,043 - INFO - Updated 1337 races with results (attempted 767)
2025-12-19 08:57:32,560 - INFO - Updated 410 entries with results (attempted 7260)
2025-12-19 08:57:37,584 - INFO - Processed 2100 files. Race updates: 17592, Entry updates: 128681
2025-12-19 08:57:42,167 - INFO - Performing batch database update...
2025-12-19 08:57:42,426 - INFO - Updated 2038 races with results (attempted 787)
2025-12-19 08:57:43,800 - INFO - Updated 271 entries with results (attempted 7155)
2025-12-19 08:57:47,899 - INFO - Processed 2200 files. Race updates: 18483, Entry updates: 135119
2025-12-19 08:57:50,417 - INFO - Performing batch database update...
2025-12-19 08:57:50,635 - INFO - Updated 1353 races with results (attempted 598)
2025-12-19 08:57:52,685 - INFO - Updated 316 entries with results (attempted 5040)
2025-12-19 08:57:59,116 - INFO - Processed 2300 files. Race updates: 19321, Entry updates: 141104
2025-12-19 08:57:59,817 - INFO - Performing batch database update...
2025-12-19 08:57:59,975 - INFO - Updated 1137 races with results (attempted 545)
2025-12-19 08:58:03,566 - INFO - Updated 26 entries with results (attempted 6749)
2025-12-19 08:58:08,372 - INFO - Processed 2400 files. Race updates: 20169, Entry updates: 147343
2025-12-19 08:58:10,966 - INFO - Performing batch database update...
2025-12-19 08:58:11,133 - INFO - Updated 1316 races with results (attempted 664)
2025-12-19 08:58:12,403 - INFO - Updated 442 entries with results (attempted 5315)
2025-12-19 08:58:19,316 - INFO - Performing batch database update...
2025-12-19 08:58:19,466 - INFO - Updated 1041 races with results (attempted 556)
2025-12-19 08:58:20,473 - INFO - Processed 2500 files. Race updates: 21165, Entry updates: 155408
2025-12-19 08:58:22,341 - INFO - Updated 279 entries with results (attempted 6436)
2025-12-19 08:58:29,682 - INFO - Performing batch database update...
2025-12-19 08:58:29,882 - INFO - Updated 1734 races with results (attempted 687)
2025-12-19 08:58:32,384 - INFO - Processed 2600 files. Race updates: 22122, Entry updates: 162787
2025-12-19 08:58:34,116 - INFO - Updated 65 entries with results (attempted 7603)
2025-12-19 08:58:41,564 - INFO - Processed 2700 files. Race updates: 22948, Entry updates: 168423
2025-12-19 08:58:43,974 - INFO - Performing batch database update...
2025-12-19 08:58:44,191 - INFO - Updated 1784 races with results (attempted 782)
2025-12-19 08:58:47,114 - INFO - Updated 174 entries with results (attempted 7996)
2025-12-19 08:58:51,040 - INFO - Processed 2800 files. Race updates: 23708, Entry updates: 173923
2025-12-19 08:58:53,051 - INFO - Performing batch database update...
2025-12-19 08:58:53,231 - INFO - Updated 1031 races with results (attempted 511)
2025-12-19 08:58:56,704 - INFO - Updated 38 entries with results (attempted 5080)
2025-12-19 08:59:03,603 - INFO - Processed 2900 files. Race updates: 24599, Entry updates: 180504
2025-12-19 08:59:07,798 - INFO - Performing batch database update...
2025-12-19 08:59:08,031 - INFO - Updated 1860 races with results (attempted 749)
2025-12-19 08:59:14,631 - INFO - Updated 14 entries with results (attempted 9130)
2025-12-19 08:59:14,681 - WARNING - Could not find registration number for horse: 00500
2025-12-19 08:59:14,697 - WARNING - Could not find registration number for horse: 00500
2025-12-19 08:59:17,414 - INFO - Processed 3000 files. Race updates: 25492, Entry updates: 187734
2025-12-19 08:59:18,705 - WARNING - Could not find registration number for horse: 00500
2025-12-19 08:59:23,765 - INFO - Performing batch database update...
2025-12-19 08:59:23,980 - INFO - Updated 1580 races with results (attempted 730)
2025-12-19 08:59:26,781 - INFO - Processed 3100 files. Race updates: 26344, Entry updates: 194041
2025-12-19 08:59:30,466 - INFO - Updated 35 entries with results (attempted 9856)
2025-12-19 08:59:37,979 - INFO - Performing batch database update...
2025-12-19 08:59:38,134 - INFO - Updated 942 races with results (attempted 516)
2025-12-19 08:59:38,606 - INFO - Processed 3200 files. Race updates: 27210, Entry updates: 200417
2025-12-19 08:59:42,680 - INFO - Updated 105 entries with results (attempted 6991)
2025-12-19 08:59:50,396 - INFO - Processed 3300 files. Race updates: 28039, Entry updates: 206694
2025-12-19 08:59:50,396 - INFO - Performing batch database update...
2025-12-19 08:59:50,622 - INFO - Updated 960 races with results (attempted 559)
2025-12-19 08:59:54,580 - INFO - Updated 177 entries with results (attempted 5730)
2025-12-19 09:00:02,596 - INFO - Processed 3400 files. Race updates: 28904, Entry updates: 213842
2025-12-19 09:00:03,446 - INFO - Performing batch database update...
2025-12-19 09:00:03,663 - INFO - Updated 1350 races with results (attempted 665)
2025-12-19 09:00:10,346 - INFO - Updated 0 entries with results (attempted 9685)
2025-12-19 09:00:11,415 - INFO - Processed 3500 files. Race updates: 29647, Entry updates: 219005
2025-12-19 09:00:16,583 - INFO - Performing batch database update...
2025-12-19 09:00:16,779 - INFO - Updated 1245 races with results (attempted 589)
2025-12-19 09:00:20,691 - INFO - Updated 44 entries with results (attempted 5672)
2025-12-19 09:00:21,379 - INFO - Processed 3600 files. Race updates: 30437, Entry updates: 224255
2025-12-19 09:00:28,529 - INFO - Performing batch database update...
2025-12-19 09:00:28,779 - INFO - Updated 1797 races with results (attempted 801)
2025-12-19 09:00:30,329 - INFO - Processed 3700 files. Race updates: 31367, Entry updates: 230458
2025-12-19 09:00:33,862 - INFO - Updated 28 entries with results (attempted 7646)
2025-12-19 09:00:40,012 - INFO - Performing batch database update...
2025-12-19 09:00:40,195 - INFO - Updated 953 races with results (attempted 553)
2025-12-19 09:00:42,245 - INFO - Updated 288 entries with results (attempted 5621)
2025-12-19 09:00:43,111 - INFO - Processed 3800 files. Race updates: 32392, Entry updates: 237964
2025-12-19 09:00:48,995 - INFO - Performing batch database update...
2025-12-19 09:00:49,161 - INFO - Updated 884 races with results (attempted 516)
2025-12-19 09:00:53,162 - INFO - Updated 81 entries with results (attempted 6893)
2025-12-19 09:00:55,894 - INFO - Processed 3900 files. Race updates: 33361, Entry updates: 245468
2025-12-19 09:00:56,612 - WARNING - Could not find registration number for horse: Little Dolls Party
2025-12-19 09:00:57,428 - WARNING - Could not find registration number for horse: 00500
2025-12-19 09:01:01,561 - INFO - Performing batch database update...
2025-12-19 09:01:01,861 - WARNING - Could not find registration number for horse: Little Dolls Party
2025-12-19 09:01:01,877 - WARNING - Could not find registration number for horse: Little Dolls Party
2025-12-19 09:01:01,878 - WARNING - Could not find registration number for horse: 00500
2025-12-19 09:01:01,944 - INFO - Updated 1314 races with results (attempted 563)
2025-12-19 09:01:05,078 - INFO - Updated 141 entries with results (attempted 6473)
2025-12-19 09:01:08,546 - INFO - Processed 4000 files. Race updates: 34363, Entry updates: 253803
2025-12-19 09:01:10,894 - INFO - Performing batch database update...
2025-12-19 09:01:11,094 - INFO - Updated 1434 races with results (attempted 585)
2025-12-19 09:01:15,195 - INFO - Updated 45 entries with results (attempted 6453)
2025-12-19 09:01:21,530 - INFO - Processed 4100 files. Race updates: 35377, Entry updates: 261966
2025-12-19 09:01:22,094 - INFO - Performing batch database update...
2025-12-19 09:01:22,344 - INFO - Updated 1472 races with results (attempted 641)
2025-12-19 09:01:23,377 - INFO - Updated 150 entries with results (attempted 5626)
2025-12-19 09:01:32,027 - INFO - Performing batch database update...
2025-12-19 09:01:32,260 - INFO - Updated 1816 races with results (attempted 771)
2025-12-19 09:01:33,027 - INFO - Processed 4200 files. Race updates: 36310, Entry updates: 268670
2025-12-19 09:01:37,543 - INFO - Updated 12 entries with results (attempted 8773)
2025-12-19 09:01:44,843 - INFO - Processed 4300 files. Race updates: 37250, Entry updates: 276534
2025-12-19 09:01:45,068 - INFO - Performing batch database update...
2025-12-19 09:01:45,243 - INFO - Updated 1131 races with results (attempted 600)
2025-12-19 09:01:50,377 - INFO - Updated 76 entries with results (attempted 8405)
2025-12-19 09:01:55,343 - INFO - Processed 4400 files. Race updates: 38149, Entry updates: 283589
2025-12-19 09:01:57,226 - INFO - Performing batch database update...
2025-12-19 09:01:57,376 - INFO - Updated 1096 races with results (attempted 556)
2025-12-19 09:02:02,210 - INFO - Updated 0 entries with results (attempted 7904)
2025-12-19 09:02:03,575 - INFO - Processed 4500 files. Race updates: 38963, Entry updates: 288939
2025-12-19 09:02:10,310 - INFO - Performing batch database update...
2025-12-19 09:02:10,475 - INFO - Updated 1000 races with results (attempted 594)
2025-12-19 09:02:14,975 - INFO - Updated 141 entries with results (attempted 7656)
2025-12-19 09:02:15,875 - INFO - Processed 4600 files. Race updates: 39797, Entry updates: 296225
2025-12-19 09:02:20,125 - INFO - Performing batch database update...
2025-12-19 09:02:20,278 - INFO - Updated 1250 races with results (attempted 569)
2025-12-19 09:02:24,358 - INFO - Updated 20 entries with results (attempted 5933)
2025-12-19 09:02:25,708 - INFO - Processed 4700 files. Race updates: 40620, Entry updates: 302338
2025-12-19 09:02:29,357 - WARNING - Could not find registration number for horse: Cozy Curlin Kitten
2025-12-19 09:02:29,442 - WARNING - Could not find registration number for horse: Cozy Curlin Kitten
2025-12-19 09:02:30,208 - WARNING - Could not find registration number for horse: Cozy Curlin Kitten
2025-12-19 09:02:31,008 - INFO - Performing batch database update...
2025-12-19 09:02:31,175 - INFO - Updated 1465 races with results (attempted 532)
2025-12-19 09:02:31,925 - INFO - Updated 1817 entries with results (attempted 4269)
2025-12-19 09:02:37,546 - INFO - Processed 4800 files. Race updates: 41559, Entry updates: 309959
2025-12-19 09:02:38,225 - INFO - Performing batch database update...
2025-12-19 09:02:38,409 - INFO - Updated 915 races with results (attempted 559)
2025-12-19 09:02:38,693 - WARNING - Could not find registration number for horse: Little Dolls Party
2025-12-19 09:02:39,520 - INFO - Updated 2750 entries with results (attempted 5241)
2025-12-19 09:02:44,108 - WARNING - Could not find registration number for horse: Little Dolls Party
2025-12-19 09:02:49,024 - INFO - Processed 4900 files. Race updates: 42558, Entry updates: 318118
2025-12-19 09:02:49,042 - INFO - Final batch database update...
2025-12-19 09:02:49,060 - INFO - Updated 947 races with results (attempted 447)
2025-12-19 09:02:49,385 - INFO - Updated 276 entries with results (attempted 7544)
2025-12-19 09:02:49,410 - INFO - ============================================================
2025-12-19 09:02:49,410 - INFO - RESULT CHART EXTRACTION COMPLETE
2025-12-19 09:02:49,410 - INFO - ============================================================
2025-12-19 09:02:49,410 - INFO - Files processed: 4906
2025-12-19 09:02:49,410 - INFO - Races updated: 42618
2025-12-19 09:02:49,410 - INFO - Entries updated: 318668
2025-12-19 09:02:49,410 - INFO - Wagering records: 0
2025-12-19 09:02:49,410 - INFO - Fraction records: 0
2025-12-19 09:02:49,410 - INFO - Errors: 0
2025-12-19 09:02:49,410 - INFO - Duration: 530.13 seconds
2025-12-19 09:02:49,410 - INFO - Files per second: 9.25
2025-12-19 09:02:49,410 - INFO - ============================================================
